image_id,mission,instrument,body,filter,exposure_s,timestamp_utc,target_body_from_metadata,source_url,sha256,local_path,instrument_verified,state_verified
co-iss-n1373701555,cassini,issna,saturn,MT1,10,2001-07-13T07:32:10.375,Saturn,https://opus.pds-rings.seti.org/holdings/previews/COISS_1xxx/COISS_1007/data/1373522904_1373866521/N1373701555_1_full.png,ebf1ebb8d6da2685f271896d9ba00d01982121b1f7da737e529d042a2f782fa4,/Users/upadhyay/dev/ICES/object_detection_opencv_cpp/data/cassini/issna/saturn/images/co-iss-n1373701555.png,true,true
co-iss-n1373701676,cassini,issna,saturn,MT2,8.2,2001-07-13T07:34:13.190,Saturn,https://opus.pds-rings.seti.org/holdings/previews/COISS_1xxx/COISS_1007/data/1373522904_1373866521/N1373701676_1_full.png,2e4d5c9b87850af5502a2d667367e70948fcd241aca12c7e20d64d0760df2c63,/Users/upadhyay/dev/ICES/object_detection_opencv_cpp/data/cassini/issna/saturn/images/co-iss-n1373701676.png,true,true
co-iss-n1373701860,cassini,issna,saturn,MT3,8.2,2001-07-13T07:37:17.208,Saturn,https://opus.pds-rings.seti.org/holdings/previews/COISS_1xxx/COISS_1007/data/1373522904_1373866521/N1373701860_2_full.png,25d35b6366f274d7076fe415c1224f4d6818634c1fe33c27ce94bea79b4a819b,/Users/upadhyay/dev/ICES/object_detection_opencv_cpp/data/cassini/issna/saturn/images/co-iss-n1373701860.png,true,true
co-iss-n1373702060,cassini,issna,saturn,CB3,22,2001-07-13T07:40:23.423,Saturn,https://opus.pds-rings.seti.org/holdings/previews/COISS_1xxx/COISS_1007/data/1373522904_1373866521/N1373702060_1_full.png,a15b5af2865ee18fc74be3f94ff1ab72e749e0a78cbb942e5a8cfb09a3ac2f2b,/Users/upadhyay/dev/ICES/object_detection_opencv_cpp/data/cassini/issna/saturn/images/co-iss-n1373702060.png,true,true
co-iss-n1373702208,cassini,issna,saturn,IR2+IR3,5.6,2001-07-13T07:43:07.763,Saturn,https://opus.pds-rings.seti.org/holdings/previews/COISS_1xxx/COISS_1007/data/1373522904_1373866521/N1373702208_1_full.png,675bd15e84ae8450973b47a0589032c240999c64eedcdbd35a90c32fb185135c,/Users/upadhyay/dev/ICES/object_detection_opencv_cpp/data/cassini/issna/saturn/images/co-iss-n1373702208.png,true,true
co-iss-n1373702392,cassini,issna,saturn,IR4,26,2001-07-13T07:45:51.377,Saturn,https://opus.pds-rings.seti.org/holdings/previews/COISS_1xxx/COISS_1007/data/1373522904_1373866521/N1373702392_1_full.png,607f7e26ca4bb90bbb180a6f4169e282093acb08d9bc13723a2ef67087093a0e,/Users/upadhyay/dev/ICES/object_detection_opencv_cpp/data/cassini/issna/saturn/images/co-iss-n1373702392.png,true,true
co-iss-n1373702656,cassini,issna,saturn,UV2,22,2001-07-13T07:50:19.395,Saturn,https://opus.pds-rings.seti.org/holdings/previews/COISS_1xxx/COISS_1007/data/1373522904_1373866521/N1373702656_1_full.png,70010103e1d0a599a23214645616b2c17d4309ec20075ce34af8bb551a5535f1,/Users/upadhyay/dev/ICES/object_detection_opencv_cpp/data/cassini/issna/saturn/images/co-iss-n1373702656.png,true,true
co-iss-n1373702809,cassini,issna,saturn,BL1,1.5,2001-07-13T07:53:12.906,Saturn,https://opus.pds-rings.seti.org/holdings/previews/COISS_1xxx/COISS_1007/data/1373522904_1373866521/N1373702809_1_full.png,36c8ff5c48e70502f4a9aa19e26e855a2af8c3f67f8149b29ad9ca0d066292c0,/Users/upadhyay/dev/ICES/object_detection_opencv_cpp/data/cassini/issna/saturn/images/co-iss-n1373702809.png,true,true
co-iss-n1373703059,cassini,issna,saturn,UV3+P120,22,2001-07-13T07:57:02.361,Saturn,https://opus.pds-rings.seti.org/holdings/previews/COISS_1xxx/COISS_1007/data/1373522904_1373866521/N1373703059_1_full.png,fe4c2a1010c95feddcbffcc440a959dd614320be154d799ed5fc15f3dda4a8b3,/Users/upadhyay/dev/ICES/object_detection_opencv_cpp/data/cassini/issna/saturn/images/co-iss-n1373703059.png,true,true
co-iss-n1373703203,cassini,issna,saturn,BL2+P120,12,2001-07-13T07:59:36.376,Saturn,https://opus.pds-rings.seti.org/holdings/previews/COISS_1xxx/COISS_1007/data/1373522904_1373866521/N1373703203_1_full.png,49f1b916b3c6df04cf590c849f0ce5aa4ad042db0b6660485e406567b0bab883,/Users/upadhyay/dev/ICES/object_detection_opencv_cpp/data/cassini/issna/saturn/images/co-iss-n1373703203.png,true,true
co-iss-n1373703343,cassini,issna,saturn,CB1+P0,2.6,2001-07-13T08:02:05.755,Saturn,https://opus.pds-rings.seti.org/holdings/previews/COISS_1xxx/COISS_1007/data/1373522904_1373866521/N1373703343_1_full.png,91d25d68e9a6da52aaa50c32acf10416a654119e85cee89643b1b5b781fead0d,/Users/upadhyay/dev/ICES/object_detection_opencv_cpp/data/cassini/issna/saturn/images/co-iss-n1373703343.png,true,true
co-iss-n1373703479,cassini,issna,saturn,MT1+P0,18,2001-07-13T08:04:06.370,Saturn,https://opus.pds-rings.seti.org/holdings/previews/COISS_1xxx/COISS_1007/data/1373522904_1373866521/N1373703479_1_full.png,fea5c9965479cd979ffd826ad9a62d1f21c300bc6442d3ae5c51f5b67537d030,/Users/upadhyay/dev/ICES/object_detection_opencv_cpp/data/cassini/issna/saturn/images/co-iss-n1373703479.png,true,true
co-iss-n1373703735,cassini,issna,saturn,CB3+IRP0,22,2001-07-13T08:08:18.387,Saturn,https://opus.pds-rings.seti.org/holdings/previews/COISS_1xxx/COISS_1007/data/1373522904_1373866521/N1373703735_1_full.png,2a637aa0432192192f17cc6cbd990bd01ea0fa3c976b28d971492e4331fe3020,/Users/upadhyay/dev/ICES/object_detection_opencv_cpp/data/cassini/issna/saturn/images/co-iss-n1373703735.png,true,true
co-iss-n1373703951,cassini,issna,saturn,UV1,32,2001-07-13T08:11:44.398,Saturn,https://opus.pds-rings.seti.org/holdings/previews/COISS_1xxx/COISS_1007/data/1373522904_1373866521/N1373703951_1_full.png,a8ec0bdde6d792abdb18516718f2346c4d09aea2a4bce5c39c3a9416e0af6f40,/Users/upadhyay/dev/ICES/object_detection_opencv_cpp/data/cassini/issna/saturn/images/co-iss-n1373703951.png,true,true
co-iss-n1373704239,cassini,issna,saturn,UV1,32,2001-07-13T08:16:32.415,Saturn,https://opus.pds-rings.seti.org/holdings/previews/COISS_1xxx/COISS_1007/data/1373522904_1373866521/N1373704239_1_full.png,ed9c9e163a5b8be17d0bc5d1e97679ed0f605421c1b3b4c44f8e680ebf6b366d,/Users/upadhyay/dev/ICES/object_detection_opencv_cpp/data/cassini/issna/saturn/images/co-iss-n1373704239.png,true,true
co-iss-n1413901895,cassini,issna,saturn,CB1,1.5,2002-10-21T14:13:15.081,Saturn,https://opus.pds-rings.seti.org/holdings/previews/COISS_1xxx/COISS_1008/data/1413823163_1413923799/N1413901895_1_full.png,9dd6c43203e729661064aacf327effe9bc651285f5a3abb3247ee1595e87b5e8,/Users/upadhyay/dev/ICES/object_detection_opencv_cpp/data/cassini/issna/saturn/images/co-iss-n1413901895.png,true,true
co-iss-n1413902167,cassini,issna,saturn,CB2,3.2,2002-10-21T14:17:45.398,Saturn,https://opus.pds-rings.seti.org/holdings/previews/COISS_1xxx/COISS_1008/data/1413823163_1413923799/N1413902167_1_full.png,4d95556f5e2e915aba8a80585ec6dda29865df3f328f841b0158b729c06ceb7e,/Users/upadhyay/dev/ICES/object_detection_opencv_cpp/data/cassini/issna/saturn/images/co-iss-n1413902167.png,true,true
co-iss-n1413902377,cassini,issna,saturn,MT3,15,2002-10-21T14:21:03.609,Saturn,https://opus.pds-rings.seti.org/holdings/previews/COISS_1xxx/COISS_1008/data/1413823163_1413923799/N1413902377_1_full.png,bcae5dbf63badfb05e614b5dd5b41e522b776841404cdffa7b24dc39c788d4aa,/Users/upadhyay/dev/ICES/object_detection_opencv_cpp/data/cassini/issna/saturn/images/co-iss-n1413902377.png,true,true
co-iss-n1413902676,cassini,issna,saturn,IR1+IR2,2,2002-10-21T14:26:15.556,Saturn,https://opus.pds-rings.seti.org/holdings/previews/COISS_1xxx/COISS_1008/data/1413823163_1413923799/N1413902676_1_full.png,d8e951d8ac02739db9eaedafe0282807bcea390af960e0c0d20c845acedf23d7,/Users/upadhyay/dev/ICES/object_detection_opencv_cpp/data/cassini/issna/saturn/images/co-iss-n1413902676.png,true,true
co-iss-n1413902957,cassini,issna,saturn,IR3+IR4,32,2002-10-21T14:30:26.569,Saturn,https://opus.pds-rings.seti.org/holdings/previews/COISS_1xxx/COISS_1008/data/1413823163_1413923799/N1413902957_1_full.png,9f0b1530e430693dbdf274d4bf0778de47cadd42d938400882a8400d911a40ef,/Users/upadhyay/dev/ICES/object_detection_opencv_cpp/data/cassini/issna/saturn/images/co-iss-n1413902957.png,true,true
co-iss-n1413903239,cassini,issna,saturn,UV1,32,2002-10-21T14:35:08.567,Saturn,https://opus.pds-rings.seti.org/holdings/previews/COISS_1xxx/COISS_1008/data/1413823163_1413923799/N1413903239_1_full.png,8df395fa546953474a49dbdbdd94f302c9df96a17131c083efa9d561a10b8d38,/Users/upadhyay/dev/ICES/object_detection_opencv_cpp/data/cassini/issna/saturn/images/co-iss-n1413903239.png,true,true
co-iss-n1413903567,cassini,issna,saturn,UV3,12,2002-10-21T14:40:56.581,Saturn,https://opus.pds-rings.seti.org/holdings/previews/COISS_1xxx/COISS_1008/data/1413823163_1413923799/N1413903567_1_full.png,27e1577f86da69998923bdbe805b75522de1e51038fae8c6dcbb04c4d4713a69,/Users/upadhyay/dev/ICES/object_detection_opencv_cpp/data/cassini/issna/saturn/images/co-iss-n1413903567.png,true,true
co-iss-n1413903772,cassini,issna,saturn,UV3+P0,22,2002-10-21T14:44:11.556,Saturn,https://opus.pds-rings.seti.org/holdings/previews/COISS_1xxx/COISS_1008/data/1413823163_1413923799/N1413903772_1_full.png,9505d121ceed3f33670684fc321ad1c3599b28e4a12e1acfcd26563c18722c87,/Users/upadhyay/dev/ICES/object_detection_opencv_cpp/data/cassini/issna/saturn/images/co-iss-n1413903772.png,true,true
co-iss-n1413904100,cassini,issna,saturn,BL2+P60,12,2002-10-21T14:49:49.557,Saturn,https://opus.pds-rings.seti.org/holdings/previews/COISS_1xxx/COISS_1008/data/1413823163_1413923799/N1413904100_1_full.png,f33e0ab349d86d75148882bd106295c5d9b631ef89fcc0dbda281683787d02db,/Users/upadhyay/dev/ICES/object_detection_opencv_cpp/data/cassini/issna/saturn/images/co-iss-n1413904100.png,true,true
co-iss-n1413904281,cassini,issna,saturn,GRN+P60,0.56,2002-10-21T14:53:01.984,Saturn,https://opus.pds-rings.seti.org/holdings/previews/COISS_1xxx/COISS_1008/data/1413823163_1413923799/N1413904281_1_full.png,09cac9d42084089afc7b342404479a99ba5d9dddcf7c40df7f908a127b81817b,/Users/upadhyay/dev/ICES/object_detection_opencv_cpp/data/cassini/issna/saturn/images/co-iss-n1413904281.png,true,true
co-iss-n1413904522,cassini,issna,saturn,CB1+P120,2.6,2002-10-21T14:57:00.951,Saturn,https://opus.pds-rings.seti.org/holdings/previews/COISS_1xxx/COISS_1008/data/1413823163_1413923799/N1413904522_1_full.png,cbe8cf4688d65673e90c78ef60b445ec6d1aee6b1732269e1e1ed66caa56bca3,/Users/upadhyay/dev/ICES/object_detection_opencv_cpp/data/cassini/issna/saturn/images/co-iss-n1413904522.png,true,true
co-iss-n1413904756,cassini,issna,saturn,MT1+P120,18,2002-10-21T15:00:39.553,Saturn,https://opus.pds-rings.seti.org/holdings/previews/COISS_1xxx/COISS_1008/data/1413823163_1413923799/N1413904756_1_full.png,91acf8f63373a93bafec3f5e909b6b927a1626d0c3a959e5708ae14ffb2bc8b0,/Users/upadhyay/dev/ICES/object_detection_opencv_cpp/data/cassini/issna/saturn/images/co-iss-n1413904756.png,true,true
co-iss-n1413905132,cassini,issna,saturn,MT3+IRP0,32,2002-10-21T15:06:41.554,Saturn,https://opus.pds-rings.seti.org/holdings/previews/COISS_1xxx/COISS_1008/data/1413823163_1413923799/N1413905132_1_full.png,cfc260c249755730baa8c3cad81e71b1445476eb88f0638043cb007434b4992d,/Users/upadhyay/dev/ICES/object_detection_opencv_cpp/data/cassini/issna/saturn/images/co-iss-n1413905132.png,true,true
co-iss-n1413905414,cassini,issna,saturn,UV1,32,2002-10-21T15:11:23.552,Saturn,https://opus.pds-rings.seti.org/holdings/previews/COISS_1xxx/COISS_1008/data/1413823163_1413923799/N1413905414_2_full.png,a36d8355975fe78089ad15ff21970d1ce8fab9c4312982a6e532532d37a64cd1,/Users/upadhyay/dev/ICES/object_detection_opencv_cpp/data/cassini/issna/saturn/images/co-iss-n1413905414.png,true,true
co-iss-n1474249489,cassini,issna,saturn,CB3,18,2004-09-19T01:19:31.335,Saturn,https://opus.pds-rings.seti.org/holdings/previews/COISS_2xxx/COISS_2006/data/1474248940_1474269812/N1474249489_1_full.png,4401bb4514db0cdf5592a801c933f50fd4ebca4799084ae1f9674b2850fddc74,/Users/upadhyay/dev/ICES/object_detection_opencv_cpp/data/cassini/issna/saturn/images/co-iss-n1474249489.png,true,position_only
co-iss-n1474249604,cassini,issna,saturn,BL1,1.2,2004-09-19T01:21:43.149,Saturn,https://opus.pds-rings.seti.org/holdings/previews/COISS_2xxx/COISS_2006/data/1474248940_1474269812/N1474249604_1_full.png,66fd220cd626e06559cf57fc3f2d11f9bd6dc258085fba91c3cae969eef0cd8f,/Users/upadhyay/dev/ICES/object_detection_opencv_cpp/data/cassini/issna/saturn/images/co-iss-n1474249604.png,true,position_only
co-iss-n1474250094,cassini,issna,saturn,MT3,22,2004-09-19T01:29:32.327,Saturn,https://opus.pds-rings.seti.org/holdings/previews/COISS_2xxx/COISS_2006/data/1474248940_1474269812/N1474250094_1_full.png,fb330b3a2d019110f60640ed14e9b3b5d886d2751cd2c72ddc055117e4d472c1,/Users/upadhyay/dev/ICES/object_detection_opencv_cpp/data/cassini/issna/saturn/images/co-iss-n1474250094.png,true,position_only
co-iss-n1474250215,cassini,issna,saturn,CB1,1.2,2004-09-19T01:31:54.141,Saturn,https://opus.pds-rings.seti.org/holdings/previews/COISS_2xxx/COISS_2006/data/1474248940_1474269812/N1474250215_1_full.png,57781404dfc69d468ddcb4fa9d5e2f8100b5c9bd854d334e47870663b2c61026,/Users/upadhyay/dev/ICES/object_detection_opencv_cpp/data/cassini/issna/saturn/images/co-iss-n1474250215.png,true,position_only
co-iss-w1474253434,cassini,issna,saturn,RED,0.015,2004-09-19T02:25:34.294,Saturn,https://opus.pds-rings.seti.org/holdings/previews/COISS_2xxx/COISS_2006/data/1474248940_1474269812/W1474253434_1_full.png,c816987e805a0781ee8f50954f1fa29aca77b0f2fa62162f5306ca38fe0f3b06,/Users/upadhyay/dev/ICES/object_detection_opencv_cpp/data/cassini/issna/saturn/images/co-iss-w1474253434.png,true,position_only
co-iss-n1474253612,cassini,issna,saturn,MT3,22,2004-09-19T02:28:10.319,Saturn,https://opus.pds-rings.seti.org/holdings/previews/COISS_2xxx/COISS_2006/data/1474248940_1474269812/N1474253612_1_full.png,9cf5c3af014205cb995174afc4dcb41ceffa2624bb7e701696fc3273335813f0,/Users/upadhyay/dev/ICES/object_detection_opencv_cpp/data/cassini/issna/saturn/images/co-iss-n1474253612.png,true,position_only
co-iss-n1474253761,cassini,issna,saturn,CB1,1.2,2004-09-19T02:31:00.130,Saturn,https://opus.pds-rings.seti.org/holdings/previews/COISS_2xxx/COISS_2006/data/1474248940_1474269812/N1474253761_1_full.png,6668d8663649a4682a1a9b84e54578003a0e76feddc6d38c2e204cb234a254ed,/Users/upadhyay/dev/ICES/object_detection_opencv_cpp/data/cassini/issna/saturn/images/co-iss-n1474253761.png,true,position_only
co-iss-n1474254073,cassini,issna,saturn,MT2,15,2004-09-19T02:35:58.289,Saturn,https://opus.pds-rings.seti.org/holdings/previews/COISS_2xxx/COISS_2006/data/1474248940_1474269812/N1474254073_1_full.png,93024ab6fa18e02c13ac8cd07cd22ed35fc162e9ebc857ee3c7c62df93b82924,/Users/upadhyay/dev/ICES/object_detection_opencv_cpp/data/cassini/issna/saturn/images/co-iss-n1474254073.png,true,position_only
co-iss-n1474254273,cassini,issna,saturn,MT1,8.2,2004-09-19T02:39:25.107,Saturn,https://opus.pds-rings.seti.org/holdings/previews/COISS_2xxx/COISS_2006/data/1474248940_1474269812/N1474254273_1_full.png,329d675604f94142941b403bafa347a3bbb34df0f2ec1745169f2a637f98ad2b,/Users/upadhyay/dev/ICES/object_detection_opencv_cpp/data/cassini/issna/saturn/images/co-iss-n1474254273.png,true,position_only
co-iss-n1474254737,cassini,issna,saturn,MT2,15,2004-09-19T02:47:02.285,Saturn,https://opus.pds-rings.seti.org/holdings/previews/COISS_2xxx/COISS_2006/data/1474248940_1474269812/N1474254737_1_full.png,a5d2f372b0b863b3a45ba9abc0589c98779c18b52b841c486d748fa96962a9f4,/Users/upadhyay/dev/ICES/object_detection_opencv_cpp/data/cassini/issna/saturn/images/co-iss-n1474254737.png,true,position_only
co-iss-n1474254889,cassini,issna,saturn,CB3,18,2004-09-19T02:49:31.299,Saturn,https://opus.pds-rings.seti.org/holdings/previews/COISS_2xxx/COISS_2006/data/1474248940_1474269812/N1474254889_1_full.png,57bbc1cc62fd9a1f99ec6715870d6132203d19c55d46b1286ccb16b84f1f8cff,/Users/upadhyay/dev/ICES/object_detection_opencv_cpp/data/cassini/issna/saturn/images/co-iss-n1474254889.png,true,position_only
co-iss-n1474255052,cassini,issna,saturn,UV3,10,2004-09-19T02:52:22.318,Saturn,https://opus.pds-rings.seti.org/holdings/previews/COISS_2xxx/COISS_2006/data/1474248940_1474269812/N1474255052_1_full.png,5492489f29bd2cbde6931f29d731220c25cbac44fe4440efc0dd3c47aa6960fe,/Users/upadhyay/dev/ICES/object_detection_opencv_cpp/data/cassini/issna/saturn/images/co-iss-n1474255052.png,true,position_only
co-iss-n1474255494,cassini,issna,saturn,MT3,22,2004-09-19T02:59:32.291,Saturn,https://opus.pds-rings.seti.org/holdings/previews/COISS_2xxx/COISS_2006/data/1474248940_1474269812/N1474255494_1_full.png,5ce86949e9f19d1d78535a7b43c25bf827c859587434d9c0a6071a2cabf30139,/Users/upadhyay/dev/ICES/object_detection_opencv_cpp/data/cassini/issna/saturn/images/co-iss-n1474255494.png,true,position_only
co-iss-n1474255649,cassini,issna,saturn,BL1,1.2,2004-09-19T03:02:28.110,Saturn,https://opus.pds-rings.seti.org/holdings/previews/COISS_2xxx/COISS_2006/data/1474248940_1474269812/N1474255649_1_full.png,7584a474b4bdf14d83c7049a59d14e70bd50ff1198344030886ea2181d3abe07,/Users/upadhyay/dev/ICES/object_detection_opencv_cpp/data/cassini/issna/saturn/images/co-iss-n1474255649.png,true,position_only
co-iss-w1474258834,cassini,issna,saturn,RED,0.015,2004-09-19T03:55:34.259,Saturn,https://opus.pds-rings.seti.org/holdings/previews/COISS_2xxx/COISS_2006/data/1474248940_1474269812/W1474258834_1_full.png,149ee52e4a82e80e74a052393c94394df78f5d83c141dc1d9ffdf45854bcb704,/Users/upadhyay/dev/ICES/object_detection_opencv_cpp/data/cassini/issna/saturn/images/co-iss-w1474258834.png,true,position_only
co-iss-w1474259012,cassini,issna,saturn,BL1,0.12,2004-09-19T03:58:32.164,Saturn,https://opus.pds-rings.seti.org/holdings/previews/COISS_2xxx/COISS_2006/data/1474248940_1474269812/W1474259012_1_full.png,dba1f9d1062855c72a154c442cbb23384a2d73f86daf2880a92cd903f20e7b87,/Users/upadhyay/dev/ICES/object_detection_opencv_cpp/data/cassini/issna/saturn/images/co-iss-w1474259012.png,true,position_only
co-iss-n1474259161,cassini,issna,saturn,CB1,1.2,2004-09-19T04:01:00.095,Saturn,https://opus.pds-rings.seti.org/holdings/previews/COISS_2xxx/COISS_2006/data/1474248940_1474269812/N1474259161_1_full.png,c609ef1deead3236889af92aa0a0eb3a8475ce261a868872f279d2a08f3d8000,/Users/upadhyay/dev/ICES/object_detection_opencv_cpp/data/cassini/issna/saturn/images/co-iss-n1474259161.png,true,position_only
co-iss-n1474259513,cassini,issna,saturn,CB2,2.6,2004-09-19T04:06:50.661,Saturn,https://opus.pds-rings.seti.org/holdings/previews/COISS_2xxx/COISS_2006/data/1474248940_1474269812/N1474259513_1_full.png,3ca91020d5ea2afcca461857c6e7d129db197c76e1691631daa1bce92ad0bbf4,/Users/upadhyay/dev/ICES/object_detection_opencv_cpp/data/cassini/issna/saturn/images/co-iss-n1474259513.png,true,position_only
co-iss-n1474259673,cassini,issna,saturn,MT1,8.2,2004-09-19T04:09:25.072,Saturn,https://opus.pds-rings.seti.org/holdings/previews/COISS_2xxx/COISS_2006/data/1474248940_1474269812/N1474259673_1_full.png,a1d573fd061c31d837319362b4b4d8d26568b567929e95c7da030d6ce8379cc3,/Users/upadhyay/dev/ICES/object_detection_opencv_cpp/data/cassini/issna/saturn/images/co-iss-n1474259673.png,true,position_only
co-iss-n1474260137,cassini,issna,saturn,MT2,15,2004-09-19T04:17:02.250,Saturn,https://opus.pds-rings.seti.org/holdings/previews/COISS_2xxx/COISS_2006/data/1474248940_1474269812/N1474260137_1_full.png,386bb3b91f8198423358129d35a2cf3fcb32dda94c113df70a950d0d5a4f1a51,/Users/upadhyay/dev/ICES/object_detection_opencv_cpp/data/cassini/issna/saturn/images/co-iss-n1474260137.png,true,position_only
co-iss-n1474260289,cassini,issna,saturn,CB3,18,2004-09-19T04:19:31.264,Saturn,https://opus.pds-rings.seti.org/holdings/previews/COISS_2xxx/COISS_2006/data/1474248940_1474269812/N1474260289_1_full.png,c411a745b1c569d1b334443a3c9c2e364b56f2f2e86e43d11c438e123d0b0d2c,/Users/upadhyay/dev/ICES/object_detection_opencv_cpp/data/cassini/issna/saturn/images/co-iss-n1474260289.png,true,position_only
co-iss-n1474260452,cassini,issna,saturn,UV3,10,2004-09-19T04:22:22.283,Saturn,https://opus.pds-rings.seti.org/holdings/previews/COISS_2xxx/COISS_2006/data/1474248940_1474269812/N1474260452_1_full.png,a0955fc261ca884dbe541455e25f23eeaa2a2d3416da89ae352976189fdedc19,/Users/upadhyay/dev/ICES/object_detection_opencv_cpp/data/cassini/issna/saturn/images/co-iss-n1474260452.png,true,position_only
co-iss-n1474260894,cassini,issna,saturn,MT3,22,2004-09-19T04:29:32.256,Saturn,https://opus.pds-rings.seti.org/holdings/previews/COISS_2xxx/COISS_2006/data/1474248940_1474269812/N1474260894_1_full.png,7b57684e46746c7eb64065a3d96bdd2f89a84f259ef8ce0bd102886719ba214e,/Users/upadhyay/dev/ICES/object_detection_opencv_cpp/data/cassini/issna/saturn/images/co-iss-n1474260894.png,true,position_only
co-iss-n1474261049,cassini,issna,saturn,BL1,1.2,2004-09-19T04:32:28.075,Saturn,https://opus.pds-rings.seti.org/holdings/previews/COISS_2xxx/COISS_2006/data/1474248940_1474269812/N1474261049_1_full.png,98e704cc6dc79ff551fa3a72d70207de08426a1182a836f3517e97693e8f15e9,/Users/upadhyay/dev/ICES/object_detection_opencv_cpp/data/cassini/issna/saturn/images/co-iss-n1474261049.png,true,position_only
co-iss-w1474264234,cassini,issna,saturn,RED,0.015,2004-09-19T05:25:34.223,Saturn,https://opus.pds-rings.seti.org/holdings/previews/COISS_2xxx/COISS_2006/data/1474248940_1474269812/W1474264234_1_full.png,7c52fca0b686b2c6ab19ca145b633115ac880cdb2ab926ebefb9fcc3ca85fb9c,/Users/upadhyay/dev/ICES/object_detection_opencv_cpp/data/cassini/issna/saturn/images/co-iss-w1474264234.png,true,position_only
co-iss-w1474264412,cassini,issna,saturn,BL1,0.12,2004-09-19T05:28:32.129,Saturn,https://opus.pds-rings.seti.org/holdings/previews/COISS_2xxx/COISS_2006/data/1474248940_1474269812/W1474264412_1_full.png,cfbf2e51dbc5028e35f77fdcaf6075d9ec2205428bf8e5c63787088ce07cfb81,/Users/upadhyay/dev/ICES/object_detection_opencv_cpp/data/cassini/issna/saturn/images/co-iss-w1474264412.png,true,position_only
co-iss-n1474264561,cassini,issna,saturn,CB1,1.2,2004-09-19T05:31:00.060,Saturn,https://opus.pds-rings.seti.org/holdings/previews/COISS_2xxx/COISS_2006/data/1474248940_1474269812/N1474264561_1_full.png,d6dcddebf5723e08ddece7e4202ab925c71282ab940a34801a4c61a93f0bcb45,/Users/upadhyay/dev/ICES/object_detection_opencv_cpp/data/cassini/issna/saturn/images/co-iss-n1474264561.png,true,position_only
co-iss-n1474264913,cassini,issna,saturn,CB2,2.6,2004-09-19T05:36:50.626,Saturn,https://opus.pds-rings.seti.org/holdings/previews/COISS_2xxx/COISS_2006/data/1474248940_1474269812/N1474264913_1_full.png,c4babbe3309ba005172bbfa02d7b9a5d9ab82d71800a3e4f667ed0018f47a490,/Users/upadhyay/dev/ICES/object_detection_opencv_cpp/data/cassini/issna/saturn/images/co-iss-n1474264913.png,true,position_only
co-iss-n1520600455,cassini,issna,saturn,CB1+P0,1.2,2006-03-09T12:30:55.228,Saturn,https://opus.pds-rings.seti.org/holdings/previews/COISS_2xxx/COISS_2021/data/1520599740_1520605667/N1520600455_1_full.png,925a1baf32e254f81a52afd63129c173bd06efead231c3265466d601409b1301,/Users/upadhyay/dev/ICES/object_detection_opencv_cpp/data/cassini/issna/saturn/images/co-iss-n1520600455.png,true,position_only
co-iss-n1520600521,cassini,issna,saturn,CB2,6.8,2006-03-09T12:31:55.632,Saturn,https://opus.pds-rings.seti.org/holdings/previews/COISS_2xxx/COISS_2021/data/1520599740_1520605667/N1520600521_1_full.png,7f08040ef6f0676fffa1a76fbb2a58eefb12d3a8887d718c7f69168b4fb38a29,/Users/upadhyay/dev/ICES/object_detection_opencv_cpp/data/cassini/issna/saturn/images/co-iss-n1520600521.png,true,position_only
co-iss-n1520600629,cassini,issna,saturn,CB2+P120,2,2006-03-09T12:33:48.443,Saturn,https://opus.pds-rings.seti.org/holdings/previews/COISS_2xxx/COISS_2021/data/1520599740_1520605667/N1520600629_1_full.png,ce3196451271a9d9f5459eaef368873b3c78affb82953bb438d11b824a429a69,/Users/upadhyay/dev/ICES/object_detection_opencv_cpp/data/cassini/issna/saturn/images/co-iss-n1520600629.png,true,position_only
co-iss-n1520601024,cassini,issna,saturn,UV1,32,2006-03-09T12:39:53.413,Saturn,https://opus.pds-rings.seti.org/holdings/previews/COISS_2xxx/COISS_2021/data/1520599740_1520605667/N1520601024_1_full.png,b2358f4b89144194d90fd85a27e576bf6ae7aafcb118ccd25a1a49277f0fdb57,/Users/upadhyay/dev/ICES/object_detection_opencv_cpp/data/cassini/issna/saturn/images/co-iss-n1520601024.png,true,position_only
co-iss-n1520601120,cassini,issna,saturn,BL2+P0,2.6,2006-03-09T12:41:58.820,Saturn,https://opus.pds-rings.seti.org/holdings/previews/COISS_2xxx/COISS_2021/data/1520599740_1520605667/N1520601120_1_full.png,dc8a2e2ae6b8807d67fcad799976f49b78cf96cb91447ff71c5acb6ab2f9658c,/Users/upadhyay/dev/ICES/object_detection_opencv_cpp/data/cassini/issna/saturn/images/co-iss-n1520601120.png,true,position_only
co-iss-n1520601185,cassini,issna,saturn,GRN+P120,0.56,2006-03-09T12:43:05.864,Saturn,https://opus.pds-rings.seti.org/holdings/previews/COISS_2xxx/COISS_2021/data/1520599740_1520605667/N1520601185_1_full.png,d3afbd450e123bec59f24d58a4be5939632b404130e1ef9b70e95f16b4220205,/Users/upadhyay/dev/ICES/object_detection_opencv_cpp/data/cassini/issna/saturn/images/co-iss-n1520601185.png,true,position_only
co-iss-n1520601367,cassini,issna,saturn,CB1+P60,0.56,2006-03-09T12:46:07.866,Saturn,https://opus.pds-rings.seti.org/holdings/previews/COISS_2xxx/COISS_2021/data/1520599740_1520605667/N1520601367_1_full.png,ee82c20fecf971d23325d88238a5767e77428428bda65924b1368d270a41c47f,/Users/upadhyay/dev/ICES/object_detection_opencv_cpp/data/cassini/issna/saturn/images/co-iss-n1520601367.png,true,position_only
co-iss-n1520601463,cassini,issna,saturn,CB2+IRP0,1,2006-03-09T12:47:43.437,Saturn,https://opus.pds-rings.seti.org/holdings/previews/COISS_2xxx/COISS_2021/data/1520599740_1520605667/N1520601463_1_full.png,3a4c1522b2b05f3c5d9408856626d43ff2a0c75d76c881da2135737bfe80b8b2,/Users/upadhyay/dev/ICES/object_detection_opencv_cpp/data/cassini/issna/saturn/images/co-iss-n1520601463.png,true,position_only
co-iss-n1520601554,cassini,issna,saturn,MT2,18,2006-03-09T12:48:57.441,Saturn,https://opus.pds-rings.seti.org/holdings/previews/COISS_2xxx/COISS_2021/data/1520599740_1520605667/N1520601554_1_full.png,2070c374b181276ed445a08c7893cf1017fe1569e76b1e85ec233b1b8310dd20,/Users/upadhyay/dev/ICES/object_detection_opencv_cpp/data/cassini/issna/saturn/images/co-iss-n1520601554.png,true,position_only
co-iss-n1520601919,cassini,issna,saturn,UV3+P60,8.2,2006-03-09T12:55:12.207,Saturn,https://opus.pds-rings.seti.org/holdings/previews/COISS_2xxx/COISS_2021/data/1520599740_1520605667/N1520601919_1_full.png,87bf90285d0cb7ee6c90394468cf0aefd4c55dae70a891101c5bd662e5b02e1e,/Users/upadhyay/dev/ICES/object_detection_opencv_cpp/data/cassini/issna/saturn/images/co-iss-n1520601919.png,true,position_only
co-iss-n1520602047,cassini,issna,saturn,BL2+P120,5.6,2006-03-09T12:57:22.806,Saturn,https://opus.pds-rings.seti.org/holdings/previews/COISS_2xxx/COISS_2021/data/1520599740_1520605667/N1520602047_1_full.png,672ea8b119d1e95ada156bc188d7692fd505800e00f3d5d020053481d8ebb1b9,/Users/upadhyay/dev/ICES/object_detection_opencv_cpp/data/cassini/issna/saturn/images/co-iss-n1520602047.png,true,position_only
co-iss-n1520602174,cassini,issna,saturn,GRN+P0,1,2006-03-09T12:59:34.413,Saturn,https://opus.pds-rings.seti.org/holdings/previews/COISS_2xxx/COISS_2021/data/1520599740_1520605667/N1520602174_1_full.png,431b13a9174e42e6f0fb799d4a16fc74811be4d6f302678f7ba94f5d536b63b6,/Users/upadhyay/dev/ICES/object_detection_opencv_cpp/data/cassini/issna/saturn/images/co-iss-n1520602174.png,true,position_only
co-iss-n1520602295,cassini,issna,saturn,CB2,6.8,2006-03-09T13:01:29.620,Saturn,https://opus.pds-rings.seti.org/holdings/previews/COISS_2xxx/COISS_2021/data/1520599740_1520605667/N1520602295_1_full.png,021439e94cce5b04f162fc2bf7e65453862f1dbc4086146df31f459fee4cd44c,/Users/upadhyay/dev/ICES/object_detection_opencv_cpp/data/cassini/issna/saturn/images/co-iss-n1520602295.png,true,position_only
co-iss-n1520602386,cassini,issna,saturn,CB2+P60,2,2006-03-09T13:03:05.432,Saturn,https://opus.pds-rings.seti.org/holdings/previews/COISS_2xxx/COISS_2021/data/1520599740_1520605667/N1520602386_1_full.png,541deb351f7e43c8e7bacb60ff58ef95066f77b1822ffe8204d71d5632ef774b,/Users/upadhyay/dev/ICES/object_detection_opencv_cpp/data/cassini/issna/saturn/images/co-iss-n1520602386.png,true,position_only
co-iss-n1520602798,cassini,issna,saturn,UV1,32,2006-03-09T13:09:27.402,Saturn,https://opus.pds-rings.seti.org/holdings/previews/COISS_2xxx/COISS_2021/data/1520599740_1520605667/N1520602798_1_full.png,979bf3b62757c35aff203fcb60c9dd8a40dab3a11934c5fd5697b3c14a22666c,/Users/upadhyay/dev/ICES/object_detection_opencv_cpp/data/cassini/issna/saturn/images/co-iss-n1520602798.png,true,position_only
co-iss-n1520602870,cassini,issna,saturn,UV3+P0,3.8,2006-03-09T13:11:07.609,Saturn,https://opus.pds-rings.seti.org/holdings/previews/COISS_2xxx/COISS_2021/data/1520599740_1520605667/N1520602870_1_full.png,938de6f04040410c29856ba58b2cc4ac646dbdaf6924f99b69ef31e8472336de,/Users/upadhyay/dev/ICES/object_detection_opencv_cpp/data/cassini/issna/saturn/images/co-iss-n1520602870.png,true,position_only
co-iss-n1520602959,cassini,issna,saturn,GRN+P120,0.56,2006-03-09T13:12:39.852,Saturn,https://opus.pds-rings.seti.org/holdings/previews/COISS_2xxx/COISS_2021/data/1520599740_1520605667/N1520602959_1_full.png,57f8297699990835eeb19dfc0e6466cb2acbd80a32fc92eb7fa0f07a1762ee5d,/Users/upadhyay/dev/ICES/object_detection_opencv_cpp/data/cassini/issna/saturn/images/co-iss-n1520602959.png,true,position_only
co-iss-n1520603141,cassini,issna,saturn,CB1+P60,0.56,2006-03-09T13:15:41.855,Saturn,https://opus.pds-rings.seti.org/holdings/previews/COISS_2xxx/COISS_2021/data/1520599740_1520605667/N1520603141_1_full.png,ec3b74cc8f9ffe91db40e0847238462d6fcec566d37a4af06a3fdca3490e7e03,/Users/upadhyay/dev/ICES/object_detection_opencv_cpp/data/cassini/issna/saturn/images/co-iss-n1520603141.png,true,position_only
co-iss-n1520603237,cassini,issna,saturn,CB2+IRP0,1,2006-03-09T13:17:17.426,Saturn,https://opus.pds-rings.seti.org/holdings/previews/COISS_2xxx/COISS_2021/data/1520599740_1520605667/N1520603237_1_full.png,ca2a0d27ef0b2db1e15362abe57fbcc03e33f94ce4348b259efb9282b6a09f7b,/Users/upadhyay/dev/ICES/object_detection_opencv_cpp/data/cassini/issna/saturn/images/co-iss-n1520603237.png,true,position_only
co-iss-n1520603328,cassini,issna,saturn,MT2,18,2006-03-09T13:18:31.429,Saturn,https://opus.pds-rings.seti.org/holdings/previews/COISS_2xxx/COISS_2021/data/1520599740_1520605667/N1520603328_1_full.png,5a5ba9ecf876c0812a2b997982ae1280d57d08245d1f12cdd2edc34651a151f9,/Users/upadhyay/dev/ICES/object_detection_opencv_cpp/data/cassini/issna/saturn/images/co-iss-n1520603328.png,true,position_only
co-iss-n1520603693,cassini,issna,saturn,UV3+P60,8.2,2006-03-09T13:24:46.196,Saturn,https://opus.pds-rings.seti.org/holdings/previews/COISS_2xxx/COISS_2021/data/1520599740_1520605667/N1520603693_1_full.png,4f6488a2573ff0dc2ad9b7dcea174a0bcdc43be42cb37947639cd649cb86ad72,/Users/upadhyay/dev/ICES/object_detection_opencv_cpp/data/cassini/issna/saturn/images/co-iss-n1520603693.png,true,position_only
co-iss-n1520603821,cassini,issna,saturn,BL2+P120,5.6,2006-03-09T13:26:56.795,Saturn,https://opus.pds-rings.seti.org/holdings/previews/COISS_2xxx/COISS_2021/data/1520599740_1520605667/N1520603821_1_full.png,fd70f4d0d47d76ff24f4f0263a718f85f1122c91e8babec4a874a41aeaca62ee,/Users/upadhyay/dev/ICES/object_detection_opencv_cpp/data/cassini/issna/saturn/images/co-iss-n1520603821.png,true,position_only
co-iss-n1520603948,cassini,issna,saturn,GRN+P0,1,2006-03-09T13:29:08.402,Saturn,https://opus.pds-rings.seti.org/holdings/previews/COISS_2xxx/COISS_2021/data/1520599740_1520605667/N1520603948_1_full.png,11e6cc5e91bcc591322b732477eb3eeab1bf38eb00e2cc3497ac527d414c4043,/Users/upadhyay/dev/ICES/object_detection_opencv_cpp/data/cassini/issna/saturn/images/co-iss-n1520603948.png,true,position_only
co-iss-n1520604069,cassini,issna,saturn,CB2,6.8,2006-03-09T13:31:03.609,Saturn,https://opus.pds-rings.seti.org/holdings/previews/COISS_2xxx/COISS_2021/data/1520599740_1520605667/N1520604069_1_full.png,2943bcfdc067e6f7ccec3f3f9fa6b67d5908ba2175d3eaeb9bf553153a2ac1da,/Users/upadhyay/dev/ICES/object_detection_opencv_cpp/data/cassini/issna/saturn/images/co-iss-n1520604069.png,true,position_only
co-iss-n1520604160,cassini,issna,saturn,CB2+P60,2,2006-03-09T13:32:39.420,Saturn,https://opus.pds-rings.seti.org/holdings/previews/COISS_2xxx/COISS_2021/data/1520599740_1520605667/N1520604160_1_full.png,820db13b77ad291456178ff3406f98983f9591801305c663db4c9f8ea1f4e22e,/Users/upadhyay/dev/ICES/object_detection_opencv_cpp/data/cassini/issna/saturn/images/co-iss-n1520604160.png,true,position_only
co-iss-n1520604572,cassini,issna,saturn,UV1,32,2006-03-09T13:39:01.390,Saturn,https://opus.pds-rings.seti.org/holdings/previews/COISS_2xxx/COISS_2021/data/1520599740_1520605667/N1520604572_1_full.png,36697751f1bd1e4b650c67c1380922b59daa495024f5024cd2f79d666c435072,/Users/upadhyay/dev/ICES/object_detection_opencv_cpp/data/cassini/issna/saturn/images/co-iss-n1520604572.png,true,position_only
co-iss-n1520604644,cassini,issna,saturn,UV3+P0,3.8,2006-03-09T13:40:41.598,Saturn,https://opus.pds-rings.seti.org/holdings/previews/COISS_2xxx/COISS_2021/data/1520599740_1520605667/N1520604644_1_full.png,2035a810e7e26fca716471252c691d24c29ccfd5d93f4dfdbbc15c3f1c66e3e3,/Users/upadhyay/dev/ICES/object_detection_opencv_cpp/data/cassini/issna/saturn/images/co-iss-n1520604644.png,true,position_only
co-iss-n1520604733,cassini,issna,saturn,GRN+P120,0.56,2006-03-09T13:42:13.841,Saturn,https://opus.pds-rings.seti.org/holdings/previews/COISS_2xxx/COISS_2021/data/1520599740_1520605667/N1520604733_1_full.png,535c179f159e1b1550cfc3eb2f5e88795a2b760a746a5b41785ad2d2f7fb8411,/Users/upadhyay/dev/ICES/object_detection_opencv_cpp/data/cassini/issna/saturn/images/co-iss-n1520604733.png,true,position_only
co-iss-n1520604898,cassini,issna,saturn,CB1+P0,0.56,2006-03-09T13:44:58.844,Saturn,https://opus.pds-rings.seti.org/holdings/previews/COISS_2xxx/COISS_2021/data/1520599740_1520605667/N1520604898_1_full.png,718ef6505e1a4ce6caf8a8755d2913c02831ec2ab1e74acd6fac3db5e1a09058,/Users/upadhyay/dev/ICES/object_detection_opencv_cpp/data/cassini/issna/saturn/images/co-iss-n1520604898.png,true,position_only
co-iss-n1565236507,cassini,issna,saturn,CB2,0.68,2007-08-08T03:20:24.058,Saturn,https://opus.pds-rings.seti.org/holdings/previews/COISS_2xxx/COISS_2035/data/1565229108_1565240925/N1565236507_1_full.png,004d868fc9900643f05554347494f4ca05df5de32480d30caf96e0a11d333dbd,/Users/upadhyay/dev/ICES/object_detection_opencv_cpp/data/cassini/issna/saturn/images/co-iss-n1565236507.png,true,position_only
co-iss-w1565236658,cassini,issna,saturn,RED,0.02,2007-08-08T03:22:55.709,Saturn,https://opus.pds-rings.seti.org/holdings/previews/COISS_2xxx/COISS_2035/data/1565229108_1565240925/W1565236658_1_full.png,936721339a5e594eb16dfddd1b813de08c5500ab42c4b841be4b8dd2390ee59c,/Users/upadhyay/dev/ICES/object_detection_opencv_cpp/data/cassini/issna/saturn/images/co-iss-w1565236658.png,true,position_only
co-iss-w1565236841,cassini,issna,saturn,RED,0.02,2007-08-08T03:25:58.708,Saturn,https://opus.pds-rings.seti.org/holdings/previews/COISS_2xxx/COISS_2035/data/1565229108_1565240925/W1565236841_1_full.png,fae2fd768e7ffb4afaa685772425326d75e184324e41a6f7dfedd36d10cfcadf,/Users/upadhyay/dev/ICES/object_detection_opencv_cpp/data/cassini/issna/saturn/images/co-iss-w1565236841.png,true,position_only
co-iss-n1565237024,cassini,issna,saturn,MT1,2,2007-08-08T03:28:59.727,Saturn,https://opus.pds-rings.seti.org/holdings/previews/COISS_2xxx/COISS_2035/data/1565229108_1565240925/N1565237024_1_full.png,ca3bb2e6d878f4acbec8051ef27d0a766356f6f6b0d0caffe45681615f212102,/Users/upadhyay/dev/ICES/object_detection_opencv_cpp/data/cassini/issna/saturn/images/co-iss-n1565237024.png,true,position_only
co-iss-w1565237117,cassini,issna,saturn,BL1,0.15,2007-08-08T03:30:34.584,Saturn,https://opus.pds-rings.seti.org/holdings/previews/COISS_2xxx/COISS_2035/data/1565229108_1565240925/W1565237117_1_full.png,f83b0d4cf80d5c2607ab055371ea11b13b4143110869c599aabfbe71eada1905,/Users/upadhyay/dev/ICES/object_detection_opencv_cpp/data/cassini/issna/saturn/images/co-iss-w1565237117.png,true,position_only
co-iss-n1565240189,cassini,issna,saturn,CB2,0.68,2007-08-08T04:21:46.046,Saturn,https://opus.pds-rings.seti.org/holdings/previews/COISS_2xxx/COISS_2035/data/1565229108_1565240925/N1565240189_1_full.png,d836c3361931c37fc9d5e07af29d8e0316026565cbc2325ae8f8acb4b27e9f1a,/Users/upadhyay/dev/ICES/object_detection_opencv_cpp/data/cassini/issna/saturn/images/co-iss-n1565240189.png,true,position_only
co-iss-n1565240381,cassini,issna,saturn,CB2,0.68,2007-08-08T04:24:58.026,Saturn,https://opus.pds-rings.seti.org/holdings/previews/COISS_2xxx/COISS_2035/data/1565229108_1565240925/N1565240381_1_full.png,1b0ef700873e07f5b53515faca3a6b34693d3204056419262595ad033ece5968,/Users/upadhyay/dev/ICES/object_detection_opencv_cpp/data/cassini/issna/saturn/images/co-iss-n1565240381.png,true,position_only
co-iss-n1565240564,cassini,issna,saturn,CB2,0.68,2007-08-08T04:28:01.025,Saturn,https://opus.pds-rings.seti.org/holdings/previews/COISS_2xxx/COISS_2035/data/1565229108_1565240925/N1565240564_1_full.png,e56ab41c93f17e1d1f6fd4ea2e83cc007a6804b92c27be53baa6f836ef5a8ae3,/Users/upadhyay/dev/ICES/object_detection_opencv_cpp/data/cassini/issna/saturn/images/co-iss-n1565240564.png,true,position_only
co-iss-w1565240699,cassini,issna,saturn,RED,0.02,2007-08-08T04:30:16.684,Saturn,https://opus.pds-rings.seti.org/holdings/previews/COISS_2xxx/COISS_2035/data/1565229108_1565240925/W1565240699_1_full.png,edb28a417bc3488ef02604219da9dec5fdbd3a048bc4679f7ff4cc33768fc51f,/Users/upadhyay/dev/ICES/object_detection_opencv_cpp/data/cassini/issna/saturn/images/co-iss-w1565240699.png,true,position_only
co-iss-w1565240925,cassini,issna,saturn,RED,0.02,2007-08-08T04:34:02.682,Saturn,https://opus.pds-rings.seti.org/holdings/previews/COISS_2xxx/COISS_2035/data/1565229108_1565240925/W1565240925_1_full.png,5e42fc8f677564248967a223d2db040278e7da4ea474bea47ee9d3877bfe3661,/Users/upadhyay/dev/ICES/object_detection_opencv_cpp/data/cassini/issna/saturn/images/co-iss-w1565240925.png,true,position_only
co-iss-n1565241108,cassini,issna,saturn,MT1,2,2007-08-08T04:37:03.701,Saturn,https://opus.pds-rings.seti.org/holdings/previews/COISS_2xxx/COISS_2035/data/1565240957_1565252747/N1565241108_1_full.png,63a96228be4777c2fd6ef08cd21b0270aa0ca40640c60289e97ef32844238106,/Users/upadhyay/dev/ICES/object_detection_opencv_cpp/data/cassini/issna/saturn/images/co-iss-n1565241108.png,true,position_only
co-iss-n1565241291,cassini,issna,saturn,MT1,2,2007-08-08T04:40:06.700,Saturn,https://opus.pds-rings.seti.org/holdings/previews/COISS_2xxx/COISS_2035/data/1565240957_1565252747/N1565241291_1_full.png,d1c98075bd7806aaf758a3890b359332e5e9ae0d526702754eaf2c637dde5eff,/Users/upadhyay/dev/ICES/object_detection_opencv_cpp/data/cassini/issna/saturn/images/co-iss-n1565241291.png,true,position_only
co-iss-w1565241339,cassini,issna,saturn,CB2,0.26,2007-08-08T04:40:56.440,Saturn,https://opus.pds-rings.seti.org/holdings/previews/COISS_2xxx/COISS_2035/data/1565240957_1565252747/W1565241339_1_full.png,d709751755dfff176012a0194143b674165232eb2563a6b60e26d6b19c8ffde4,/Users/upadhyay/dev/ICES/object_detection_opencv_cpp/data/cassini/issna/saturn/images/co-iss-w1565241339.png,true,position_only
co-iss-w1565241522,cassini,issna,saturn,CB2,0.26,2007-08-08T04:43:59.438,Saturn,https://opus.pds-rings.seti.org/holdings/previews/COISS_2xxx/COISS_2035/data/1565240957_1565252747/W1565241522_1_full.png,be2ee43bd3ad0df8cc8aa7416ad8ba06dd355c4daaf52d34e15a281cd439367f,/Users/upadhyay/dev/ICES/object_detection_opencv_cpp/data/cassini/issna/saturn/images/co-iss-w1565241522.png,true,position_only
co-iss-n1565241732,cassini,issna,saturn,CB2,0.68,2007-08-08T04:47:29.025,Saturn,https://opus.pds-rings.seti.org/holdings/previews/COISS_2xxx/COISS_2035/data/1565240957_1565252747/N1565241732_1_full.png,d14567f9f4d17f961587246238c0d24c37c5e8013b9540017b6a98215aae10de,/Users/upadhyay/dev/ICES/object_detection_opencv_cpp/data/cassini/issna/saturn/images/co-iss-n1565241732.png,true,position_only
co-iss-n1565241931,cassini,issna,saturn,CB2,0.68,2007-08-08T04:50:48.016,Saturn,https://opus.pds-rings.seti.org/holdings/previews/COISS_2xxx/COISS_2035/data/1565240957_1565252747/N1565241931_1_full.png,2b96faac79cbabb197de2960f78f120b14b5443288e31ac6b16b03aaa1705923,/Users/upadhyay/dev/ICES/object_detection_opencv_cpp/data/cassini/issna/saturn/images/co-iss-n1565241931.png,true,position_only
co-iss-w1565242066,cassini,issna,saturn,RED,0.02,2007-08-08T04:53:03.675,Saturn,https://opus.pds-rings.seti.org/holdings/previews/COISS_2xxx/COISS_2035/data/1565240957_1565252747/W1565242066_1_full.png,263c18ffbcd489c32f05c7aa542875719612f7212f40df1c41ffd3858a777539,/Users/upadhyay/dev/ICES/object_detection_opencv_cpp/data/cassini/issna/saturn/images/co-iss-w1565242066.png,true,position_only
co-iss-w1565242249,cassini,issna,saturn,RED,0.02,2007-08-08T04:56:06.674,Saturn,https://opus.pds-rings.seti.org/holdings/previews/COISS_2xxx/COISS_2035/data/1565240957_1565252747/W1565242249_1_full.png,da4afd7e4936a62076d44d86ac97ef25e5401173ba5aaec0049ec8602a72e822,/Users/upadhyay/dev/ICES/object_detection_opencv_cpp/data/cassini/issna/saturn/images/co-iss-w1565242249.png,true,position_only
co-iss-n1565242475,cassini,issna,saturn,MT1,2,2007-08-08T04:59:50.692,Saturn,https://opus.pds-rings.seti.org/holdings/previews/COISS_2xxx/COISS_2035/data/1565240957_1565252747/N1565242475_1_full.png,8866f758e27722178451708f00861c07bb9b0d1343fb3d2d3fb888de77955571,/Users/upadhyay/dev/ICES/object_detection_opencv_cpp/data/cassini/issna/saturn/images/co-iss-n1565242475.png,true,position_only
co-iss-n1565242658,cassini,issna,saturn,MT1,2,2007-08-08T05:02:53.691,Saturn,https://opus.pds-rings.seti.org/holdings/previews/COISS_2xxx/COISS_2035/data/1565240957_1565252747/N1565242658_1_full.png,93e5b0fe6b17edd225bd6b368a0a1ff80b002402c1d62ae6b210590f73eca389,/Users/upadhyay/dev/ICES/object_detection_opencv_cpp/data/cassini/issna/saturn/images/co-iss-n1565242658.png,true,position_only
co-iss-w1565242706,cassini,issna,saturn,CB2,0.26,2007-08-08T05:03:43.431,Saturn,https://opus.pds-rings.seti.org/holdings/previews/COISS_2xxx/COISS_2035/data/1565240957_1565252747/W1565242706_1_full.png,5e4120cad69fc42904331b3efcc7367fbc1a9b6179cc2b2375597d0c7c8c8cb7,/Users/upadhyay/dev/ICES/object_detection_opencv_cpp/data/cassini/issna/saturn/images/co-iss-w1565242706.png,true,position_only
co-iss-w1565242889,cassini,issna,saturn,CB2,0.26,2007-08-08T05:06:46.430,Saturn,https://opus.pds-rings.seti.org/holdings/previews/COISS_2xxx/COISS_2035/data/1565240957_1565252747/W1565242889_1_full.png,a9f496afc03f04238558c246fe39c6e16d2bca29183de1701fbec35e0dc1877b,/Users/upadhyay/dev/ICES/object_detection_opencv_cpp/data/cassini/issna/saturn/images/co-iss-w1565242889.png,true,position_only
co-iss-n1565243072,cassini,issna,saturn,CB2,0.68,2007-08-08T05:09:49.009,Saturn,https://opus.pds-rings.seti.org/holdings/previews/COISS_2xxx/COISS_2035/data/1565240957_1565252747/N1565243072_1_full.png,be1e744384a29bd909b54aeffc6cc85713c36a4b9bbe6f648a4077b2f2b8758a,/Users/upadhyay/dev/ICES/object_detection_opencv_cpp/data/cassini/issna/saturn/images/co-iss-n1565243072.png,true,position_only
co-iss-w1565246157,cassini,issna,saturn,RED,0.02,2007-08-08T06:01:14.665,Saturn,https://opus.pds-rings.seti.org/holdings/previews/COISS_2xxx/COISS_2035/data/1565240957_1565252747/W1565246157_1_full.png,12ef06ef889c862b6bd4da5c7ed6531e14e71f5c0c370f080a798bc5ac0a0d30,/Users/upadhyay/dev/ICES/object_detection_opencv_cpp/data/cassini/issna/saturn/images/co-iss-w1565246157.png,true,position_only
co-iss-n1565246333,cassini,issna,saturn,MT1,2,2007-08-08T06:04:08.668,Saturn,https://opus.pds-rings.seti.org/holdings/previews/COISS_2xxx/COISS_2035/data/1565240957_1565252747/N1565246333_1_full.png,8224bc16f65c2d62773c30604e7c9168d4064102a28f120bc2f9fd7dcf767f05,/Users/upadhyay/dev/ICES/object_detection_opencv_cpp/data/cassini/issna/saturn/images/co-iss-n1565246333.png,true,position_only
co-iss-n1565246516,cassini,issna,saturn,MT1,2,2007-08-08T06:07:11.667,Saturn,https://opus.pds-rings.seti.org/holdings/previews/COISS_2xxx/COISS_2035/data/1565240957_1565252747/N1565246516_1_full.png,c1bdc550a76335186dd90b80dd9d4ec975d6509a7735bbe6b173c481dd25cd31,/Users/upadhyay/dev/ICES/object_detection_opencv_cpp/data/cassini/issna/saturn/images/co-iss-n1565246516.png,true,position_only
co-iss-n1565246699,cassini,issna,saturn,MT1,2,2007-08-08T06:10:14.666,Saturn,https://opus.pds-rings.seti.org/holdings/previews/COISS_2xxx/COISS_2035/data/1565240957_1565252747/N1565246699_5_full.png,fc5763aa06013410fbf72451715ebbd830e9e52df1439946b9c91a434bfea1a2,/Users/upadhyay/dev/ICES/object_detection_opencv_cpp/data/cassini/issna/saturn/images/co-iss-n1565246699.png,true,position_only
co-iss-w1565246747,cassini,issna,saturn,CB2,0.26,2007-08-08T06:11:04.405,Saturn,https://opus.pds-rings.seti.org/holdings/previews/COISS_2xxx/COISS_2035/data/1565240957_1565252747/W1565246747_5_full.png,c9eea227b01b7da9bb77a73bbd10b937cd8d1659179ff12daa79b93851738826,/Users/upadhyay/dev/ICES/object_detection_opencv_cpp/data/cassini/issna/saturn/images/co-iss-w1565246747.png,true,position_only
co-iss-n1628416567,cassini,issna,saturn,CLEAR,180,2009-08-08T09:11:00.557,Saturn,https://opus.pds-rings.seti.org/holdings/previews/COISS_2xxx/COISS_2056/data/1628252687_1628427116/N1628416567_1_full.png,d6ea28f337d18f8aeadbe69621b74b0881e60d711a8a353d656102b166255538,/Users/upadhyay/dev/ICES/object_detection_opencv_cpp/data/cassini/issna/saturn/images/co-iss-n1628416567.png,true,position_only
co-iss-n1628417141,cassini,issna,saturn,CLEAR,180,2009-08-08T09:20:34.553,Saturn,https://opus.pds-rings.seti.org/holdings/previews/COISS_2xxx/COISS_2056/data/1628252687_1628427116/N1628417141_1_full.png,6d7863f5e21e781bbbbf84e4e41e2d69dd43cefde9c007280ecff2b2cebf150f,/Users/upadhyay/dev/ICES/object_detection_opencv_cpp/data/cassini/issna/saturn/images/co-iss-n1628417141.png,true,position_only
co-iss-n1628417915,cassini,issna,saturn,CLEAR,180,2009-08-08T09:33:28.548,Saturn,https://opus.pds-rings.seti.org/holdings/previews/COISS_2xxx/COISS_2056/data/1628252687_1628427116/N1628417915_1_full.png,f73b5f5caea77749e74fb9a4e1071d8e88d7d58ddf28fa6db8fe66ba8d3c8844,/Users/upadhyay/dev/ICES/object_detection_opencv_cpp/data/cassini/issna/saturn/images/co-iss-n1628417915.png,true,position_only
co-iss-n1628418489,cassini,issna,saturn,CLEAR,82,2009-08-08T09:44:40.536,Saturn,https://opus.pds-rings.seti.org/holdings/previews/COISS_2xxx/COISS_2056/data/1628252687_1628427116/N1628418489_1_full.png,75c1c53aa63ddb624baeff2d744150702d30e91031c1886949157bb8058f96c8,/Users/upadhyay/dev/ICES/object_detection_opencv_cpp/data/cassini/issna/saturn/images/co-iss-n1628418489.png,true,position_only
co-iss-n1628419263,cassini,issna,saturn,CLEAR,82,2009-08-08T09:57:34.530,Saturn,https://opus.pds-rings.seti.org/holdings/previews/COISS_2xxx/COISS_2056/data/1628252687_1628427116/N1628419263_1_full.png,79a45c8dcdad68a4788e50d7b65ec50c4d24855f2028b3366668e8a860c890d0,/Users/upadhyay/dev/ICES/object_detection_opencv_cpp/data/cassini/issna/saturn/images/co-iss-n1628419263.png,true,position_only
co-iss-n1628419863,cassini,issna,saturn,CLEAR,180,2009-08-08T10:05:56.534,Saturn,https://opus.pds-rings.seti.org/holdings/previews/COISS_2xxx/COISS_2056/data/1628252687_1628427116/N1628419863_1_full.png,476839e9d0350d8c3f4dc3ad996c46d2387f807180c2418f1cabd26b355abb45,/Users/upadhyay/dev/ICES/object_detection_opencv_cpp/data/cassini/issna/saturn/images/co-iss-n1628419863.png,true,position_only
co-iss-n1628420637,cassini,issna,saturn,CLEAR,180,2009-08-08T10:18:50.528,Saturn,https://opus.pds-rings.seti.org/holdings/previews/COISS_2xxx/COISS_2056/data/1628252687_1628427116/N1628420637_2_full.png,d7389ac50fca9c910f44cd7eb942aac3402a7a7908898ac0748fa3b26173054d,/Users/upadhyay/dev/ICES/object_detection_opencv_cpp/data/cassini/issna/saturn/images/co-iss-n1628420637.png,true,position_only
co-iss-n1628421211,cassini,issna,saturn,CLEAR,180,2009-08-08T10:28:24.524,Saturn,https://opus.pds-rings.seti.org/holdings/previews/COISS_2xxx/COISS_2056/data/1628252687_1628427116/N1628421211_1_full.png,1f063f2eaad2f5a93bcd9e25d049f87d59fc91beb6ca9188a11a6e0b9b4144a6,/Users/upadhyay/dev/ICES/object_detection_opencv_cpp/data/cassini/issna/saturn/images/co-iss-n1628421211.png,true,position_only
co-iss-n1628425316,cassini,issna,saturn,CLEAR,180,2009-08-08T11:36:49.503,Saturn,https://opus.pds-rings.seti.org/holdings/previews/COISS_2xxx/COISS_2056/data/1628252687_1628427116/N1628425316_1_full.png,7ade531628a6cd1d701c410e5de4524676e15c744c116d027745c6bce35bdb4a,/Users/upadhyay/dev/ICES/object_detection_opencv_cpp/data/cassini/issna/saturn/images/co-iss-n1628425316.png,true,position_only
co-iss-n1628425916,cassini,issna,saturn,CLEAR,180,2009-08-08T11:46:49.499,Saturn,https://opus.pds-rings.seti.org/holdings/previews/COISS_2xxx/COISS_2056/data/1628252687_1628427116/N1628425916_1_full.png,cf697294082238393fc3f8063a9ae1370d77b7ca6e18f38b66b588226f0037a0,/Users/upadhyay/dev/ICES/object_detection_opencv_cpp/data/cassini/issna/saturn/images/co-iss-n1628425916.png,true,position_only
co-iss-n1628426716,cassini,issna,saturn,CLEAR,180,2009-08-08T12:00:09.493,Saturn,https://opus.pds-rings.seti.org/holdings/previews/COISS_2xxx/COISS_2056/data/1628252687_1628427116/N1628426716_1_full.png,dba2aa8d7cba79eea6f4f0a95df5738bc40db8bab7608af498610c411ec2fd26,/Users/upadhyay/dev/ICES/object_detection_opencv_cpp/data/cassini/issna/saturn/images/co-iss-n1628426716.png,true,position_only
co-iss-n1628427316,cassini,issna,saturn,CLEAR,180,2009-08-08T12:10:09.489,Saturn,https://opus.pds-rings.seti.org/holdings/previews/COISS_2xxx/COISS_2056/data/1628427316_1628581544/N1628427316_1_full.png,e681919cabb9f2556012b5ffb6174226fcab2fa279bc280266a9af4f7dac3f5b,/Users/upadhyay/dev/ICES/object_detection_opencv_cpp/data/cassini/issna/saturn/images/co-iss-n1628427316.png,true,position_only
co-iss-n1628428116,cassini,issna,saturn,CLEAR,180,2009-08-08T12:23:29.483,Saturn,https://opus.pds-rings.seti.org/holdings/previews/COISS_2xxx/COISS_2056/data/1628427316_1628581544/N1628428116_1_full.png,21ccc6b9a3626b4d5f18af89c589baf4def0193fd00b2f5bad6418677e8eb4d9,/Users/upadhyay/dev/ICES/object_detection_opencv_cpp/data/cassini/issna/saturn/images/co-iss-n1628428116.png,true,position_only
co-iss-n1628428920,cassini,issna,saturn,CLEAR,180,2009-08-08T12:36:53.481,Saturn,https://opus.pds-rings.seti.org/holdings/previews/COISS_2xxx/COISS_2056/data/1628427316_1628581544/N1628428920_1_full.png,05445cc689be69a91100314dd6d2c5c4060afba06340d2e1b7adcb8674dac3cb,/Users/upadhyay/dev/ICES/object_detection_opencv_cpp/data/cassini/issna/saturn/images/co-iss-n1628428920.png,true,position_only
co-iss-n1628429694,cassini,issna,saturn,CLEAR,180,2009-08-08T12:49:47.464,Saturn,https://opus.pds-rings.seti.org/holdings/previews/COISS_2xxx/COISS_2056/data/1628427316_1628581544/N1628429694_1_full.png,44855c515fb3c3de08f976d9750e6a5534c97b67bc6fb3c09ca82459d59ec6d1,/Users/upadhyay/dev/ICES/object_detection_opencv_cpp/data/cassini/issna/saturn/images/co-iss-n1628429694.png,true,position_only
co-iss-n1628430268,cassini,issna,saturn,CLEAR,82,2009-08-08T13:00:59.452,Saturn,https://opus.pds-rings.seti.org/holdings/previews/COISS_2xxx/COISS_2056/data/1628427316_1628581544/N1628430268_1_full.png,74fd8536e32735166588670567bd77954576d63916a6f664316067c51c9eb415,/Users/upadhyay/dev/ICES/object_detection_opencv_cpp/data/cassini/issna/saturn/images/co-iss-n1628430268.png,true,position_only
co-iss-n1628431042,cassini,issna,saturn,CLEAR,82,2009-08-08T13:13:53.446,Saturn,https://opus.pds-rings.seti.org/holdings/previews/COISS_2xxx/COISS_2056/data/1628427316_1628581544/N1628431042_1_full.png,5e222a262c72597fa1c53b38dabec0d49037d3b24fe97b6d00426601db44e972,/Users/upadhyay/dev/ICES/object_detection_opencv_cpp/data/cassini/issna/saturn/images/co-iss-n1628431042.png,true,position_only
co-iss-n1628431816,cassini,issna,saturn,CLEAR,82,2009-08-08T13:26:47.441,Saturn,https://opus.pds-rings.seti.org/holdings/previews/COISS_2xxx/COISS_2056/data/1628427316_1628581544/N1628431816_1_full.png,6634b2eea35d703698e4cf10128c0c8772819d8a433a7b53602a4910af2108bb,/Users/upadhyay/dev/ICES/object_detection_opencv_cpp/data/cassini/issna/saturn/images/co-iss-n1628431816.png,true,position_only
co-iss-n1628432416,cassini,issna,saturn,CLEAR,180,2009-08-08T13:35:09.445,Saturn,https://opus.pds-rings.seti.org/holdings/previews/COISS_2xxx/COISS_2056/data/1628427316_1628581544/N1628432416_1_full.png,861495a68f146d31db09477fea34ebcf2e04af782ea7fea45601be9094f838e6,/Users/upadhyay/dev/ICES/object_detection_opencv_cpp/data/cassini/issna/saturn/images/co-iss-n1628432416.png,true,position_only
co-iss-n1628433190,cassini,issna,saturn,CLEAR,180,2009-08-08T13:48:03.439,Saturn,https://opus.pds-rings.seti.org/holdings/previews/COISS_2xxx/COISS_2056/data/1628427316_1628581544/N1628433190_1_full.png,9f118a78ead97221b6b491bea265f1434d7e32e1044f165eae19f66c648df693,/Users/upadhyay/dev/ICES/object_detection_opencv_cpp/data/cassini/issna/saturn/images/co-iss-n1628433190.png,true,position_only
co-iss-n1628433764,cassini,issna,saturn,CLEAR,180,2009-08-08T13:57:37.435,Saturn,https://opus.pds-rings.seti.org/holdings/previews/COISS_2xxx/COISS_2056/data/1628427316_1628581544/N1628433764_1_full.png,f085db9152a66f5689674ee6d1a6e349bc76d2b09a6d5106f525772ed9a3d3d1,/Users/upadhyay/dev/ICES/object_detection_opencv_cpp/data/cassini/issna/saturn/images/co-iss-n1628433764.png,true,position_only
co-iss-n1628434538,cassini,issna,saturn,CLEAR,180,2009-08-08T14:10:31.429,Saturn,https://opus.pds-rings.seti.org/holdings/previews/COISS_2xxx/COISS_2056/data/1628427316_1628581544/N1628434538_1_full.png,d79409f5332d763f3beff806a0e36d0c5709999f3377022be688f63ed586e4fa,/Users/upadhyay/dev/ICES/object_detection_opencv_cpp/data/cassini/issna/saturn/images/co-iss-n1628434538.png,true,position_only
co-iss-n1628435112,cassini,issna,saturn,CLEAR,180,2009-08-08T14:20:05.425,Saturn,https://opus.pds-rings.seti.org/holdings/previews/COISS_2xxx/COISS_2056/data/1628427316_1628581544/N1628435112_1_full.png,2d4958624adf61e86a37790a12b9c92c512484fc8e13dad795b18c996ba743ac,/Users/upadhyay/dev/ICES/object_detection_opencv_cpp/data/cassini/issna/saturn/images/co-iss-n1628435112.png,true,position_only
co-iss-n1629164481,cassini,issna,saturn,CLEAR,180,2009-08-17T00:56:09.242,Saturn,https://opus.pds-rings.seti.org/holdings/previews/COISS_2xxx/COISS_2057/data/1629144588_1629174249/N1629164481_1_full.png,c12a0f1185aa0a8b17bf680f1d40d27fcbe8851dd7c039fc9f86597331145c0d,/Users/upadhyay/dev/ICES/object_detection_opencv_cpp/data/cassini/issna/saturn/images/co-iss-n1629164481.png,true,position_only
co-iss-n1629165081,cassini,issna,saturn,CLEAR,180,2009-08-17T01:06:09.238,Saturn,https://opus.pds-rings.seti.org/holdings/previews/COISS_2xxx/COISS_2057/data/1629144588_1629174249/N1629165081_1_full.png,9ba952830b674be03a58d643ae36d405cefa72fffc1b8b552a4bd2e6fa7242ee,/Users/upadhyay/dev/ICES/object_detection_opencv_cpp/data/cassini/issna/saturn/images/co-iss-n1629165081.png,true,position_only
co-iss-n1629165989,cassini,issna,saturn,CLEAR,180,2009-08-17T01:21:17.216,Saturn,https://opus.pds-rings.seti.org/holdings/previews/COISS_2xxx/COISS_2057/data/1629144588_1629174249/N1629165989_1_full.png,b3b2720d859b2e8c98b939fa104def7c70b13bfded866a6e2b38a4745d4c7044,/Users/upadhyay/dev/ICES/object_detection_opencv_cpp/data/cassini/issna/saturn/images/co-iss-n1629165989.png,true,position_only
co-iss-n1629166589,cassini,issna,saturn,CLEAR,180,2009-08-17T01:31:17.212,Saturn,https://opus.pds-rings.seti.org/holdings/previews/COISS_2xxx/COISS_2057/data/1629144588_1629174249/N1629166589_1_full.png,3aabbecb06c094c3f9039a15041518533be36caca69bd597ed34236155ee37af,/Users/upadhyay/dev/ICES/object_detection_opencv_cpp/data/cassini/issna/saturn/images/co-iss-n1629166589.png,true,position_only
co-iss-n1629167498,cassini,issna,saturn,CLEAR,180,2009-08-17T01:46:26.205,Saturn,https://opus.pds-rings.seti.org/holdings/previews/COISS_2xxx/COISS_2057/data/1629144588_1629174249/N1629167498_1_full.png,3f4ce99edf0fa4d4e54c51faf7d2b0e8e221016f33750360ca738550122be232,/Users/upadhyay/dev/ICES/object_detection_opencv_cpp/data/cassini/issna/saturn/images/co-iss-n1629167498.png,true,position_only
co-iss-n1691632063,cassini,issna,saturn,CB2,3.2,2011-08-10T00:58:22.083,Saturn,https://opus.pds-rings.seti.org/holdings/previews/COISS_2xxx/COISS_2069/data/1691590881_1691637301/N1691632063_1_full.png,cb7d2724eb52e6de265806bd3b6459c6237a8b59d156be3e8b4e7d2f2de88f62,/Users/upadhyay/dev/ICES/object_detection_opencv_cpp/data/cassini/issna/saturn/images/co-iss-n1691632063.png,true,position_only
co-iss-n1691632645,cassini,issna,saturn,CB2,3.2,2011-08-10T01:08:04.080,Saturn,https://opus.pds-rings.seti.org/holdings/previews/COISS_2xxx/COISS_2069/data/1691590881_1691637301/N1691632645_1_full.png,e2edce5947385642008fed51be8848a062bc48f767a846234dc9e7f60d5bbe6c,/Users/upadhyay/dev/ICES/object_detection_opencv_cpp/data/cassini/issna/saturn/images/co-iss-n1691632645.png,true,position_only
co-iss-n1691633139,cassini,issna,saturn,BL1,0.38,2011-08-10T01:16:20.897,Saturn,https://opus.pds-rings.seti.org/holdings/previews/COISS_2xxx/COISS_2069/data/1691590881_1691637301/N1691633139_1_full.png,c8764fcacefe429adf3d273d95b1d6a7df9ed406e10aa56580b36f345e0ca7f4,/Users/upadhyay/dev/ICES/object_detection_opencv_cpp/data/cassini/issna/saturn/images/co-iss-n1691633139.png,true,position_only
co-iss-n1691633721,cassini,issna,saturn,BL1,0.38,2011-08-10T01:26:02.893,Saturn,https://opus.pds-rings.seti.org/holdings/previews/COISS_2xxx/COISS_2069/data/1691590881_1691637301/N1691633721_1_full.png,ece2ef371fe07555109739abc82c2974fb0b62dfa9fbf5a4f15cc947ec54b5ba,/Users/upadhyay/dev/ICES/object_detection_opencv_cpp/data/cassini/issna/saturn/images/co-iss-n1691633721.png,true,position_only
co-iss-n1691633985,cassini,issna,saturn,MT3,22,2011-08-10T01:30:05.271,Saturn,https://opus.pds-rings.seti.org/holdings/previews/COISS_2xxx/COISS_2069/data/1691590881_1691637301/N1691633985_1_full.png,cd8017573703dedb585a32fa3e8379df7b1d04db7e5dddf233bd09891a3b081e,/Users/upadhyay/dev/ICES/object_detection_opencv_cpp/data/cassini/issna/saturn/images/co-iss-n1691633985.png,true,position_only
co-iss-n1691634567,cassini,issna,saturn,MT3,22,2011-08-10T01:39:47.268,Saturn,https://opus.pds-rings.seti.org/holdings/previews/COISS_2xxx/COISS_2069/data/1691590881_1691637301/N1691634567_1_full.png,88fec4e429751ab0708c0b25be2ad59b53d98f0f8fc8d1a46446d43aac1fe40a,/Users/upadhyay/dev/ICES/object_detection_opencv_cpp/data/cassini/issna/saturn/images/co-iss-n1691634567.png,true,position_only
co-iss-n1691635149,cassini,issna,saturn,MT3,22,2011-08-10T01:49:29.264,Saturn,https://opus.pds-rings.seti.org/holdings/previews/COISS_2xxx/COISS_2069/data/1691590881_1691637301/N1691635149_1_full.png,bf1e151df8420351b5f14b59c4067e55d6ba7b9a8f913cb4b97f008d4f90c5e7,/Users/upadhyay/dev/ICES/object_detection_opencv_cpp/data/cassini/issna/saturn/images/co-iss-n1691635149.png,true,position_only
co-iss-n1691635643,cassini,issna,saturn,MT2,4.6,2011-08-10T01:58:00.661,Saturn,https://opus.pds-rings.seti.org/holdings/previews/COISS_2xxx/COISS_2069/data/1691590881_1691637301/N1691635643_1_full.png,1e0e0ebfad16085aaf6c3678227cdee1cfba09a7d7841f2e38f6e75b5cf722b3,/Users/upadhyay/dev/ICES/object_detection_opencv_cpp/data/cassini/issna/saturn/images/co-iss-n1691635643.png,true,position_only
co-iss-n1691636225,cassini,issna,saturn,MT2,4.6,2011-08-10T02:07:42.657,Saturn,https://opus.pds-rings.seti.org/holdings/previews/COISS_2xxx/COISS_2069/data/1691590881_1691637301/N1691636225_1_full.png,1bf75f643785ee778613c3c8cf50180b660d7f42d4a214786acf6e4161b43356,/Users/upadhyay/dev/ICES/object_detection_opencv_cpp/data/cassini/issna/saturn/images/co-iss-n1691636225.png,true,position_only
co-iss-n1691636719,cassini,issna,saturn,CB2,3.2,2011-08-10T02:15:58.054,Saturn,https://opus.pds-rings.seti.org/holdings/previews/COISS_2xxx/COISS_2069/data/1691590881_1691637301/N1691636719_1_full.png,d50cc354370fa95c9700855fc352667b21f3ab37f79484a766d1e70e4ffd34c7,/Users/upadhyay/dev/ICES/object_detection_opencv_cpp/data/cassini/issna/saturn/images/co-iss-n1691636719.png,true,position_only
co-iss-n1691637301,cassini,issna,saturn,CB2,3.2,2011-08-10T02:25:40.050,Saturn,https://opus.pds-rings.seti.org/holdings/previews/COISS_2xxx/COISS_2069/data/1691590881_1691637301/N1691637301_1_full.png,d70ec0d3affdcff74e860350188fdd742e5001905b183244be1f9f82d55baaf7,/Users/upadhyay/dev/ICES/object_detection_opencv_cpp/data/cassini/issna/saturn/images/co-iss-n1691637301.png,true,position_only
co-iss-w1691637741,cassini,issna,saturn,CB2,0.26,2011-08-10T02:33:02.988,Saturn,https://opus.pds-rings.seti.org/holdings/previews/COISS_2xxx/COISS_2069/data/1691637389_1691726305/W1691637741_1_full.png,253b0e9dfdcc7b646997153200ceee73721da21067f98cef3b0744337e76567d,/Users/upadhyay/dev/ICES/object_detection_opencv_cpp/data/cassini/issna/saturn/images/co-iss-w1691637741.png,true,position_only
co-iss-w1691660167,cassini,issna,saturn,RED,0.02,2011-08-10T08:46:49.105,Saturn,https://opus.pds-rings.seti.org/holdings/previews/COISS_2xxx/COISS_2069/data/1691637389_1691726305/W1691660167_1_full.png,f541b7859d65b34429e7304238492c255ca4eadb06c5f616167e32d732b9ac81,/Users/upadhyay/dev/ICES/object_detection_opencv_cpp/data/cassini/issna/saturn/images/co-iss-w1691660167.png,true,position_only
co-iss-w1691660267,cassini,issna,saturn,MT2+IRP0,0.68,2011-08-10T08:48:28.460,Saturn,https://opus.pds-rings.seti.org/holdings/previews/COISS_2xxx/COISS_2069/data/1691637389_1691726305/W1691660267_1_full.png,39c639a78f7f1c9033fdea2d83a1e8ff9baf5113e47289ff1d07687a5b8a3282,/Users/upadhyay/dev/ICES/object_detection_opencv_cpp/data/cassini/issna/saturn/images/co-iss-w1691660267.png,true,position_only
co-iss-w1691660372,cassini,issna,saturn,MT3+IRP0,15,2011-08-10T08:49:59.151,Saturn,https://opus.pds-rings.seti.org/holdings/previews/COISS_2xxx/COISS_2069/data/1691637389_1691726305/W1691660372_1_full.png,533d52d760e8677d9f71f5acbf466e597d1c7521d582b587d3f1aa8564f2c3a3,/Users/upadhyay/dev/ICES/object_detection_opencv_cpp/data/cassini/issna/saturn/images/co-iss-w1691660372.png,true,position_only
co-iss-n1691660517,cassini,issna,saturn,BL1,0.38,2011-08-10T08:52:38.724,Saturn,https://opus.pds-rings.seti.org/holdings/previews/COISS_2xxx/COISS_2069/data/1691637389_1691726305/N1691660517_1_full.png,05c94d076174f2148662e468a1d8a90991120be2ed6f446dbeced0551e3339cc,/Users/upadhyay/dev/ICES/object_detection_opencv_cpp/data/cassini/issna/saturn/images/co-iss-n1691660517.png,true,position_only
co-iss-n1691661099,cassini,issna,saturn,BL1,0.38,2011-08-10T09:02:20.720,Saturn,https://opus.pds-rings.seti.org/holdings/previews/COISS_2xxx/COISS_2069/data/1691637389_1691726305/N1691661099_1_full.png,cdd168f7c873a2bcf7aa42c0d7e590324b6cb1e56b1e03cce79fa4ada4b1f816,/Users/upadhyay/dev/ICES/object_detection_opencv_cpp/data/cassini/issna/saturn/images/co-iss-n1691661099.png,true,position_only
co-iss-n1691661363,cassini,issna,saturn,MT3,22,2011-08-10T09:06:23.098,Saturn,https://opus.pds-rings.seti.org/holdings/previews/COISS_2xxx/COISS_2069/data/1691637389_1691726305/N1691661363_1_full.png,a1c90e1d8155b25d900fdc7c6a0b34846a3a203a759ea596eb31edf8e9951034,/Users/upadhyay/dev/ICES/object_detection_opencv_cpp/data/cassini/issna/saturn/images/co-iss-n1691661363.png,true,position_only
co-iss-n1691661945,cassini,issna,saturn,MT3,22,2011-08-10T09:16:05.095,Saturn,https://opus.pds-rings.seti.org/holdings/previews/COISS_2xxx/COISS_2069/data/1691637389_1691726305/N1691661945_1_full.png,def8ae33c58de5f102f046d7048f34b91c599a7ba777c36ca3f5d02f37e3482c,/Users/upadhyay/dev/ICES/object_detection_opencv_cpp/data/cassini/issna/saturn/images/co-iss-n1691661945.png,true,position_only
co-iss-n1691662439,cassini,issna,saturn,MT2,4.6,2011-08-10T09:24:36.491,Saturn,https://opus.pds-rings.seti.org/holdings/previews/COISS_2xxx/COISS_2069/data/1691637389_1691726305/N1691662439_1_full.png,b458193953ed6eed9e178dd478a3ed16c2944e1f8dce92cdbe759d151acf0191,/Users/upadhyay/dev/ICES/object_detection_opencv_cpp/data/cassini/issna/saturn/images/co-iss-n1691662439.png,true,position_only
co-iss-n1691663021,cassini,issna,saturn,MT2,4.6,2011-08-10T09:34:18.488,Saturn,https://opus.pds-rings.seti.org/holdings/previews/COISS_2xxx/COISS_2069/data/1691637389_1691726305/N1691663021_1_full.png,f9c7299563626921b255e302b47818f1f5251e225341641ac679f3f77f022063,/Users/upadhyay/dev/ICES/object_detection_opencv_cpp/data/cassini/issna/saturn/images/co-iss-n1691663021.png,true,position_only
co-iss-n1691663515,cassini,issna,saturn,CB2,3.2,2011-08-10T09:42:33.885,Saturn,https://opus.pds-rings.seti.org/holdings/previews/COISS_2xxx/COISS_2069/data/1691637389_1691726305/N1691663515_1_full.png,a517f03a9d249a0db41120ae40fd196e6355902fbfeacfdd09283ec093a21ee6,/Users/upadhyay/dev/ICES/object_detection_opencv_cpp/data/cassini/issna/saturn/images/co-iss-n1691663515.png,true,position_only
co-iss-n1691664097,cassini,issna,saturn,CB2,3.2,2011-08-10T09:52:15.881,Saturn,https://opus.pds-rings.seti.org/holdings/previews/COISS_2xxx/COISS_2069/data/1691637389_1691726305/N1691664097_2_full.png,8329d439bd80dcaf2a79986d04ddab3272aa7e04dea0a81e7128edea76324ffd,/Users/upadhyay/dev/ICES/object_detection_opencv_cpp/data/cassini/issna/saturn/images/co-iss-n1691664097.png,true,position_only
co-iss-n1691664591,cassini,issna,saturn,BL1,0.38,2011-08-10T10:00:32.698,Saturn,https://opus.pds-rings.seti.org/holdings/previews/COISS_2xxx/COISS_2069/data/1691637389_1691726305/N1691664591_1_full.png,cc24f6d6dc97f07ee3f6bca486d4fe27f7b1177522fd1627950794cd91b0219b,/Users/upadhyay/dev/ICES/object_detection_opencv_cpp/data/cassini/issna/saturn/images/co-iss-n1691664591.png,true,position_only
co-iss-n1691665173,cassini,issna,saturn,BL1,0.38,2011-08-10T10:10:14.694,Saturn,https://opus.pds-rings.seti.org/holdings/previews/COISS_2xxx/COISS_2069/data/1691637389_1691726305/N1691665173_1_full.png,1c399b72933cbfe8657863200e06a11c0b42c8dd4831b87af866488ac0ae4c1a,/Users/upadhyay/dev/ICES/object_detection_opencv_cpp/data/cassini/issna/saturn/images/co-iss-n1691665173.png,true,position_only
co-iss-n1691665755,cassini,issna,saturn,BL1,0.38,2011-08-10T10:19:56.690,Saturn,https://opus.pds-rings.seti.org/holdings/previews/COISS_2xxx/COISS_2069/data/1691637389_1691726305/N1691665755_1_full.png,cfa6253576bc093fa2153ae787b793781018b620bb22afbe893f5e12b8f254df,/Users/upadhyay/dev/ICES/object_detection_opencv_cpp/data/cassini/issna/saturn/images/co-iss-n1691665755.png,true,position_only
co-iss-n1691666019,cassini,issna,saturn,MT3,22,2011-08-10T10:23:59.069,Saturn,https://opus.pds-rings.seti.org/holdings/previews/COISS_2xxx/COISS_2069/data/1691637389_1691726305/N1691666019_1_full.png,6edcd42be3631510e51963e11c9267a152a9ad1cd498ce14dbaf772a0661d4f3,/Users/upadhyay/dev/ICES/object_detection_opencv_cpp/data/cassini/issna/saturn/images/co-iss-n1691666019.png,true,position_only
co-iss-n1691666601,cassini,issna,saturn,MT3,22,2011-08-10T10:33:41.065,Saturn,https://opus.pds-rings.seti.org/holdings/previews/COISS_2xxx/COISS_2069/data/1691637389_1691726305/N1691666601_1_full.png,8a7abbe4d1d212a2b92fb6ca0738ea2110eea5d335e2331bad515931214ba161,/Users/upadhyay/dev/ICES/object_detection_opencv_cpp/data/cassini/issna/saturn/images/co-iss-n1691666601.png,true,position_only
co-iss-n1691667095,cassini,issna,saturn,MT2,4.6,2011-08-10T10:42:12.462,Saturn,https://opus.pds-rings.seti.org/holdings/previews/COISS_2xxx/COISS_2069/data/1691637389_1691726305/N1691667095_1_full.png,4f3232d32038c6617d8919a47a52501f979b71d0b65a55da97669ebc85c140f9,/Users/upadhyay/dev/ICES/object_detection_opencv_cpp/data/cassini/issna/saturn/images/co-iss-n1691667095.png,true,position_only
co-iss-n1747571647,cassini,issna,saturn,CLEAR,0.68,2013-05-18T11:38:52.763,Saturn,https://opus.pds-rings.seti.org/holdings/previews/COISS_2xxx/COISS_2082/data/1747570007_1747575087/N1747571647_1_full.png,1c2e76e2854ca71d223c1c7d74949ed7be25004103702d4eb75ca5a1b7d9baa2,/Users/upadhyay/dev/ICES/object_detection_opencv_cpp/data/cassini/issna/saturn/images/co-iss-n1747571647.png,true,position_only
co-iss-n1747571767,cassini,issna,saturn,CLEAR,0.68,2013-05-18T11:40:52.762,Saturn,https://opus.pds-rings.seti.org/holdings/previews/COISS_2xxx/COISS_2082/data/1747570007_1747575087/N1747571767_1_full.png,6e68a3f149478836c9e0a4d6b15bc7c37f8837a2ce1fe624a2bc0f8a282d7926,/Users/upadhyay/dev/ICES/object_detection_opencv_cpp/data/cassini/issna/saturn/images/co-iss-n1747571767.png,true,position_only
co-iss-n1747571927,cassini,issna,saturn,CLEAR,0.68,2013-05-18T11:43:32.761,Saturn,https://opus.pds-rings.seti.org/holdings/previews/COISS_2xxx/COISS_2082/data/1747570007_1747575087/N1747571927_1_full.png,98f83adbb548d79f4b04be4d5a2830602241298da0baa4cb0f9efa4f7288a238,/Users/upadhyay/dev/ICES/object_detection_opencv_cpp/data/cassini/issna/saturn/images/co-iss-n1747571927.png,true,position_only
co-iss-n1747572047,cassini,issna,saturn,CLEAR,0.68,2013-05-18T11:45:32.760,Saturn,https://opus.pds-rings.seti.org/holdings/previews/COISS_2xxx/COISS_2082/data/1747570007_1747575087/N1747572047_1_full.png,7d8f48ce3fd2abb3fdbe52411b8bc6e0a601e5c764300aaab3e6f1affdd70259,/Users/upadhyay/dev/ICES/object_detection_opencv_cpp/data/cassini/issna/saturn/images/co-iss-n1747572047.png,true,position_only
co-iss-n1747572207,cassini,issna,saturn,CLEAR,0.68,2013-05-18T11:48:12.759,Saturn,https://opus.pds-rings.seti.org/holdings/previews/COISS_2xxx/COISS_2082/data/1747570007_1747575087/N1747572207_1_full.png,4f098170b4ab73be2c65bc38c216d8758b643ed82ae456fc72eed43187d75d0f,/Users/upadhyay/dev/ICES/object_detection_opencv_cpp/data/cassini/issna/saturn/images/co-iss-n1747572207.png,true,position_only
co-iss-n1747572327,cassini,issna,saturn,CLEAR,0.68,2013-05-18T11:50:12.759,Saturn,https://opus.pds-rings.seti.org/holdings/previews/COISS_2xxx/COISS_2082/data/1747570007_1747575087/N1747572327_1_full.png,8dd5de87949436984c35451c876e00566684801e491a9b111274276ca92049ad,/Users/upadhyay/dev/ICES/object_detection_opencv_cpp/data/cassini/issna/saturn/images/co-iss-n1747572327.png,true,position_only
co-iss-n1747572487,cassini,issna,saturn,CLEAR,0.68,2013-05-18T11:52:52.757,Saturn,https://opus.pds-rings.seti.org/holdings/previews/COISS_2xxx/COISS_2082/data/1747570007_1747575087/N1747572487_1_full.png,7af60e0a2f1d9517e81143ed507294080ec5c7c360b29b15ea4734d5a4e87de3,/Users/upadhyay/dev/ICES/object_detection_opencv_cpp/data/cassini/issna/saturn/images/co-iss-n1747572487.png,true,position_only
co-iss-n1747572607,cassini,issna,saturn,CLEAR,0.68,2013-05-18T11:54:52.757,Saturn,https://opus.pds-rings.seti.org/holdings/previews/COISS_2xxx/COISS_2082/data/1747570007_1747575087/N1747572607_1_full.png,af82abf06ffc1451af4ed7dc2ecb8c5fcb3a1eb59ced0a0e2355c73ab1c15ad7,/Users/upadhyay/dev/ICES/object_detection_opencv_cpp/data/cassini/issna/saturn/images/co-iss-n1747572607.png,true,position_only
co-iss-n1747572767,cassini,issna,saturn,CLEAR,0.68,2013-05-18T11:57:32.756,Saturn,https://opus.pds-rings.seti.org/holdings/previews/COISS_2xxx/COISS_2082/data/1747570007_1747575087/N1747572767_1_full.png,ba19711533117067f51ab4ef2486c53e7e644628169b097308bdb3078c0d2a00,/Users/upadhyay/dev/ICES/object_detection_opencv_cpp/data/cassini/issna/saturn/images/co-iss-n1747572767.png,true,position_only
co-iss-n1747572887,cassini,issna,saturn,CLEAR,0.68,2013-05-18T11:59:32.755,Saturn,https://opus.pds-rings.seti.org/holdings/previews/COISS_2xxx/COISS_2082/data/1747570007_1747575087/N1747572887_1_full.png,18250708835f2509368f798df12f48257957888222e404141acb76a1d73519b5,/Users/upadhyay/dev/ICES/object_detection_opencv_cpp/data/cassini/issna/saturn/images/co-iss-n1747572887.png,true,position_only
co-iss-n1747573047,cassini,issna,saturn,CLEAR,0.68,2013-05-18T12:02:12.754,Saturn,https://opus.pds-rings.seti.org/holdings/previews/COISS_2xxx/COISS_2082/data/1747570007_1747575087/N1747573047_1_full.png,4b9a1eb276df77992bee37676829f7f46834f8ea87d192cef272fd585d8b9ff8,/Users/upadhyay/dev/ICES/object_detection_opencv_cpp/data/cassini/issna/saturn/images/co-iss-n1747573047.png,true,position_only
co-iss-n1747573167,cassini,issna,saturn,CLEAR,0.68,2013-05-18T12:04:12.753,Saturn,https://opus.pds-rings.seti.org/holdings/previews/COISS_2xxx/COISS_2082/data/1747570007_1747575087/N1747573167_1_full.png,570244a70270a25fb1486a095a72a3fda5c773f70051e90387ee69b21e1a20e4,/Users/upadhyay/dev/ICES/object_detection_opencv_cpp/data/cassini/issna/saturn/images/co-iss-n1747573167.png,true,position_only
co-iss-n1747573327,cassini,issna,saturn,CLEAR,0.68,2013-05-18T12:06:52.752,Saturn,https://opus.pds-rings.seti.org/holdings/previews/COISS_2xxx/COISS_2082/data/1747570007_1747575087/N1747573327_1_full.png,eab3e57f7c0e97f5db021769d7abfbcd383ce0824836e63a0a14809315126846,/Users/upadhyay/dev/ICES/object_detection_opencv_cpp/data/cassini/issna/saturn/images/co-iss-n1747573327.png,true,position_only
co-iss-n1747573447,cassini,issna,saturn,CLEAR,0.68,2013-05-18T12:08:52.751,Saturn,https://opus.pds-rings.seti.org/holdings/previews/COISS_2xxx/COISS_2082/data/1747570007_1747575087/N1747573447_1_full.png,59d90e78f2a03a69aa8e1bf081f1e2248077c418fda32b8181e22a91c2d92cc0,/Users/upadhyay/dev/ICES/object_detection_opencv_cpp/data/cassini/issna/saturn/images/co-iss-n1747573447.png,true,position_only
co-iss-n1747573607,cassini,issna,saturn,CLEAR,0.68,2013-05-18T12:11:32.750,Saturn,https://opus.pds-rings.seti.org/holdings/previews/COISS_2xxx/COISS_2082/data/1747570007_1747575087/N1747573607_1_full.png,1bcb8dabdff61cf4060e25476ccb4b37851e00a4f11d08a3d928680c949d1d41,/Users/upadhyay/dev/ICES/object_detection_opencv_cpp/data/cassini/issna/saturn/images/co-iss-n1747573607.png,true,position_only
co-iss-n1747573767,cassini,issna,saturn,CLEAR,0.68,2013-05-18T12:14:12.749,Saturn,https://opus.pds-rings.seti.org/holdings/previews/COISS_2xxx/COISS_2082/data/1747570007_1747575087/N1747573767_1_full.png,790548f7a3c31798e1e49fd648cd57a59d7717dbe951484d14ae2df720666168,/Users/upadhyay/dev/ICES/object_detection_opencv_cpp/data/cassini/issna/saturn/images/co-iss-n1747573767.png,true,position_only
co-iss-n1747573887,cassini,issna,saturn,CLEAR,0.68,2013-05-18T12:16:12.749,Saturn,https://opus.pds-rings.seti.org/holdings/previews/COISS_2xxx/COISS_2082/data/1747570007_1747575087/N1747573887_1_full.png,6234a5bf9bd52ca61114c581fcf25bfed800c95cd1ae286b4194a4f31a970bf5,/Users/upadhyay/dev/ICES/object_detection_opencv_cpp/data/cassini/issna/saturn/images/co-iss-n1747573887.png,true,position_only
co-iss-n1747574047,cassini,issna,saturn,CLEAR,0.68,2013-05-18T12:18:52.748,Saturn,https://opus.pds-rings.seti.org/holdings/previews/COISS_2xxx/COISS_2082/data/1747570007_1747575087/N1747574047_1_full.png,fb80bea4ae821749702c899ee4cab2393a6bab28048641bc25719e049bea0c41,/Users/upadhyay/dev/ICES/object_detection_opencv_cpp/data/cassini/issna/saturn/images/co-iss-n1747574047.png,true,position_only
co-iss-n1747574167,cassini,issna,saturn,CLEAR,0.68,2013-05-18T12:20:52.747,Saturn,https://opus.pds-rings.seti.org/holdings/previews/COISS_2xxx/COISS_2082/data/1747570007_1747575087/N1747574167_1_full.png,bdeace6ec49bd272911ace5df62e5f6ef070a1a3e504fbf741880e546ef7a7a6,/Users/upadhyay/dev/ICES/object_detection_opencv_cpp/data/cassini/issna/saturn/images/co-iss-n1747574167.png,true,position_only
co-iss-n1747574327,cassini,issna,saturn,CLEAR,0.68,2013-05-18T12:23:32.746,Saturn,https://opus.pds-rings.seti.org/holdings/previews/COISS_2xxx/COISS_2082/data/1747570007_1747575087/N1747574327_1_full.png,33cfbb962cc83fed65e3d8741be67c58f35946a20f76474c8db1db007af62b46,/Users/upadhyay/dev/ICES/object_detection_opencv_cpp/data/cassini/issna/saturn/images/co-iss-n1747574327.png,true,position_only
co-iss-n1747574447,cassini,issna,saturn,CLEAR,0.68,2013-05-18T12:25:32.745,Saturn,https://opus.pds-rings.seti.org/holdings/previews/COISS_2xxx/COISS_2082/data/1747570007_1747575087/N1747574447_1_full.png,84c98bc87bc4ce4fe44dbbc26b17d30e74f3757f0755951efec604e8dc246333,/Users/upadhyay/dev/ICES/object_detection_opencv_cpp/data/cassini/issna/saturn/images/co-iss-n1747574447.png,true,position_only
co-iss-n1747574607,cassini,issna,saturn,CLEAR,0.68,2013-05-18T12:28:12.744,Saturn,https://opus.pds-rings.seti.org/holdings/previews/COISS_2xxx/COISS_2082/data/1747570007_1747575087/N1747574607_1_full.png,b9791e5ac9cbdf6a8a85df3b278dd9995465fdaf1859fcfb2ba48495fb0757af,/Users/upadhyay/dev/ICES/object_detection_opencv_cpp/data/cassini/issna/saturn/images/co-iss-n1747574607.png,true,position_only
co-iss-n1747574727,cassini,issna,saturn,CLEAR,0.68,2013-05-18T12:30:12.743,Saturn,https://opus.pds-rings.seti.org/holdings/previews/COISS_2xxx/COISS_2082/data/1747570007_1747575087/N1747574727_1_full.png,4978a09aef7d94c3aff9190141dab2c157a907f0a167bdad24cfdca7470bfec4,/Users/upadhyay/dev/ICES/object_detection_opencv_cpp/data/cassini/issna/saturn/images/co-iss-n1747574727.png,true,position_only
co-iss-n1747574887,cassini,issna,saturn,CLEAR,0.68,2013-05-18T12:32:52.742,Saturn,https://opus.pds-rings.seti.org/holdings/previews/COISS_2xxx/COISS_2082/data/1747570007_1747575087/N1747574887_1_full.png,d95da9841339e09c0efb82048a68ec3f1d0a6d4028e0f5c3797f7894394dd394,/Users/upadhyay/dev/ICES/object_detection_opencv_cpp/data/cassini/issna/saturn/images/co-iss-n1747574887.png,true,position_only
co-iss-n1747575007,cassini,issna,saturn,CLEAR,0.68,2013-05-18T12:34:52.741,Saturn,https://opus.pds-rings.seti.org/holdings/previews/COISS_2xxx/COISS_2082/data/1747570007_1747575087/N1747575007_1_full.png,fed6e0329826ff288a4dc32705da12998e022a4dd0ed15cc740e569f4da29aaf,/Users/upadhyay/dev/ICES/object_detection_opencv_cpp/data/cassini/issna/saturn/images/co-iss-n1747575007.png,true,position_only
co-iss-n1747575167,cassini,issna,saturn,CLEAR,0.68,2013-05-18T12:37:32.740,Saturn,https://opus.pds-rings.seti.org/holdings/previews/COISS_2xxx/COISS_2082/data/1747575127_1747580207/N1747575167_1_full.png,f75c163c684ff3503abf1ffeb9a1f71b05b64f2f143acd75e98935f7d846d587,/Users/upadhyay/dev/ICES/object_detection_opencv_cpp/data/cassini/issna/saturn/images/co-iss-n1747575167.png,true,position_only
co-iss-n1747575287,cassini,issna,saturn,CLEAR,0.68,2013-05-18T12:39:32.740,Saturn,https://opus.pds-rings.seti.org/holdings/previews/COISS_2xxx/COISS_2082/data/1747575127_1747580207/N1747575287_1_full.png,0b792b2edf51fa15964f05bf8da815dd5676adfdfabd9ef345e1ac10538572d2,/Users/upadhyay/dev/ICES/object_detection_opencv_cpp/data/cassini/issna/saturn/images/co-iss-n1747575287.png,true,position_only
co-iss-n1747575447,cassini,issna,saturn,CLEAR,0.68,2013-05-18T12:42:12.739,Saturn,https://opus.pds-rings.seti.org/holdings/previews/COISS_2xxx/COISS_2082/data/1747575127_1747580207/N1747575447_1_full.png,f74ac8e2161fde32a212764edf40530fb078367020b16317ebb75dba3eedccfa,/Users/upadhyay/dev/ICES/object_detection_opencv_cpp/data/cassini/issna/saturn/images/co-iss-n1747575447.png,true,position_only
co-iss-n1820702205,cassini,issna,saturn,CLEAR,32,2015-09-11T21:33:13.171,Saturn,https://opus.pds-rings.seti.org/holdings/previews/COISS_2xxx/COISS_2099/data/1820696517_1820705661/N1820702205_1_full.png,c8c34d774591e1db9c1e4c6b0d584618898cb9cc951922718aaa2fe4c3b5fefe,/Users/upadhyay/dev/ICES/object_detection_opencv_cpp/data/cassini/issna/saturn/images/co-iss-n1820702205.png,true,position_only
co-iss-n1820702493,cassini,issna,saturn,CLEAR,32,2015-09-11T21:38:01.169,Saturn,https://opus.pds-rings.seti.org/holdings/previews/COISS_2xxx/COISS_2099/data/1820696517_1820705661/N1820702493_1_full.png,81bf8ce167448454f690630c4ad1e0af66eace8943dfef707ecf08e51dbe2dc5,/Users/upadhyay/dev/ICES/object_detection_opencv_cpp/data/cassini/issna/saturn/images/co-iss-n1820702493.png,true,position_only
co-iss-n1820702709,cassini,issna,saturn,CLEAR,32,2015-09-11T21:41:37.168,Saturn,https://opus.pds-rings.seti.org/holdings/previews/COISS_2xxx/COISS_2099/data/1820696517_1820705661/N1820702709_1_full.png,1e79d95755680340130b6896f0dff68c7ea32846b34ffe96b133dfea02e174d7,/Users/upadhyay/dev/ICES/object_detection_opencv_cpp/data/cassini/issna/saturn/images/co-iss-n1820702709.png,true,position_only
co-iss-n1820702997,cassini,issna,saturn,CLEAR,32,2015-09-11T21:46:25.166,Saturn,https://opus.pds-rings.seti.org/holdings/previews/COISS_2xxx/COISS_2099/data/1820696517_1820705661/N1820702997_1_full.png,1cd3e73a38865133da163d0bcbf1fb8105233096f460376a464c3b388a8f71aa,/Users/upadhyay/dev/ICES/object_detection_opencv_cpp/data/cassini/issna/saturn/images/co-iss-n1820702997.png,true,position_only
co-iss-n1820703213,cassini,issna,saturn,CLEAR,32,2015-09-11T21:50:01.164,Saturn,https://opus.pds-rings.seti.org/holdings/previews/COISS_2xxx/COISS_2099/data/1820696517_1820705661/N1820703213_1_full.png,0b0b4a78689c564c1b94a80d2b4627e2736b83f318bc411ef46770e0d94a57e5,/Users/upadhyay/dev/ICES/object_detection_opencv_cpp/data/cassini/issna/saturn/images/co-iss-n1820703213.png,true,position_only
co-iss-n1820703501,cassini,issna,saturn,CLEAR,32,2015-09-11T21:54:49.163,Saturn,https://opus.pds-rings.seti.org/holdings/previews/COISS_2xxx/COISS_2099/data/1820696517_1820705661/N1820703501_1_full.png,e3b26a3e3f75f7b6155ba90da0573291d88da40c84dd78ac14429cd12398287a,/Users/upadhyay/dev/ICES/object_detection_opencv_cpp/data/cassini/issna/saturn/images/co-iss-n1820703501.png,true,position_only
co-iss-n1820703789,cassini,issna,saturn,CLEAR,32,2015-09-11T21:59:37.161,Saturn,https://opus.pds-rings.seti.org/holdings/previews/COISS_2xxx/COISS_2099/data/1820696517_1820705661/N1820703789_1_full.png,744e9fb7a4052eae44efe338efb0b22a626c6e88e7c246df6222d77c877c8c1d,/Users/upadhyay/dev/ICES/object_detection_opencv_cpp/data/cassini/issna/saturn/images/co-iss-n1820703789.png,true,position_only
co-iss-n1820704005,cassini,issna,saturn,CLEAR,32,2015-09-11T22:03:13.159,Saturn,https://opus.pds-rings.seti.org/holdings/previews/COISS_2xxx/COISS_2099/data/1820696517_1820705661/N1820704005_1_full.png,f8a257a02e4f345923546bfb9d8af1f216993f261e546cce0f6e71a60e185d27,/Users/upadhyay/dev/ICES/object_detection_opencv_cpp/data/cassini/issna/saturn/images/co-iss-n1820704005.png,true,position_only
co-iss-n1820704293,cassini,issna,saturn,CLEAR,32,2015-09-11T22:08:01.158,Saturn,https://opus.pds-rings.seti.org/holdings/previews/COISS_2xxx/COISS_2099/data/1820696517_1820705661/N1820704293_1_full.png,5e06f2105ad4ea8e865c792e1de1607430fbca55c237dad3c1ffdb7c5b927253,/Users/upadhyay/dev/ICES/object_detection_opencv_cpp/data/cassini/issna/saturn/images/co-iss-n1820704293.png,true,position_only
co-iss-n1820704509,cassini,issna,saturn,CLEAR,32,2015-09-11T22:11:37.156,Saturn,https://opus.pds-rings.seti.org/holdings/previews/COISS_2xxx/COISS_2099/data/1820696517_1820705661/N1820704509_1_full.png,94785544814d5f4c6c24ddfbba1c6011d1c72a6706f6f7254bc3df2b8f264183,/Users/upadhyay/dev/ICES/object_detection_opencv_cpp/data/cassini/issna/saturn/images/co-iss-n1820704509.png,true,position_only
co-iss-n1820704797,cassini,issna,saturn,CLEAR,32,2015-09-11T22:16:25.154,Saturn,https://opus.pds-rings.seti.org/holdings/previews/COISS_2xxx/COISS_2099/data/1820696517_1820705661/N1820704797_1_full.png,211e44cc0b28f68426ce1f4a3d8838dacde560f968ab57e2b87ae59326ec6b38,/Users/upadhyay/dev/ICES/object_detection_opencv_cpp/data/cassini/issna/saturn/images/co-iss-n1820704797.png,true,position_only
co-iss-n1820705013,cassini,issna,saturn,CLEAR,32,2015-09-11T22:20:01.153,Saturn,https://opus.pds-rings.seti.org/holdings/previews/COISS_2xxx/COISS_2099/data/1820696517_1820705661/N1820705013_1_full.png,231d5d7cf6ac7119e49c31579c2ae391f1328cf57e4702011f381e9b5b424a6c,/Users/upadhyay/dev/ICES/object_detection_opencv_cpp/data/cassini/issna/saturn/images/co-iss-n1820705013.png,true,position_only
co-iss-n1820705301,cassini,issna,saturn,CLEAR,32,2015-09-11T22:24:49.151,Saturn,https://opus.pds-rings.seti.org/holdings/previews/COISS_2xxx/COISS_2099/data/1820696517_1820705661/N1820705301_1_full.png,dfaff4057f3c972a9073a7238fef2800f47d45007d18656452908dbe7ae2119f,/Users/upadhyay/dev/ICES/object_detection_opencv_cpp/data/cassini/issna/saturn/images/co-iss-n1820705301.png,true,position_only
co-iss-n1820705517,cassini,issna,saturn,CLEAR,32,2015-09-11T22:28:25.150,Saturn,https://opus.pds-rings.seti.org/holdings/previews/COISS_2xxx/COISS_2099/data/1820696517_1820705661/N1820705517_1_full.png,3ec4ba9d297faf9af635226d2f31574a72444fda2802abf9c8184211e8ad01bc,/Users/upadhyay/dev/ICES/object_detection_opencv_cpp/data/cassini/issna/saturn/images/co-iss-n1820705517.png,true,position_only
co-iss-n1820705805,cassini,issna,saturn,CLEAR,32,2015-09-11T22:33:13.148,Saturn,https://opus.pds-rings.seti.org/holdings/previews/COISS_2xxx/COISS_2099/data/1820705733_1820714877/N1820705805_1_full.png,416e28f838627ce194909b051344c256916b76b9e1e0e94bef15da92476a7e81,/Users/upadhyay/dev/ICES/object_detection_opencv_cpp/data/cassini/issna/saturn/images/co-iss-n1820705805.png,true,position_only
co-iss-n1820706021,cassini,issna,saturn,CLEAR,32,2015-09-11T22:36:49.147,Saturn,https://opus.pds-rings.seti.org/holdings/previews/COISS_2xxx/COISS_2099/data/1820705733_1820714877/N1820706021_1_full.png,2716f521fcbf8bbd8b0ddba074da3ba36543e21988323ec38ba46de2602943bc,/Users/upadhyay/dev/ICES/object_detection_opencv_cpp/data/cassini/issna/saturn/images/co-iss-n1820706021.png,true,position_only
co-iss-n1820706309,cassini,issna,saturn,CLEAR,32,2015-09-11T22:41:37.145,Saturn,https://opus.pds-rings.seti.org/holdings/previews/COISS_2xxx/COISS_2099/data/1820705733_1820714877/N1820706309_1_full.png,9b1ca7ff0a8142d657e7c06d963971d9f5e8489705e8d1c13eeaf5306e5f148b,/Users/upadhyay/dev/ICES/object_detection_opencv_cpp/data/cassini/issna/saturn/images/co-iss-n1820706309.png,true,position_only
co-iss-n1820706525,cassini,issna,saturn,CLEAR,32,2015-09-11T22:45:13.143,Saturn,https://opus.pds-rings.seti.org/holdings/previews/COISS_2xxx/COISS_2099/data/1820705733_1820714877/N1820706525_1_full.png,f1a211e267884893d0caf34a82d529afffd117a89ca08f6cee8348f4bd08c3ad,/Users/upadhyay/dev/ICES/object_detection_opencv_cpp/data/cassini/issna/saturn/images/co-iss-n1820706525.png,true,position_only
co-iss-n1820706813,cassini,issna,saturn,CLEAR,32,2015-09-11T22:50:01.142,Saturn,https://opus.pds-rings.seti.org/holdings/previews/COISS_2xxx/COISS_2099/data/1820705733_1820714877/N1820706813_1_full.png,3c446f27162161ba0cf214d313f4b9207e17a6114e737b3e9e537598d0581fe1,/Users/upadhyay/dev/ICES/object_detection_opencv_cpp/data/cassini/issna/saturn/images/co-iss-n1820706813.png,true,position_only
co-iss-n1820707029,cassini,issna,saturn,CLEAR,32,2015-09-11T22:53:37.140,Saturn,https://opus.pds-rings.seti.org/holdings/previews/COISS_2xxx/COISS_2099/data/1820705733_1820714877/N1820707029_1_full.png,1dcd9cedd9a8119be0fe5fecd16d95bc6659fd8eeb4ba84ac9ffba294d579f98,/Users/upadhyay/dev/ICES/object_detection_opencv_cpp/data/cassini/issna/saturn/images/co-iss-n1820707029.png,true,position_only
co-iss-n1820707317,cassini,issna,saturn,CLEAR,32,2015-09-11T22:58:25.138,Saturn,https://opus.pds-rings.seti.org/holdings/previews/COISS_2xxx/COISS_2099/data/1820705733_1820714877/N1820707317_1_full.png,f86af354e1f70f92e2b611795c2595843996bb18ab90c694a769cf8335eb2dee,/Users/upadhyay/dev/ICES/object_detection_opencv_cpp/data/cassini/issna/saturn/images/co-iss-n1820707317.png,true,position_only
co-iss-n1820707533,cassini,issna,saturn,CLEAR,32,2015-09-11T23:02:01.137,Saturn,https://opus.pds-rings.seti.org/holdings/previews/COISS_2xxx/COISS_2099/data/1820705733_1820714877/N1820707533_1_full.png,829935cabee98ead9c0fc92e3893be85d1d07d818c791e0ead44e74ba606b61a,/Users/upadhyay/dev/ICES/object_detection_opencv_cpp/data/cassini/issna/saturn/images/co-iss-n1820707533.png,true,position_only
co-iss-n1820707821,cassini,issna,saturn,CLEAR,32,2015-09-11T23:06:49.135,Saturn,https://opus.pds-rings.seti.org/holdings/previews/COISS_2xxx/COISS_2099/data/1820705733_1820714877/N1820707821_1_full.png,ed9f2fc0a8287a11ce2bed8e9cf65e7f700232b4d34f81a563c3207f1ac7e83d,/Users/upadhyay/dev/ICES/object_detection_opencv_cpp/data/cassini/issna/saturn/images/co-iss-n1820707821.png,true,position_only
co-iss-n1373701588,cassini,issna,saturn,CB1,1.5,2001-07-13T07:32:51.883,Saturn,https://opus.pds-rings.seti.org/holdings/previews/COISS_1xxx/COISS_1007/data/1373522904_1373866521/N1373701588_1_full.png,70f0b5e10c763fc915b415b0664ed329689ae739031ce8d029add6ba9709b2ef,/Users/upadhyay/dev/ICES/object_detection_opencv_cpp/data/cassini/issna/saturn/images/co-iss-n1373701588.png,true,true
co-iss-n1373701628,cassini,issna,saturn,MT2,3.2,2001-07-13T07:33:30.187,Saturn,https://opus.pds-rings.seti.org/holdings/previews/COISS_1xxx/COISS_1007/data/1373522904_1373866521/N1373701628_1_full.png,f229ea63bbc17d1dd88e76d0748930373bb0983cb59c3ee1fd3c44d9b0764d76,/Users/upadhyay/dev/ICES/object_detection_opencv_cpp/data/cassini/issna/saturn/images/co-iss-n1373701628.png,true,true
co-iss-n1373701732,cassini,issna,saturn,MT2,15,2001-07-13T07:35:02.394,Saturn,https://opus.pds-rings.seti.org/holdings/previews/COISS_1xxx/COISS_1007/data/1373522904_1373866521/N1373701732_1_full.png,aa73be8bd05e35c52b643d92ffcf1ab4ce3c84fefb91f35b357fd83854452b6a,/Users/upadhyay/dev/ICES/object_detection_opencv_cpp/data/cassini/issna/saturn/images/co-iss-n1373701732.png,true,true
co-iss-n1373701772,cassini,issna,saturn,CB2,3.2,2001-07-13T07:35:54.201,Saturn,https://opus.pds-rings.seti.org/holdings/previews/COISS_1xxx/COISS_1007/data/1373522904_1373866521/N1373701772_1_full.png,c5a485e0f297cb64367b735e21a239a109d7afd2d79a6a0b604bc7082153d11e,/Users/upadhyay/dev/ICES/object_detection_opencv_cpp/data/cassini/issna/saturn/images/co-iss-n1373701772.png,true,true
co-iss-n1373701812,cassini,issna,saturn,MT3,3.8,2001-07-13T07:36:33.605,Saturn,https://opus.pds-rings.seti.org/holdings/previews/COISS_1xxx/COISS_1007/data/1373522904_1373866521/N1373701812_1_full.png,702318c331f7f79da72713b9ec457568f03ec5bfcf09737ce3291fcfcb73a700,/Users/upadhyay/dev/ICES/object_detection_opencv_cpp/data/cassini/issna/saturn/images/co-iss-n1373701812.png,true,true
co-iss-n1373701916,cassini,issna,saturn,MT3,15,2001-07-13T07:38:06.412,Saturn,https://opus.pds-rings.seti.org/holdings/previews/COISS_1xxx/COISS_1007/data/1373522904_1373866521/N1373701916_1_full.png,71038a33b912eaf6db0996ddd2b1f181b010af26951002d74abc0d841117f684,/Users/upadhyay/dev/ICES/object_detection_opencv_cpp/data/cassini/issna/saturn/images/co-iss-n1373701916.png,true,true
co-iss-n1373701988,cassini,issna,saturn,MT3,32,2001-07-13T07:39:01.419,Saturn,https://opus.pds-rings.seti.org/holdings/previews/COISS_1xxx/COISS_1007/data/1373522904_1373866521/N1373701988_1_full.png,297c7057c04f562ee78b0bd7a505e012147ab3e20e13b89f42b8e955b8f1ec1e,/Users/upadhyay/dev/ICES/object_detection_opencv_cpp/data/cassini/issna/saturn/images/co-iss-n1373701988.png,true,true
co-iss-n1373702093,cassini,issna,saturn,IR1,0.26,2001-07-13T07:41:18.166,Saturn,https://opus.pds-rings.seti.org/holdings/previews/COISS_1xxx/COISS_1007/data/1373522904_1373866521/N1373702093_1_full.png,49034a70fd67b24bf04409ea3b8717ee13684964374deeb63568ee524b8afc33,/Users/upadhyay/dev/ICES/object_detection_opencv_cpp/data/cassini/issna/saturn/images/co-iss-n1373702093.png,true,true
co-iss-n1373702127,cassini,issna,saturn,IR1+IR2,2,2001-07-13T07:41:50.352,Saturn,https://opus.pds-rings.seti.org/holdings/previews/COISS_1xxx/COISS_1007/data/1373522904_1373866521/N1373702127_1_full.png,d416d7f3eb056452bb3f9413e789970c113110a7d9f868bbd6835745cb86438c,/Users/upadhyay/dev/ICES/object_detection_opencv_cpp/data/cassini/issna/saturn/images/co-iss-n1373702127.png,true,true
co-iss-n1373702160,cassini,issna,saturn,IR2,1.2,2001-07-13T07:42:24.159,Saturn,https://opus.pds-rings.seti.org/holdings/previews/COISS_1xxx/COISS_1007/data/1373522904_1373866521/N1373702160_1_full.png,e398d22f8aa51eb195275ab199783d25c49488a435c28b4fcfe9efb1528f60d2,/Users/upadhyay/dev/ICES/object_detection_opencv_cpp/data/cassini/issna/saturn/images/co-iss-n1373702160.png,true,true
co-iss-n1373702248,cassini,issna,saturn,IR3,2.6,2001-07-13T07:43:50.767,Saturn,https://opus.pds-rings.seti.org/holdings/previews/COISS_1xxx/COISS_1007/data/1373522904_1373866521/N1373702248_1_full.png,c813e9bcc2543b65902a0eb1a35ce4161ee58b5d68c41da64bdfecb17756b40d,/Users/upadhyay/dev/ICES/object_detection_opencv_cpp/data/cassini/issna/saturn/images/co-iss-n1373702248.png,true,true
co-iss-n1373702320,cassini,issna,saturn,IR3+IR4,32,2001-07-13T07:44:33.370,Saturn,https://opus.pds-rings.seti.org/holdings/previews/COISS_1xxx/COISS_1007/data/1373522904_1373866521/N1373702320_1_full.png,651c69808242b6cf577eef2bea79fd869e72429f29e526aae6f68e16204772c5,/Users/upadhyay/dev/ICES/object_detection_opencv_cpp/data/cassini/issna/saturn/images/co-iss-n1373702320.png,true,true
co-iss-n1373702464,cassini,issna,saturn,UV1,32,2001-07-13T07:46:57.381,Saturn,https://opus.pds-rings.seti.org/holdings/previews/COISS_1xxx/COISS_1007/data/1373522904_1373866521/N1373702464_1_full.png,0d25f17a2824e010365cc3e6960d07924fa3b53486499454f463da620cc76ac3,/Users/upadhyay/dev/ICES/object_detection_opencv_cpp/data/cassini/issna/saturn/images/co-iss-n1373702464.png,true,true
co-iss-n1373702536,cassini,issna,saturn,UV1,32,2001-07-13T07:48:09.384,Saturn,https://opus.pds-rings.seti.org/holdings/previews/COISS_1xxx/COISS_1007/data/1373522904_1373866521/N1373702536_1_full.png,d7c203d644b3f5d4e5fba244c13f23f42aa2d2fa6e106e237329bddfe025eedb,/Users/upadhyay/dev/ICES/object_detection_opencv_cpp/data/cassini/issna/saturn/images/co-iss-n1373702536.png,true,true
co-iss-n1373702584,cassini,issna,saturn,UV2,10,2001-07-13T07:49:19.388,Saturn,https://opus.pds-rings.seti.org/holdings/previews/COISS_1xxx/COISS_1007/data/1373522904_1373866521/N1373702584_1_full.png,a447e591ca2047418e220c5be327e768082657a9410594fd08d09cd11a533f8d,/Users/upadhyay/dev/ICES/object_detection_opencv_cpp/data/cassini/issna/saturn/images/co-iss-n1373702584.png,true,true
co-iss-n1373702728,cassini,issna,saturn,UV2,32,2001-07-13T07:51:21.398,Saturn,https://opus.pds-rings.seti.org/holdings/previews/COISS_1xxx/COISS_1007/data/1373522904_1373866521/N1373702728_1_full.png,dec7dc520df642c9832654c987cc66febfb0203376b43c47146a1ce49fdd4657,/Users/upadhyay/dev/ICES/object_detection_opencv_cpp/data/cassini/issna/saturn/images/co-iss-n1373702728.png,true,true
co-iss-n1373702776,cassini,issna,saturn,UV3,12,2001-07-13T07:52:29.402,Saturn,https://opus.pds-rings.seti.org/holdings/previews/COISS_1xxx/COISS_1007/data/1373522904_1373866521/N1373702776_1_full.png,d2f2e17766df571d4c167b509525de8a6c4ee8cc74cc78165233aefe3e47da62,/Users/upadhyay/dev/ICES/object_detection_opencv_cpp/data/cassini/issna/saturn/images/co-iss-n1373702776.png,true,true
co-iss-n1373702843,cassini,issna,saturn,GRN,0.26,2001-07-13T07:53:48.087,Saturn,https://opus.pds-rings.seti.org/holdings/previews/COISS_1xxx/COISS_1007/data/1373522904_1373866521/N1373702843_1_full.png,29ffc6639b3775bdac18dd1b393f2f2352d0fb839471ea4c913a1b67d5ad2703,/Users/upadhyay/dev/ICES/object_detection_opencv_cpp/data/cassini/issna/saturn/images/co-iss-n1373702843.png,true,true
co-iss-n1373702915,cassini,issna,saturn,UV3+P0,22,2001-07-13T07:54:38.354,Saturn,https://opus.pds-rings.seti.org/holdings/previews/COISS_1xxx/COISS_1007/data/1373522904_1373866521/N1373702915_1_full.png,8bcc843b9aee0bc9c1658e4fdb0d0fa3f9678d47e248a6f861d3a2575a06d7ee,/Users/upadhyay/dev/ICES/object_detection_opencv_cpp/data/cassini/issna/saturn/images/co-iss-n1373702915.png,true,true
co-iss-n1373702987,cassini,issna,saturn,UV3+P60,22,2001-07-13T07:55:50.358,Saturn,https://opus.pds-rings.seti.org/holdings/previews/COISS_1xxx/COISS_1007/data/1373522904_1373866521/N1373702987_1_full.png,583bbaf06a75e917a5f00f31a54b29471a2cc658b42b3976ca86535ca3ca787b,/Users/upadhyay/dev/ICES/object_detection_opencv_cpp/data/cassini/issna/saturn/images/co-iss-n1373702987.png,true,true
co-iss-n1373703107,cassini,issna,saturn,BL2+P0,12,2001-07-13T07:58:00.365,Saturn,https://opus.pds-rings.seti.org/holdings/previews/COISS_1xxx/COISS_1007/data/1373522904_1373866521/N1373703107_1_full.png,ea6fea0301d0d7580e5acf9bc3e50540253ff6e92d21aec005c65cba7ec3b762,/Users/upadhyay/dev/ICES/object_detection_opencv_cpp/data/cassini/issna/saturn/images/co-iss-n1373703107.png,true,true
co-iss-n1373703155,cassini,issna,saturn,BL2+P60,12,2001-07-13T07:58:48.372,Saturn,https://opus.pds-rings.seti.org/holdings/previews/COISS_1xxx/COISS_1007/data/1373522904_1373866521/N1373703155_1_full.png,e0c10821c6ad17254952a814eaf9fe02e3d812f60fbb12c35e4aa25084e4863d,/Users/upadhyay/dev/ICES/object_detection_opencv_cpp/data/cassini/issna/saturn/images/co-iss-n1373703155.png,true,true
co-iss-n1373703236,cassini,issna,saturn,GRN+P0,0.56,2001-07-13T08:00:20.819,Saturn,https://opus.pds-rings.seti.org/holdings/previews/COISS_1xxx/COISS_1007/data/1373522904_1373866521/N1373703236_1_full.png,0202edc3435bf019d069af8a1348313c2f1d057ee837293e747917143a62a3ab,/Users/upadhyay/dev/ICES/object_detection_opencv_cpp/data/cassini/issna/saturn/images/co-iss-n1373703236.png,true,true
co-iss-n1373703270,cassini,issna,saturn,GRN+P60,0.56,2001-07-13T08:00:54.784,Saturn,https://opus.pds-rings.seti.org/holdings/previews/COISS_1xxx/COISS_1007/data/1373522904_1373866521/N1373703270_1_full.png,0892699fe02c8e55788af9c13549aaa65893a232eac6f61174fc2b179ada7176,/Users/upadhyay/dev/ICES/object_detection_opencv_cpp/data/cassini/issna/saturn/images/co-iss-n1373703270.png,true,true
co-iss-n1373703303,cassini,issna,saturn,GRN+P120,0.56,2001-07-13T08:01:27.791,Saturn,https://opus.pds-rings.seti.org/holdings/previews/COISS_1xxx/COISS_1007/data/1373522904_1373866521/N1373703303_1_full.png,bb0d85d836539e66c7fca8c47c67dd30987ee5192ff7a5d90b08d9f9d14b621d,/Users/upadhyay/dev/ICES/object_detection_opencv_cpp/data/cassini/issna/saturn/images/co-iss-n1373703303.png,true,true
co-iss-n1373703383,cassini,issna,saturn,CB1+P60,2.6,2001-07-13T08:02:45.759,Saturn,https://opus.pds-rings.seti.org/holdings/previews/COISS_1xxx/COISS_1007/data/1373522904_1373866521/N1373703383_1_full.png,28600ae54fed73a99f0e846777f55a6810c1f9b6ef7a68ec465fa79b733db9ac,/Users/upadhyay/dev/ICES/object_detection_opencv_cpp/data/cassini/issna/saturn/images/co-iss-n1373703383.png,true,true
co-iss-n1373703423,cassini,issna,saturn,CB1+P120,2.6,2001-07-13T08:03:25.762,Saturn,https://opus.pds-rings.seti.org/holdings/previews/COISS_1xxx/COISS_1007/data/1373522904_1373866521/N1373703423_1_full.png,50b99593d4599069a23c593e754c7c9039a9006139c22c82250bf79cb67222db,/Users/upadhyay/dev/ICES/object_detection_opencv_cpp/data/cassini/issna/saturn/images/co-iss-n1373703423.png,true,true
co-iss-n1373703535,cassini,issna,saturn,MT1+P60,18,2001-07-13T08:05:02.373,Saturn,https://opus.pds-rings.seti.org/holdings/previews/COISS_1xxx/COISS_1007/data/1373522904_1373866521/N1373703535_1_full.png,23126a0c34db900a1fa39abe9c6981164631d34809e49408339c0290d5aa5900,/Users/upadhyay/dev/ICES/object_detection_opencv_cpp/data/cassini/issna/saturn/images/co-iss-n1373703535.png,true,true
co-iss-n1373703591,cassini,issna,saturn,MT1+P120,18,2001-07-13T08:05:58.377,Saturn,https://opus.pds-rings.seti.org/holdings/previews/COISS_1xxx/COISS_1007/data/1373522904_1373866521/N1373703591_1_full.png,f2b2ed31bf3953803c58aff0e921bafaa4e62b7ef595de5c481b8b3be7a9de41,/Users/upadhyay/dev/ICES/object_detection_opencv_cpp/data/cassini/issna/saturn/images/co-iss-n1373703591.png,true,true
co-iss-n1373703663,cassini,issna,saturn,CB3,22,2001-07-13T08:07:06.380,Saturn,https://opus.pds-rings.seti.org/holdings/previews/COISS_1xxx/COISS_1007/data/1373522904_1373866521/N1373703663_1_full.png,fa1fb952b130b2556eb174324cd100bb4dc8fd349280656bb2d5b11a7132f592,/Users/upadhyay/dev/ICES/object_detection_opencv_cpp/data/cassini/issna/saturn/images/co-iss-n1373703663.png,true,true
co-iss-n1373703807,cassini,issna,saturn,MT3,26,2001-07-13T08:09:26.391,Saturn,https://opus.pds-rings.seti.org/holdings/previews/COISS_1xxx/COISS_1007/data/1373522904_1373866521/N1373703807_1_full.png,1eb524f84e33f11659527d5748c08db08354cc5839ed3a4ebfed0f578893f241,/Users/upadhyay/dev/ICES/object_detection_opencv_cpp/data/cassini/issna/saturn/images/co-iss-n1373703807.png,true,true
co-iss-n1373703879,cassini,issna,saturn,MT3+IRP0,32,2001-07-13T08:10:32.394,Saturn,https://opus.pds-rings.seti.org/holdings/previews/COISS_1xxx/COISS_1007/data/1373522904_1373866521/N1373703879_1_full.png,d765fbfc05eb467839556726a2a6ce295128df16b78d409b35cec2caf6ed0af6,/Users/upadhyay/dev/ICES/object_detection_opencv_cpp/data/cassini/issna/saturn/images/co-iss-n1373703879.png,true,true
co-iss-n1373704023,cassini,issna,saturn,UV1,32,2001-07-13T08:12:56.405,Saturn,https://opus.pds-rings.seti.org/holdings/previews/COISS_1xxx/COISS_1007/data/1373522904_1373866521/N1373704023_1_full.png,bf032b0052cb6049e269a635d60e9c20f82968d0d44a00877717d6195e2c0f29,/Users/upadhyay/dev/ICES/object_detection_opencv_cpp/data/cassini/issna/saturn/images/co-iss-n1373704023.png,true,true
co-iss-n1373704095,cassini,issna,saturn,UV1,32,2001-07-13T08:14:08.408,Saturn,https://opus.pds-rings.seti.org/holdings/previews/COISS_1xxx/COISS_1007/data/1373522904_1373866521/N1373704095_1_full.png,fb11b2de02a0dfbbec9411c5c26e34d392fd13ee96a4a3e22b3d3d1e45b9a67d,/Users/upadhyay/dev/ICES/object_detection_opencv_cpp/data/cassini/issna/saturn/images/co-iss-n1373704095.png,true,true
co-iss-n1373704167,cassini,issna,saturn,UV1,32,2001-07-13T08:15:20.412,Saturn,https://opus.pds-rings.seti.org/holdings/previews/COISS_1xxx/COISS_1007/data/1373522904_1373866521/N1373704167_1_full.png,dc06bbae6f8a8bb983c509312f07808c000ea1a6a559d9baeb534cce56e770a9,/Users/upadhyay/dev/ICES/object_detection_opencv_cpp/data/cassini/issna/saturn/images/co-iss-n1373704167.png,true,true
co-iss-n1373704272,cassini,issna,saturn,CLEAR,0.09,2001-07-13T08:17:37.333,Saturn,https://opus.pds-rings.seti.org/holdings/previews/COISS_1xxx/COISS_1007/data/1373522904_1373866521/N1373704272_1_full.png,5da5f3dada874999d71eef1b1ca9fe12aba82c0d0afe281925bb86ecc7a62367,/Users/upadhyay/dev/ICES/object_detection_opencv_cpp/data/cassini/issna/saturn/images/co-iss-n1373704272.png,true,true
co-iss-n1413901840,cassini,issna,saturn,MT1,10,2002-10-21T14:12:11.577,Saturn,https://opus.pds-rings.seti.org/holdings/previews/COISS_1xxx/COISS_1008/data/1413823163_1413923799/N1413901840_1_full.png,a9b7b6a30d47c8e8ca070d9ad9d195c597236203ecbf07c530f56e565076711d,/Users/upadhyay/dev/ICES/object_detection_opencv_cpp/data/cassini/issna/saturn/images/co-iss-n1413901840.png,true,true
co-iss-n1413901957,cassini,issna,saturn,MT2,3.2,2002-10-21T14:14:15.388,Saturn,https://opus.pds-rings.seti.org/holdings/previews/COISS_1xxx/COISS_1008/data/1413823163_1413923799/N1413901957_1_full.png,f71e4525bb383aef5dc5cb3b5b0a68247922d6a44b206c19bd2450181bd0b266,/Users/upadhyay/dev/ICES/object_detection_opencv_cpp/data/cassini/issna/saturn/images/co-iss-n1413901957.png,true,true
co-iss-n1413902027,cassini,issna,saturn,MT2,8.2,2002-10-21T14:15:20.392,Saturn,https://opus.pds-rings.seti.org/holdings/previews/COISS_1xxx/COISS_1008/data/1413823163_1413923799/N1413902027_1_full.png,a1ded1b459f64316da577ecfbb8854008b29cde4e9fc1f37231e8ef61141a20f,/Users/upadhyay/dev/ICES/object_detection_opencv_cpp/data/cassini/issna/saturn/images/co-iss-n1413902027.png,true,true
co-iss-n1459575784,cassini,issna,saturn_rings,CLEAR,0.26,2004-04-02T05:19:39.644,Saturn Rings,https://opus.pds-rings.seti.org/holdings/previews/COISS_2xxx/COISS_2001/data/1459568642_1459652144/N1459575784_1_full.png,50e70db5198134d1ba515b987a534af39eb3e99ba0053d23e74d47346620e2b7,/Users/upadhyay/dev/ICES/object_detection_opencv_cpp/data/cassini/issna/saturn_rings/images/co-iss-n1459575784.png,true,position_only
co-iss-n1459582624,cassini,issna,saturn_rings,CLEAR,0.26,2004-04-02T07:13:39.584,Saturn Rings,https://opus.pds-rings.seti.org/holdings/previews/COISS_2xxx/COISS_2001/data/1459568642_1459652144/N1459582624_1_full.png,e0c6e4c2528ce5faa298c005f26e152f6628ac9db278abaf2a06c1b283fa1eef,/Users/upadhyay/dev/ICES/object_detection_opencv_cpp/data/cassini/issna/saturn_rings/images/co-iss-n1459582624.png,true,position_only
co-iss-n1459595224,cassini,issna,saturn_rings,CLEAR,0.26,2004-04-02T10:43:39.502,Saturn Rings,https://opus.pds-rings.seti.org/holdings/previews/COISS_2xxx/COISS_2001/data/1459568642_1459652144/N1459595224_1_full.png,d0b1b306404de5874a89f3694110a4f95a85d8bac4f40e6ddfd1cf0dc2964841,/Users/upadhyay/dev/ICES/object_detection_opencv_cpp/data/cassini/issna/saturn_rings/images/co-iss-n1459595224.png,true,position_only
co-iss-n1459602069,cassini,issna,saturn_rings,P0,22,2004-04-02T12:37:22.733,Saturn Rings,https://opus.pds-rings.seti.org/holdings/previews/COISS_2xxx/COISS_2001/data/1459568642_1459652144/N1459602069_1_full.png,0a0cd48d0e7df9d09c2c7bab744d5b376999cc83270ad4cb1032aa204704daca,/Users/upadhyay/dev/ICES/object_detection_opencv_cpp/data/cassini/issna/saturn_rings/images/co-iss-n1459602069.png,true,position_only
co-iss-n1459602709,cassini,issna,saturn_rings,P120,22,2004-04-02T12:48:02.749,Saturn Rings,https://opus.pds-rings.seti.org/holdings/previews/COISS_2xxx/COISS_2001/data/1459568642_1459652144/N1459602709_1_full.png,60b47610b18c7f5c25ebbf304f3935c3eeaf1c672a35ecccd938d99dcd6df2ab,/Users/upadhyay/dev/ICES/object_detection_opencv_cpp/data/cassini/issna/saturn_rings/images/co-iss-n1459602709.png,true,position_only
co-iss-n1459603816,cassini,issna,saturn_rings,P0,460,2004-04-02T12:59:11.706,Saturn Rings,https://opus.pds-rings.seti.org/holdings/previews/COISS_2xxx/COISS_2001/data/1459568642_1459652144/N1459603816_1_full.png,8de416ed6d3da1480ba638aaf9875cdb762c967e18bf810782d8cccc01e371a1,/Users/upadhyay/dev/ICES/object_detection_opencv_cpp/data/cassini/issna/saturn_rings/images/co-iss-n1459603816.png,true,position_only
co-iss-n1459605529,cassini,issna,saturn_rings,P0,460,2004-04-02T13:27:44.695,Saturn Rings,https://opus.pds-rings.seti.org/holdings/previews/COISS_2xxx/COISS_2001/data/1459568642_1459652144/N1459605529_1_full.png,827db0b7a54cdd1603fe242c26c7fdc483ecec97497dae05e2b8f3dbdb022043,/Users/upadhyay/dev/ICES/object_detection_opencv_cpp/data/cassini/issna/saturn_rings/images/co-iss-n1459605529.png,true,position_only
co-iss-n1459607284,cassini,issna,saturn_rings,CLEAR,0.26,2004-04-02T14:04:39.439,Saturn Rings,https://opus.pds-rings.seti.org/holdings/previews/COISS_2xxx/COISS_2001/data/1459568642_1459652144/N1459607284_1_full.png,b64a33a192f5628b3ec243e25dad54017e9e2fc1a45a412675fb09a64e8da46f,/Users/upadhyay/dev/ICES/object_detection_opencv_cpp/data/cassini/issna/saturn_rings/images/co-iss-n1459607284.png,true,position_only
co-iss-n1459651488,cassini,issna,saturn_rings,BL1,3.8,2004-04-03T02:21:19.623,Saturn Rings,https://opus.pds-rings.seti.org/holdings/previews/COISS_2xxx/COISS_2001/data/1459568642_1459652144/N1459651488_1_full.png,071680437bfc14f1602bbb624b1e1c81a9ea89106f400f7d90c649d115951161,/Users/upadhyay/dev/ICES/object_detection_opencv_cpp/data/cassini/issna/saturn_rings/images/co-iss-n1459651488.png,true,position_only
co-iss-n1459653489,cassini,issna,saturn_rings,RED,0.68,2004-04-03T02:54:43.710,Saturn Rings,https://opus.pds-rings.seti.org/holdings/previews/COISS_2xxx/COISS_2001/data/1459652177_1459758938/N1459653489_1_full.png,684deb07616d6df3df6a2cce553862b0fb0e958b35271d6d2a73c1e3e25e58e2,/Users/upadhyay/dev/ICES/object_detection_opencv_cpp/data/cassini/issna/saturn_rings/images/co-iss-n1459653489.png,true,position_only
co-iss-n1459658195,cassini,issna,saturn_rings,CLEAR,0.26,2004-04-03T04:13:10.092,Saturn Rings,https://opus.pds-rings.seti.org/holdings/previews/COISS_2xxx/COISS_2001/data/1459652177_1459758938/N1459658195_1_full.png,dc91fb69ac0416122173d66b461f008d5eaef39812dbe8397aff7682aba22bff,/Users/upadhyay/dev/ICES/object_detection_opencv_cpp/data/cassini/issna/saturn_rings/images/co-iss-n1459658195.png,true,position_only
co-iss-n1459670135,cassini,issna,saturn_rings,CLEAR,0.26,2004-04-03T07:32:10.030,Saturn Rings,https://opus.pds-rings.seti.org/holdings/previews/COISS_2xxx/COISS_2001/data/1459652177_1459758938/N1459670135_1_full.png,b7bd0ad35e3495a947416b80abdd3a7eba7f37021962c08c4c734d4d50bda562,/Users/upadhyay/dev/ICES/object_detection_opencv_cpp/data/cassini/issna/saturn_rings/images/co-iss-n1459670135.png,true,position_only
co-iss-n1459682615,cassini,issna,saturn_rings,CLEAR,0.26,2004-04-03T11:00:09.949,Saturn Rings,https://opus.pds-rings.seti.org/holdings/previews/COISS_2xxx/COISS_2001/data/1459652177_1459758938/N1459682615_1_full.png,0440abf30fd85a4b0eb36a87d59b9c253ec020f4dfd069f55a248b27f8251fb1,/Users/upadhyay/dev/ICES/object_detection_opencv_cpp/data/cassini/issna/saturn_rings/images/co-iss-n1459682615.png,true,position_only
co-iss-n1459727048,cassini,issna,saturn_rings,RED,0.68,2004-04-03T23:20:42.243,Saturn Rings,https://opus.pds-rings.seti.org/holdings/previews/COISS_2xxx/COISS_2001/data/1459652177_1459758938/N1459727048_1_full.png,797716808c40a56a4e912a160cd80a7fcc0c8cbd8594585c7091be2af67a6331,/Users/upadhyay/dev/ICES/object_detection_opencv_cpp/data/cassini/issna/saturn_rings/images/co-iss-n1459727048.png,true,position_only
co-iss-n1459729118,cassini,issna,saturn_rings,RED,0.68,2004-04-03T23:55:12.210,Saturn Rings,https://opus.pds-rings.seti.org/holdings/previews/COISS_2xxx/COISS_2001/data/1459652177_1459758938/N1459729118_1_full.png,292bef0309475f946a17e8e78a99a8fdab8fbe0d6b2d0b80ad742f09ac81a7c0,/Users/upadhyay/dev/ICES/object_detection_opencv_cpp/data/cassini/issna/saturn_rings/images/co-iss-n1459729118.png,true,position_only
co-iss-n1459733315,cassini,issna,saturn_rings,CLEAR,0.26,2004-04-04T01:05:09.618,Saturn Rings,https://opus.pds-rings.seti.org/holdings/previews/COISS_2xxx/COISS_2001/data/1459652177_1459758938/N1459733315_1_full.png,351eeb7cf65f46944ca69ab583529634ee47ee2af6aa25b1ce4d3f368a2d32cc,/Users/upadhyay/dev/ICES/object_detection_opencv_cpp/data/cassini/issna/saturn_rings/images/co-iss-n1459733315.png,true,position_only
co-iss-n1459745915,cassini,issna,saturn_rings,CLEAR,0.26,2004-04-04T04:35:09.536,Saturn Rings,https://opus.pds-rings.seti.org/holdings/previews/COISS_2xxx/COISS_2001/data/1459652177_1459758938/N1459745915_1_full.png,2f199532fc6e0e8e8f510bd81675234fba5406fb2afeec923041bc742e6b53ed,/Users/upadhyay/dev/ICES/object_detection_opencv_cpp/data/cassini/issna/saturn_rings/images/co-iss-n1459745915.png,true,position_only
co-iss-n1459752783,cassini,issna,saturn_rings,CLEAR,0.26,2004-04-04T06:29:37.476,Saturn Rings,https://opus.pds-rings.seti.org/holdings/previews/COISS_2xxx/COISS_2001/data/1459652177_1459758938/N1459752783_1_full.png,b11979f8e6d47b69d744e4f4a5f99dda8cae7a569675a7ecf5b7af3d5bc28675,/Users/upadhyay/dev/ICES/object_detection_opencv_cpp/data/cassini/issna/saturn_rings/images/co-iss-n1459752783.png,true,position_only
co-iss-n1459803126,cassini,issna,saturn_rings,CLEAR,0.26,2004-04-04T20:28:40.148,Saturn Rings,https://opus.pds-rings.seti.org/holdings/previews/COISS_2xxx/COISS_2001/data/1459759083_1459921527/N1459803126_1_full.png,1fede23d3eeac1ac557a34adcfcabfdb1daaeeefaa92a29af6ec2489ed71d440,/Users/upadhyay/dev/ICES/object_detection_opencv_cpp/data/cassini/issna/saturn_rings/images/co-iss-n1459803126.png,true,position_only
co-iss-n1459803991,cassini,issna,saturn_rings,P60,32,2004-04-04T20:42:33.430,Saturn Rings,https://opus.pds-rings.seti.org/holdings/previews/COISS_2xxx/COISS_2001/data/1459759083_1459921527/N1459803991_1_full.png,74a103a033b97f51ebc3c3f0709fb32cc39a7019353124a07ec9aa3205a70ddc,/Users/upadhyay/dev/ICES/object_detection_opencv_cpp/data/cassini/issna/saturn_rings/images/co-iss-n1459803991.png,true,position_only
co-iss-n1459804766,cassini,issna,saturn_rings,P0,100,2004-04-04T20:54:20.397,Saturn Rings,https://opus.pds-rings.seti.org/holdings/previews/COISS_2xxx/COISS_2001/data/1459759083_1459921527/N1459804766_1_full.png,2c5b1b5199f9cb06d7a3eb41b21691ee9e23a3ff28b9809452d9c74ff1bafa03,/Users/upadhyay/dev/ICES/object_detection_opencv_cpp/data/cassini/issna/saturn_rings/images/co-iss-n1459804766.png,true,position_only
co-iss-n1459805431,cassini,issna,saturn_rings,P60,220,2004-04-04T21:03:25.401,Saturn Rings,https://opus.pds-rings.seti.org/holdings/previews/COISS_2xxx/COISS_2001/data/1459759083_1459921527/N1459805431_1_full.png,d89ba8e3c63ec7e2489bd0f517a771e9cc6a61688c30a0baa1e73e0dfa598aa8,/Users/upadhyay/dev/ICES/object_detection_opencv_cpp/data/cassini/issna/saturn_rings/images/co-iss-n1459805431.png,true,position_only
co-iss-n1459806760,cassini,issna,saturn_rings,CLEAR,380,2004-04-04T21:22:54.392,Saturn Rings,https://opus.pds-rings.seti.org/holdings/previews/COISS_2xxx/COISS_2001/data/1459759083_1459921527/N1459806760_1_full.png,818aa1124f28075f2fe9567a888ddaabcb4bd33312cb3f3540fae48e48ce477b,/Users/upadhyay/dev/ICES/object_detection_opencv_cpp/data/cassini/issna/saturn_rings/images/co-iss-n1459806760.png,true,position_only
co-iss-n1459807529,cassini,issna,saturn_rings,P60,120,2004-04-04T21:40:03.379,Saturn Rings,https://opus.pds-rings.seti.org/holdings/previews/COISS_2xxx/COISS_2001/data/1459759083_1459921527/N1459807529_1_full.png,2fdc783e7ed519ea6f3a19a824caab75458b713ad1fd038ced2397c306e59969,/Users/upadhyay/dev/ICES/object_detection_opencv_cpp/data/cassini/issna/saturn_rings/images/co-iss-n1459807529.png,true,position_only
co-iss-n1459808886,cassini,issna,saturn_rings,CLEAR,0.26,2004-04-04T22:04:40.126,Saturn Rings,https://opus.pds-rings.seti.org/holdings/previews/COISS_2xxx/COISS_2001/data/1459759083_1459921527/N1459808886_1_full.png,efaf4ff36864fbd2f835d109ab54aaf8f90396016744f048617b06106f9619f2,/Users/upadhyay/dev/ICES/object_detection_opencv_cpp/data/cassini/issna/saturn_rings/images/co-iss-n1459808886.png,true,position_only
co-iss-n1459815726,cassini,issna,saturn_rings,CLEAR,0.26,2004-04-04T23:58:40.066,Saturn Rings,https://opus.pds-rings.seti.org/holdings/previews/COISS_2xxx/COISS_2001/data/1459759083_1459921527/N1459815726_1_full.png,39bb423aa8bb70ce1b77d9c3fccfaedba5f4d6ae395be5a3df013b7b8af5f4be,/Users/upadhyay/dev/ICES/object_detection_opencv_cpp/data/cassini/issna/saturn_rings/images/co-iss-n1459815726.png,true,position_only
co-iss-n1459828326,cassini,issna,saturn_rings,CLEAR,0.26,2004-04-05T03:28:39.984,Saturn Rings,https://opus.pds-rings.seti.org/holdings/previews/COISS_2xxx/COISS_2001/data/1459759083_1459921527/N1459828326_1_full.png,30f4d2694be0ff636e32d04b93974dd1a06f8df393c2c8916dde723cd1f4b4a7,/Users/upadhyay/dev/ICES/object_detection_opencv_cpp/data/cassini/issna/saturn_rings/images/co-iss-n1459828326.png,true,position_only
co-iss-n1459878186,cassini,issna,saturn_rings,CLEAR,0.26,2004-04-05T17:19:39.675,Saturn Rings,https://opus.pds-rings.seti.org/holdings/previews/COISS_2xxx/COISS_2001/data/1459759083_1459921527/N1459878186_1_full.png,325ae0141c3e43a706a824829041462d2622ecc5c233277b21a2c819f4ec5a0e,/Users/upadhyay/dev/ICES/object_detection_opencv_cpp/data/cassini/issna/saturn_rings/images/co-iss-n1459878186.png,true,position_only
co-iss-n1459920426,cassini,issna,saturn_rings,CLEAR,0.26,2004-04-06T05:03:39.400,Saturn Rings,https://opus.pds-rings.seti.org/holdings/previews/COISS_2xxx/COISS_2001/data/1459759083_1459921527/N1459920426_1_full.png,09f85cc0cf666a4112ef8f3ddfce5cce84ad0654fc1b1c04495db6ed97982e66,/Users/upadhyay/dev/ICES/object_detection_opencv_cpp/data/cassini/issna/saturn_rings/images/co-iss-n1459920426.png,true,position_only
co-iss-n1541716180,cassini,issna,saturn_rings,CLEAR,0.56,2006-11-08T21:57:26.194,Saturn Rings,https://opus.pds-rings.seti.org/holdings/previews/COISS_2xxx/COISS_2026/data/1541711536_1541964094/N1541716180_1_full.png,6a6da2c1c46b46ae4768b3b51ba028b6f64fff201f63c79a7ec4c2e0318b7f62,/Users/upadhyay/dev/ICES/object_detection_opencv_cpp/data/cassini/issna/saturn_rings/images/co-iss-n1541716180.png,true,position_only
co-iss-n1541716868,cassini,issna,saturn_rings,CLEAR,0.56,2006-11-08T22:08:54.190,Saturn Rings,https://opus.pds-rings.seti.org/holdings/previews/COISS_2xxx/COISS_2026/data/1541711536_1541964094/N1541716868_1_full.png,19dd231e14b81bc59427a05409a156e427a9e8168aff54dfd2456b50fb4d07e8,/Users/upadhyay/dev/ICES/object_detection_opencv_cpp/data/cassini/issna/saturn_rings/images/co-iss-n1541716868.png,true,position_only
co-iss-n1541717374,cassini,issna,saturn_rings,CLEAR,0.46,2006-11-08T22:17:20.287,Saturn Rings,https://opus.pds-rings.seti.org/holdings/previews/COISS_2xxx/COISS_2026/data/1541711536_1541964094/N1541717374_1_full.png,565701ab1e2a05e28fff1a67726224aeac5ff45daa2383fbb8596306cfd74325,/Users/upadhyay/dev/ICES/object_detection_opencv_cpp/data/cassini/issna/saturn_rings/images/co-iss-n1541717374.png,true,position_only
co-iss-w1541717557,cassini,issna,saturn_rings,CLEAR,2,2006-11-08T22:20:21.745,Saturn Rings,https://opus.pds-rings.seti.org/holdings/previews/COISS_2xxx/COISS_2026/data/1541711536_1541964094/W1541717557_1_full.png,7bee3ff14f6c7dc41071fc2bd649cd4df215f381e0ba040861892b6bd07f7467,/Users/upadhyay/dev/ICES/object_detection_opencv_cpp/data/cassini/issna/saturn_rings/images/co-iss-w1541717557.png,true,position_only
co-iss-n1541986456,cassini,issna,saturn_rings,CLEAR,38,2006-11-12T01:01:23.045,Saturn Rings,https://opus.pds-rings.seti.org/holdings/previews/COISS_2xxx/COISS_2026/data/1541964127_1542002401/N1541986456_1_full.png,9cade1d80a2a27be2830a0bca311d2f0ee896c33d19c4f4b490dc6c640eeff9f,/Users/upadhyay/dev/ICES/object_detection_opencv_cpp/data/cassini/issna/saturn_rings/images/co-iss-n1541986456.png,true,position_only
co-iss-n1541986794,cassini,issna,saturn_rings,CLEAR,4.6,2006-11-12T01:07:34.435,Saturn Rings,https://opus.pds-rings.seti.org/holdings/previews/COISS_2xxx/COISS_2026/data/1541964127_1542002401/N1541986794_1_full.png,5a68b7c601ecf77c890081d995253c5e71c9c07c717568b107b0622f7e457971,/Users/upadhyay/dev/ICES/object_detection_opencv_cpp/data/cassini/issna/saturn_rings/images/co-iss-n1541986794.png,true,position_only
co-iss-n1541987447,cassini,issna,saturn_rings,CLEAR,10,2006-11-12T01:18:22.031,Saturn Rings,https://opus.pds-rings.seti.org/holdings/previews/COISS_2xxx/COISS_2026/data/1541964127_1542002401/N1541987447_1_full.png,cb002d0e32cea59a7f4c63fe49d7efa88606d6ca532bb1de34db3de53db03299,/Users/upadhyay/dev/ICES/object_detection_opencv_cpp/data/cassini/issna/saturn_rings/images/co-iss-n1541987447.png,true,position_only
co-iss-n1541989626,cassini,issna,saturn_rings,CLEAR,120,2006-11-12T01:52:51.009,Saturn Rings,https://opus.pds-rings.seti.org/holdings/previews/COISS_2xxx/COISS_2026/data/1541964127_1542002401/N1541989626_1_full.png,9be51aee2a1d74c453e2cbb33734a3159c37259c988782695c17be11b3c5abb3,/Users/upadhyay/dev/ICES/object_detection_opencv_cpp/data/cassini/issna/saturn_rings/images/co-iss-n1541989626.png,true,position_only
co-iss-n1541993444,cassini,issna,saturn_rings,CLEAR,120,2006-11-12T02:56:28.985,Saturn Rings,https://opus.pds-rings.seti.org/holdings/previews/COISS_2xxx/COISS_2026/data/1541964127_1542002401/N1541993444_1_full.png,0ad24f5da9d8a0917c9fd221cf71d5d8462053c989200f32171c5d667f95f5e7,/Users/upadhyay/dev/ICES/object_detection_opencv_cpp/data/cassini/issna/saturn_rings/images/co-iss-n1541993444.png,true,position_only
co-iss-n1541995464,cassini,issna,saturn_rings,CLEAR,18,2006-11-12T03:31:50.980,Saturn Rings,https://opus.pds-rings.seti.org/holdings/previews/COISS_2xxx/COISS_2026/data/1541964127_1542002401/N1541995464_1_full.png,8a37a1023b30cc8ec5b6ee9c95a4e97354df3e372c0d05c118b8fa02b837c72e,/Users/upadhyay/dev/ICES/object_detection_opencv_cpp/data/cassini/issna/saturn_rings/images/co-iss-n1541995464.png,true,position_only
co-iss-w1542000130,cassini,issna,saturn_rings,CLEAR,0.15,2006-11-12T04:49:54.792,Saturn Rings,https://opus.pds-rings.seti.org/holdings/previews/COISS_2xxx/COISS_2026/data/1541964127_1542002401/W1542000130_1_full.png,21f239697174303aa73f6aa83e2cc7ddfc442ae4fe6467a4830b2dd84d0d3db3,/Users/upadhyay/dev/ICES/object_detection_opencv_cpp/data/cassini/issna/saturn_rings/images/co-iss-w1542000130.png,true,position_only
co-iss-w1542002474,cassini,issna,saturn_rings,CLEAR,3.2,2006-11-12T05:28:55.735,Saturn Rings,https://opus.pds-rings.seti.org/holdings/previews/COISS_2xxx/COISS_2026/data/1542002434_1542153592/W1542002474_1_full.png,a14e661c70b237bff426627291df0f046efa8fdc0d5db74e18724e35b1ddf057,/Users/upadhyay/dev/ICES/object_detection_opencv_cpp/data/cassini/issna/saturn_rings/images/co-iss-w1542002474.png,true,position_only
co-iss-w1542007123,cassini,issna,saturn_rings,CLEAR,0.15,2006-11-12T06:46:27.747,Saturn Rings,https://opus.pds-rings.seti.org/holdings/previews/COISS_2xxx/COISS_2026/data/1542002434_1542153592/W1542007123_1_full.png,8fe9f95a8660ff0c65600a73af0baf8bb44ccd9f49cdfb53334f264ececdbb9b,/Users/upadhyay/dev/ICES/object_detection_opencv_cpp/data/cassini/issna/saturn_rings/images/co-iss-w1542007123.png,true,position_only
co-iss-n1542048041,cassini,issna,saturn_rings,CLEAR,0.26,2006-11-12T18:08:25.376,Saturn Rings,https://opus.pds-rings.seti.org/holdings/previews/COISS_2xxx/COISS_2026/data/1542002434_1542153592/N1542048041_1_full.png,60732dd23b848e3516b3a61dac313e03ca002c10bff475eb5d499d5204ce7819,/Users/upadhyay/dev/ICES/object_detection_opencv_cpp/data/cassini/issna/saturn_rings/images/co-iss-n1542048041.png,true,position_only
co-iss-n1542049821,cassini,issna,saturn_rings,CLEAR,0.26,2006-11-12T18:38:05.365,Saturn Rings,https://opus.pds-rings.seti.org/holdings/previews/COISS_2xxx/COISS_2026/data/1542002434_1542153592/N1542049821_1_full.png,3b7535fcd7c17834bcf4569fd1ed2b643cce3aa1a3925508e90a2aab90d20c4c,/Users/upadhyay/dev/ICES/object_detection_opencv_cpp/data/cassini/issna/saturn_rings/images/co-iss-n1542049821.png,true,position_only
co-iss-n1542051156,cassini,issna,saturn_rings,CLEAR,0.26,2006-11-12T19:00:20.356,Saturn Rings,https://opus.pds-rings.seti.org/holdings/previews/COISS_2xxx/COISS_2026/data/1542002434_1542153592/N1542051156_1_full.png,3e45d1de90e99d991840afce91d60794c2f4241581421aa5424335ecef44bc9c,/Users/upadhyay/dev/ICES/object_detection_opencv_cpp/data/cassini/issna/saturn_rings/images/co-iss-n1542051156.png,true,position_only
co-iss-n1542052936,cassini,issna,saturn_rings,CLEAR,0.26,2006-11-12T19:30:00.345,Saturn Rings,https://opus.pds-rings.seti.org/holdings/previews/COISS_2xxx/COISS_2026/data/1542002434_1542153592/N1542052936_1_full.png,0ca5aaba40cc64d794cc451e9fc97e4cfba94f087fec7778f24701523fa9aacb,/Users/upadhyay/dev/ICES/object_detection_opencv_cpp/data/cassini/issna/saturn_rings/images/co-iss-n1542052936.png,true,position_only
co-iss-n1542054271,cassini,issna,saturn_rings,CLEAR,0.26,2006-11-12T19:52:15.337,Saturn Rings,https://opus.pds-rings.seti.org/holdings/previews/COISS_2xxx/COISS_2026/data/1542002434_1542153592/N1542054271_1_full.png,78ee2d5f8ff126a35004af55aa015e2b50fa11310f37b459c8355df135defabb,/Users/upadhyay/dev/ICES/object_detection_opencv_cpp/data/cassini/issna/saturn_rings/images/co-iss-n1542054271.png,true,position_only
co-iss-n1542056051,cassini,issna,saturn_rings,CLEAR,0.26,2006-11-12T20:21:55.325,Saturn Rings,https://opus.pds-rings.seti.org/holdings/previews/COISS_2xxx/COISS_2026/data/1542002434_1542153592/N1542056051_1_full.png,698b21eb11c80b191270f6ab9333b144f7ff241c05f3bcaeabc8e0de31635255,/Users/upadhyay/dev/ICES/object_detection_opencv_cpp/data/cassini/issna/saturn_rings/images/co-iss-n1542056051.png,true,position_only
co-iss-n1542057386,cassini,issna,saturn_rings,CLEAR,0.26,2006-11-12T20:44:10.317,Saturn Rings,https://opus.pds-rings.seti.org/holdings/previews/COISS_2xxx/COISS_2026/data/1542002434_1542153592/N1542057386_1_full.png,263dddfc96ae433b4591c98861f74df09b07ab9ab4b6be770ffd4744b5e454f4,/Users/upadhyay/dev/ICES/object_detection_opencv_cpp/data/cassini/issna/saturn_rings/images/co-iss-n1542057386.png,true,position_only
co-iss-n1542059166,cassini,issna,saturn_rings,CLEAR,0.26,2006-11-12T21:13:50.305,Saturn Rings,https://opus.pds-rings.seti.org/holdings/previews/COISS_2xxx/COISS_2026/data/1542002434_1542153592/N1542059166_1_full.png,98fd81c301e20563d27bb93ffa71c3aff4a4bebfdb1c2a21419cde65d3addb3b,/Users/upadhyay/dev/ICES/object_detection_opencv_cpp/data/cassini/issna/saturn_rings/images/co-iss-n1542059166.png,true,position_only
co-iss-n1542060501,cassini,issna,saturn_rings,CLEAR,0.26,2006-11-12T21:36:05.297,Saturn Rings,https://opus.pds-rings.seti.org/holdings/previews/COISS_2xxx/COISS_2026/data/1542002434_1542153592/N1542060501_1_full.png,e9e95d9a12275a6edbebbc5883b7b77e3165f2c284697504c9383ef9ed538667,/Users/upadhyay/dev/ICES/object_detection_opencv_cpp/data/cassini/issna/saturn_rings/images/co-iss-n1542060501.png,true,position_only
co-iss-n1542062281,cassini,issna,saturn_rings,CLEAR,0.26,2006-11-12T22:05:45.285,Saturn Rings,https://opus.pds-rings.seti.org/holdings/previews/COISS_2xxx/COISS_2026/data/1542002434_1542153592/N1542062281_1_full.png,86ed763919e28a0303ce9c56c655cdea1f89cc5b3a38e7a74bf5c3194f3c91bf,/Users/upadhyay/dev/ICES/object_detection_opencv_cpp/data/cassini/issna/saturn_rings/images/co-iss-n1542062281.png,true,position_only
co-iss-n1542063616,cassini,issna,saturn_rings,CLEAR,0.26,2006-11-12T22:28:00.277,Saturn Rings,https://opus.pds-rings.seti.org/holdings/previews/COISS_2xxx/COISS_2026/data/1542002434_1542153592/N1542063616_1_full.png,34608061e0855f86a7cf1480c127b9cf5bdd9c76264bfc1b2609aa5b5caba25e,/Users/upadhyay/dev/ICES/object_detection_opencv_cpp/data/cassini/issna/saturn_rings/images/co-iss-n1542063616.png,true,position_only
co-iss-n1542065396,cassini,issna,saturn_rings,CLEAR,0.22,2006-11-12T22:57:40.306,Saturn Rings,https://opus.pds-rings.seti.org/holdings/previews/COISS_2xxx/COISS_2026/data/1542002434_1542153592/N1542065396_1_full.png,8984add7de43c0996ce8e37dd863d16c828569eb0aecd5f3ba648ebbc880ffc8,/Users/upadhyay/dev/ICES/object_detection_opencv_cpp/data/cassini/issna/saturn_rings/images/co-iss-n1542065396.png,true,position_only
co-iss-n1542066731,cassini,issna,saturn_rings,CLEAR,0.22,2006-11-12T23:19:55.297,Saturn Rings,https://opus.pds-rings.seti.org/holdings/previews/COISS_2xxx/COISS_2026/data/1542002434_1542153592/N1542066731_1_full.png,9b5689d33b802be27b96979df711de07645d5943f0ca9d744a842dcbb85747f1,/Users/upadhyay/dev/ICES/object_detection_opencv_cpp/data/cassini/issna/saturn_rings/images/co-iss-n1542066731.png,true,position_only
co-iss-n1542068511,cassini,issna,saturn_rings,CLEAR,0.22,2006-11-12T23:49:35.286,Saturn Rings,https://opus.pds-rings.seti.org/holdings/previews/COISS_2xxx/COISS_2026/data/1542002434_1542153592/N1542068511_1_full.png,51e66f9ddf035f9b769996072bfcfe4084e78c83c264a3d066c0793f0480c082,/Users/upadhyay/dev/ICES/object_detection_opencv_cpp/data/cassini/issna/saturn_rings/images/co-iss-n1542068511.png,true,position_only
co-iss-n1542069846,cassini,issna,saturn_rings,CLEAR,0.22,2006-11-13T00:11:50.277,Saturn Rings,https://opus.pds-rings.seti.org/holdings/previews/COISS_2xxx/COISS_2026/data/1542002434_1542153592/N1542069846_1_full.png,25dbb0fd6d2b1cbe094494c1ba1d7ab5a737163cea17835a6a6574a65990e4ab,/Users/upadhyay/dev/ICES/object_detection_opencv_cpp/data/cassini/issna/saturn_rings/images/co-iss-n1542069846.png,true,position_only
co-iss-n1579164299,cassini,issna,saturn_rings,CLEAR,1,2008-01-16T08:08:41.205,Saturn Rings,https://opus.pds-rings.seti.org/holdings/previews/COISS_2xxx/COISS_2041/data/1579027946_1579170338/N1579164299_1_full.png,274adf759ad52efeea4544f89c79356d8f8853d2cb529bad57b05e4fba99c8fc,/Users/upadhyay/dev/ICES/object_detection_opencv_cpp/data/cassini/issna/saturn_rings/images/co-iss-n1579164299.png,true,position_only
co-iss-n1579164503,cassini,issna,saturn_rings,CLEAR,1,2008-01-16T08:12:05.204,Saturn Rings,https://opus.pds-rings.seti.org/holdings/previews/COISS_2xxx/COISS_2041/data/1579027946_1579170338/N1579164503_1_full.png,1abe1c36a7c28a9051945851c621bb9ccfbd730b74a7883e9088aafd466632bd,/Users/upadhyay/dev/ICES/object_detection_opencv_cpp/data/cassini/issna/saturn_rings/images/co-iss-n1579164503.png,true,position_only
co-iss-n1579164775,cassini,issna,saturn_rings,CLEAR,1,2008-01-16T08:16:37.202,Saturn Rings,https://opus.pds-rings.seti.org/holdings/previews/COISS_2xxx/COISS_2041/data/1579027946_1579170338/N1579164775_1_full.png,6ee0152ba2af29d745aa01fe8e4fd4ec832ca4b74546c242b11b897fa21634b0,/Users/upadhyay/dev/ICES/object_detection_opencv_cpp/data/cassini/issna/saturn_rings/images/co-iss-n1579164775.png,true,position_only
co-iss-n1579164979,cassini,issna,saturn_rings,CLEAR,1,2008-01-16T08:20:01.201,Saturn Rings,https://opus.pds-rings.seti.org/holdings/previews/COISS_2xxx/COISS_2041/data/1579027946_1579170338/N1579164979_1_full.png,5a8470a1f6cd0a5221b3fa75fd0d6289c670fbc51f7834217406838a2cee827a,/Users/upadhyay/dev/ICES/object_detection_opencv_cpp/data/cassini/issna/saturn_rings/images/co-iss-n1579164979.png,true,position_only
co-iss-n1579166321,cassini,issna,saturn_rings,CLEAR,82,2008-01-16T08:41:02.175,Saturn Rings,https://opus.pds-rings.seti.org/holdings/previews/COISS_2xxx/COISS_2041/data/1579027946_1579170338/N1579166321_1_full.png,60e8e5c27a52c2aa1e59e7af266f7f746b3830cc44298d49e76a0cdf0b659bd4,/Users/upadhyay/dev/ICES/object_detection_opencv_cpp/data/cassini/issna/saturn_rings/images/co-iss-n1579166321.png,true,position_only
co-iss-n1579166747,cassini,issna,saturn_rings,CLEAR,0.32,2008-01-16T08:49:29.852,Saturn Rings,https://opus.pds-rings.seti.org/holdings/previews/COISS_2xxx/COISS_2041/data/1579027946_1579170338/N1579166747_1_full.png,1f2ea626b1b538241d3c0ccde037bade6dce0a6c67f3d686323fe29c68daf493,/Users/upadhyay/dev/ICES/object_detection_opencv_cpp/data/cassini/issna/saturn_rings/images/co-iss-n1579166747.png,true,position_only
co-iss-w1579167269,cassini,issna,saturn_rings,CLEAR,0.03,2008-01-16T08:58:12.139,Saturn Rings,https://opus.pds-rings.seti.org/holdings/previews/COISS_2xxx/COISS_2041/data/1579027946_1579170338/W1579167269_1_full.png,7bbb3102c07dcc50d7bca8762df9247dad823556b076f5288c2198feddd922c7,/Users/upadhyay/dev/ICES/object_detection_opencv_cpp/data/cassini/issna/saturn_rings/images/co-iss-w1579167269.png,true,position_only
co-iss-n1579167944,cassini,issna,saturn_rings,CLEAR,0.26,2008-01-16T09:09:26.904,Saturn Rings,https://opus.pds-rings.seti.org/holdings/previews/COISS_2xxx/COISS_2041/data/1579027946_1579170338/N1579167944_1_full.png,ecbf624f754ac16878e2a304638152f98075b12a3151b52757dcb6f35800004f,/Users/upadhyay/dev/ICES/object_detection_opencv_cpp/data/cassini/issna/saturn_rings/images/co-iss-n1579167944.png,true,position_only
co-iss-n1579168457,cassini,issna,saturn_rings,CLEAR,0.26,2008-01-16T09:17:59.900,Saturn Rings,https://opus.pds-rings.seti.org/holdings/previews/COISS_2xxx/COISS_2041/data/1579027946_1579170338/N1579168457_1_full.png,dee7101773406ff7badf0f378463663e7ec5b9a01b6f8389cd39efc5dff8544f,/Users/upadhyay/dev/ICES/object_detection_opencv_cpp/data/cassini/issna/saturn_rings/images/co-iss-n1579168457.png,true,position_only
co-iss-w1579168971,cassini,issna,saturn_rings,CLEAR,0.03,2008-01-16T09:26:34.127,Saturn Rings,https://opus.pds-rings.seti.org/holdings/previews/COISS_2xxx/COISS_2041/data/1579027946_1579170338/W1579168971_1_full.png,8e9259e4366baef7b2bbbdf3d24d6724251cc3f5bef631e409bf301c0389ac4f,/Users/upadhyay/dev/ICES/object_detection_opencv_cpp/data/cassini/issna/saturn_rings/images/co-iss-w1579168971.png,true,position_only
co-iss-n1579169483,cassini,issna,saturn_rings,CLEAR,0.26,2008-01-16T09:35:05.893,Saturn Rings,https://opus.pds-rings.seti.org/holdings/previews/COISS_2xxx/COISS_2041/data/1579027946_1579170338/N1579169483_1_full.png,7b5b098d5815eeeaa234e9e9a0adb646a8ddaf91a09e418bff2da09c3f4734e5,/Users/upadhyay/dev/ICES/object_detection_opencv_cpp/data/cassini/issna/saturn_rings/images/co-iss-n1579169483.png,true,position_only
co-iss-n1579170167,cassini,issna,saturn_rings,CLEAR,0.38,2008-01-16T09:46:29.768,Saturn Rings,https://opus.pds-rings.seti.org/holdings/previews/COISS_2xxx/COISS_2041/data/1579027946_1579170338/N1579170167_1_full.png,59ad80722b7a3ec96bafa0463bb84341c8aa56ec798ae0449e0b261f0c64efb6,/Users/upadhyay/dev/ICES/object_detection_opencv_cpp/data/cassini/issna/saturn_rings/images/co-iss-n1579170167.png,true,position_only
co-iss-n1579170681,cassini,issna,saturn_rings,CLEAR,0.38,2008-01-16T09:55:03.765,Saturn Rings,https://opus.pds-rings.seti.org/holdings/previews/COISS_2xxx/COISS_2041/data/1579170509_1579255906/N1579170681_1_full.png,0bc413b333bf9956171c5298d9873a255f8289196a67e7ed506ed09f23808358,/Users/upadhyay/dev/ICES/object_detection_opencv_cpp/data/cassini/issna/saturn_rings/images/co-iss-n1579170681.png,true,position_only
co-iss-n1579171193,cassini,issna,saturn_rings,CLEAR,0.56,2008-01-16T10:03:35.581,Saturn Rings,https://opus.pds-rings.seti.org/holdings/previews/COISS_2xxx/COISS_2041/data/1579170509_1579255906/N1579171193_1_full.png,cee2c4bd186a59ad1cb4633ad7cbd18a1f9db820acab78d3ae0ce528ad4c176f,/Users/upadhyay/dev/ICES/object_detection_opencv_cpp/data/cassini/issna/saturn_rings/images/co-iss-n1579171193.png,true,position_only
co-iss-w1579175157,cassini,issna,saturn_rings,CLEAR,0.04,2008-01-16T11:09:40.073,Saturn Rings,https://opus.pds-rings.seti.org/holdings/previews/COISS_2xxx/COISS_2041/data/1579170509_1579255906/W1579175157_1_full.png,91f1a8f8bef29ea7958e9be26ddae1dc4e281ecc9d4144d536cff83afc90fce7,/Users/upadhyay/dev/ICES/object_detection_opencv_cpp/data/cassini/issna/saturn_rings/images/co-iss-w1579175157.png,true,position_only
co-iss-w1579176488,cassini,issna,saturn_rings,CLEAR,0.04,2008-01-16T11:31:51.064,Saturn Rings,https://opus.pds-rings.seti.org/holdings/previews/COISS_2xxx/COISS_2041/data/1579170509_1579255906/W1579176488_1_full.png,01cff69dc355effd185dd1b70c513ead53e2e19677ed88b7c5762267a6918628,/Users/upadhyay/dev/ICES/object_detection_opencv_cpp/data/cassini/issna/saturn_rings/images/co-iss-w1579176488.png,true,position_only
co-iss-w1579177724,cassini,issna,saturn_rings,CLEAR,0.035,2008-01-16T11:52:27.060,Saturn Rings,https://opus.pds-rings.seti.org/holdings/previews/COISS_2xxx/COISS_2041/data/1579170509_1579255906/W1579177724_1_full.png,6cfbe062c876e1b62ffbcc623790038c4da3e3f0ca934ae77da195f50bb60ad8,/Users/upadhyay/dev/ICES/object_detection_opencv_cpp/data/cassini/issna/saturn_rings/images/co-iss-w1579177724.png,true,position_only
co-iss-w1579178787,cassini,issna,saturn_rings,CLEAR,0.05,2008-01-16T12:10:10.037,Saturn Rings,https://opus.pds-rings.seti.org/holdings/previews/COISS_2xxx/COISS_2041/data/1579170509_1579255906/W1579178787_1_full.png,6332fe9fd5f528845b061f711e1825628102270f55e404a5f8e7a7cb9c41cf16,/Users/upadhyay/dev/ICES/object_detection_opencv_cpp/data/cassini/issna/saturn_rings/images/co-iss-w1579178787.png,true,position_only
co-iss-w1579179448,cassini,issna,saturn_rings,CLEAR,0.035,2008-01-16T12:21:11.048,Saturn Rings,https://opus.pds-rings.seti.org/holdings/previews/COISS_2xxx/COISS_2041/data/1579170509_1579255906/W1579179448_1_full.png,880fe8564015901437b420249eb4944975e0aa3cbf7fe578893dc099671ff141,/Users/upadhyay/dev/ICES/object_detection_opencv_cpp/data/cassini/issna/saturn_rings/images/co-iss-w1579179448.png,true,position_only
co-iss-w1579180778,cassini,issna,saturn_rings,CLEAR,0.01,2008-01-16T12:43:21.063,Saturn Rings,https://opus.pds-rings.seti.org/holdings/previews/COISS_2xxx/COISS_2041/data/1579170509_1579255906/W1579180778_1_full.png,3e4f14a54d56d4ff033a872e9e869bde262328589c3415368558c3bd9b46763f,/Users/upadhyay/dev/ICES/object_detection_opencv_cpp/data/cassini/issna/saturn_rings/images/co-iss-w1579180778.png,true,position_only
co-iss-w1579181538,cassini,issna,saturn_rings,CLEAR,0.01,2008-01-16T12:56:01.058,Saturn Rings,https://opus.pds-rings.seti.org/holdings/previews/COISS_2xxx/COISS_2041/data/1579170509_1579255906/W1579181538_1_full.png,0ddf7221d7b2bd5630a381f617d45e160c96f4d49664469b5fd6474fe6502e03,/Users/upadhyay/dev/ICES/object_detection_opencv_cpp/data/cassini/issna/saturn_rings/images/co-iss-w1579181538.png,true,position_only
co-iss-w1579182597,cassini,issna,saturn_rings,CLEAR,0.01,2008-01-16T13:13:40.050,Saturn Rings,https://opus.pds-rings.seti.org/holdings/previews/COISS_2xxx/COISS_2041/data/1579170509_1579255906/W1579182597_1_full.png,14e8b6651543d854e338c7e7a41af95d03d08f4d7962525e36a6321ae30ad6b4,/Users/upadhyay/dev/ICES/object_detection_opencv_cpp/data/cassini/issna/saturn_rings/images/co-iss-w1579182597.png,true,position_only
co-iss-w1579183262,cassini,issna,saturn_rings,CLEAR,0.01,2008-01-16T13:24:45.046,Saturn Rings,https://opus.pds-rings.seti.org/holdings/previews/COISS_2xxx/COISS_2041/data/1579170509_1579255906/W1579183262_1_full.png,81834f819be21bfd19508cfcec86e2921d8dc29b17749624011ed16eec8acc7a,/Users/upadhyay/dev/ICES/object_detection_opencv_cpp/data/cassini/issna/saturn_rings/images/co-iss-w1579183262.png,true,position_only
co-iss-w1579184593,cassini,issna,saturn_rings,CLEAR,0.01,2008-01-16T13:46:56.036,Saturn Rings,https://opus.pds-rings.seti.org/holdings/previews/COISS_2xxx/COISS_2041/data/1579170509_1579255906/W1579184593_1_full.png,563294efdb8b683fd56c776914f9083fd31ccfd8029cec7e27c03b0b154a84e4,/Users/upadhyay/dev/ICES/object_detection_opencv_cpp/data/cassini/issna/saturn_rings/images/co-iss-w1579184593.png,true,position_only
co-iss-w1579185829,cassini,issna,saturn_rings,CLEAR,0.035,2008-01-16T14:07:32.003,Saturn Rings,https://opus.pds-rings.seti.org/holdings/previews/COISS_2xxx/COISS_2041/data/1579170509_1579255906/W1579185829_1_full.png,c0c16c53c48d4247a840ba22cf0839129f2a80d2f97f3edae00e5d488989e4bb,/Users/upadhyay/dev/ICES/object_detection_opencv_cpp/data/cassini/issna/saturn_rings/images/co-iss-w1579185829.png,true,position_only
co-iss-w1579186888,cassini,issna,saturn_rings,CLEAR,0.035,2008-01-16T14:25:10.995,Saturn Rings,https://opus.pds-rings.seti.org/holdings/previews/COISS_2xxx/COISS_2041/data/1579170509_1579255906/W1579186888_1_full.png,b2c707d6a219f43f7324447eb82dfecafb247fc067bdde870d7bff9e60a0ad79,/Users/upadhyay/dev/ICES/object_detection_opencv_cpp/data/cassini/issna/saturn_rings/images/co-iss-w1579186888.png,true,position_only
co-iss-w1579188884,cassini,issna,saturn_rings,CLEAR,0.01,2008-01-16T14:58:27.006,Saturn Rings,https://opus.pds-rings.seti.org/holdings/previews/COISS_2xxx/COISS_2041/data/1579170509_1579255906/W1579188884_1_full.png,7beb3bd6ba5e7848022094f091715d6ef4e9460b00e7ac92655fa0dde8bd232a,/Users/upadhyay/dev/ICES/object_detection_opencv_cpp/data/cassini/issna/saturn_rings/images/co-iss-w1579188884.png,true,position_only
co-iss-w1579250166,cassini,issna,saturn_rings,IR1,0.015,2008-01-17T07:59:48.584,Saturn Rings,https://opus.pds-rings.seti.org/holdings/previews/COISS_2xxx/COISS_2041/data/1579170509_1579255906/W1579250166_1_full.png,e9539ff35cc756e7c3f42f70a9e4c03a0f05374092da9202469fd12ca3596751,/Users/upadhyay/dev/ICES/object_detection_opencv_cpp/data/cassini/issna/saturn_rings/images/co-iss-w1579250166.png,true,position_only
co-iss-w1579250265,cassini,issna,saturn_rings,IR1+IR2,0.22,2008-01-17T08:01:27.378,Saturn Rings,https://opus.pds-rings.seti.org/holdings/previews/COISS_2xxx/COISS_2041/data/1579170509_1579255906/W1579250265_1_full.png,a5e883c556799778c898fdfcee23bccc5d2b2a415df41844b3f7bb0a9de19019,/Users/upadhyay/dev/ICES/object_detection_opencv_cpp/data/cassini/issna/saturn_rings/images/co-iss-w1579250265.png,true,position_only
co-iss-n1596021908,cassini,issna,saturn_rings,CLEAR,0.02,2008-07-29T10:46:52.274,Saturn Rings,https://opus.pds-rings.seti.org/holdings/previews/COISS_2xxx/COISS_2047/data/1596021469_1596023829/N1596021908_1_full.png,f0bf90d9066a0dd6b79d81e6b60a976d265b57236c810628f978e2ce0c9a8097,/Users/upadhyay/dev/ICES/object_detection_opencv_cpp/data/cassini/issna/saturn_rings/images/co-iss-n1596021908.png,true,position_only
co-iss-n1596021953,cassini,issna,saturn_rings,CLEAR,0.02,2008-07-29T10:47:37.274,Saturn Rings,https://opus.pds-rings.seti.org/holdings/previews/COISS_2xxx/COISS_2047/data/1596021469_1596023829/N1596021953_1_full.png,5476f0f68f793e67ea5d1fc31ab9769854c542fbfccfad8b8e1e32505d22ce63,/Users/upadhyay/dev/ICES/object_detection_opencv_cpp/data/cassini/issna/saturn_rings/images/co-iss-n1596021953.png,true,position_only
co-iss-n1596022013,cassini,issna,saturn_rings,CLEAR,0.02,2008-07-29T10:48:37.273,Saturn Rings,https://opus.pds-rings.seti.org/holdings/previews/COISS_2xxx/COISS_2047/data/1596021469_1596023829/N1596022013_1_full.png,3d6a8fbc7dcb617d01bdff00ad75953707cac26230b289d263caf80f6f200270,/Users/upadhyay/dev/ICES/object_detection_opencv_cpp/data/cassini/issna/saturn_rings/images/co-iss-n1596022013.png,true,position_only
co-iss-n1596022058,cassini,issna,saturn_rings,CLEAR,0.02,2008-07-29T10:49:22.273,Saturn Rings,https://opus.pds-rings.seti.org/holdings/previews/COISS_2xxx/COISS_2047/data/1596021469_1596023829/N1596022058_1_full.png,ad8b97d89dc68f58d9aca460206290a7006f0f8b381d82abb7b25267ed533626,/Users/upadhyay/dev/ICES/object_detection_opencv_cpp/data/cassini/issna/saturn_rings/images/co-iss-n1596022058.png,true,position_only
co-iss-n1596022118,cassini,issna,saturn_rings,CLEAR,0.02,2008-07-29T10:50:22.273,Saturn Rings,https://opus.pds-rings.seti.org/holdings/previews/COISS_2xxx/COISS_2047/data/1596021469_1596023829/N1596022118_1_full.png,dfb98d17d41a40b0ac626d0673af660b762e261afd342ae23d2058ff7089fc44,/Users/upadhyay/dev/ICES/object_detection_opencv_cpp/data/cassini/issna/saturn_rings/images/co-iss-n1596022118.png,true,position_only
co-iss-n1596022242,cassini,issna,saturn_rings,CLEAR,0.02,2008-07-29T10:52:26.272,Saturn Rings,https://opus.pds-rings.seti.org/holdings/previews/COISS_2xxx/COISS_2047/data/1596021469_1596023829/N1596022242_1_full.png,0b60e34a2e557fa1f2a72f4459eef06170c6b75a24f7ce108e00db433d444804,/Users/upadhyay/dev/ICES/object_detection_opencv_cpp/data/cassini/issna/saturn_rings/images/co-iss-n1596022242.png,true,position_only
co-iss-n1596022302,cassini,issna,saturn_rings,CLEAR,0.02,2008-07-29T10:53:26.271,Saturn Rings,https://opus.pds-rings.seti.org/holdings/previews/COISS_2xxx/COISS_2047/data/1596021469_1596023829/N1596022302_1_full.png,788df3d878e13024152ec499de977b0dd76d39356c6700100a993be0a27568ee,/Users/upadhyay/dev/ICES/object_detection_opencv_cpp/data/cassini/issna/saturn_rings/images/co-iss-n1596022302.png,true,position_only
co-iss-n1596022347,cassini,issna,saturn_rings,CLEAR,0.02,2008-07-29T10:54:11.271,Saturn Rings,https://opus.pds-rings.seti.org/holdings/previews/COISS_2xxx/COISS_2047/data/1596021469_1596023829/N1596022347_1_full.png,1c8224bd68807fd8b3540d25a6afea25bf7a649c73b78c0b276d8ed6f7cf509d,/Users/upadhyay/dev/ICES/object_detection_opencv_cpp/data/cassini/issna/saturn_rings/images/co-iss-n1596022347.png,true,position_only
co-iss-n1596022407,cassini,issna,saturn_rings,CLEAR,0.02,2008-07-29T10:55:11.270,Saturn Rings,https://opus.pds-rings.seti.org/holdings/previews/COISS_2xxx/COISS_2047/data/1596021469_1596023829/N1596022407_1_full.png,7d1818eacfe23450d060c9c4ae3b5d51d5058589d9eaaad93febe382c790a1e8,/Users/upadhyay/dev/ICES/object_detection_opencv_cpp/data/cassini/issna/saturn_rings/images/co-iss-n1596022407.png,true,position_only
co-iss-n1596022452,cassini,issna,saturn_rings,CLEAR,0.02,2008-07-29T10:55:56.270,Saturn Rings,https://opus.pds-rings.seti.org/holdings/previews/COISS_2xxx/COISS_2047/data/1596021469_1596023829/N1596022452_1_full.png,478b2fbc0a5061b6e43f0e9f2a3a2ddaa47ffa456592cac7256795d35f6f9b33,/Users/upadhyay/dev/ICES/object_detection_opencv_cpp/data/cassini/issna/saturn_rings/images/co-iss-n1596022452.png,true,position_only
co-iss-n1596022512,cassini,issna,saturn_rings,CLEAR,0.02,2008-07-29T10:56:56.270,Saturn Rings,https://opus.pds-rings.seti.org/holdings/previews/COISS_2xxx/COISS_2047/data/1596021469_1596023829/N1596022512_1_full.png,9abcacd8df98d7c35f09b88d4a96441c5429bcfffe361148683f7f7d18b1a6c0,/Users/upadhyay/dev/ICES/object_detection_opencv_cpp/data/cassini/issna/saturn_rings/images/co-iss-n1596022512.png,true,position_only
co-iss-n1596022651,cassini,issna,saturn_rings,CLEAR,0.02,2008-07-29T10:59:15.269,Saturn Rings,https://opus.pds-rings.seti.org/holdings/previews/COISS_2xxx/COISS_2047/data/1596021469_1596023829/N1596022651_1_full.png,a7b9b0834e7e3e867ada67e40b77e40c92788c1f240e2fe3f8a6678cc7f80ae0,/Users/upadhyay/dev/ICES/object_detection_opencv_cpp/data/cassini/issna/saturn_rings/images/co-iss-n1596022651.png,true,position_only
co-iss-n1596022696,cassini,issna,saturn_rings,CLEAR,0.02,2008-07-29T11:00:00.268,Saturn Rings,https://opus.pds-rings.seti.org/holdings/previews/COISS_2xxx/COISS_2047/data/1596021469_1596023829/N1596022696_1_full.png,21a043562462adf7381d6219ad271b575d207cb20e18d8f1d137e3b3ea1d0d7e,/Users/upadhyay/dev/ICES/object_detection_opencv_cpp/data/cassini/issna/saturn_rings/images/co-iss-n1596022696.png,true,position_only
co-iss-n1596022756,cassini,issna,saturn_rings,CLEAR,0.02,2008-07-29T11:01:00.268,Saturn Rings,https://opus.pds-rings.seti.org/holdings/previews/COISS_2xxx/COISS_2047/data/1596021469_1596023829/N1596022756_1_full.png,99f23e50807d53c47e06f16492c9cdabb22cf7ed00b0be640ca8c3be9d85d187,/Users/upadhyay/dev/ICES/object_detection_opencv_cpp/data/cassini/issna/saturn_rings/images/co-iss-n1596022756.png,true,position_only
co-iss-n1596022801,cassini,issna,saturn_rings,CLEAR,0.02,2008-07-29T11:01:45.268,Saturn Rings,https://opus.pds-rings.seti.org/holdings/previews/COISS_2xxx/COISS_2047/data/1596021469_1596023829/N1596022801_1_full.png,3e150ea6554112412f8fc5ad2c15b0d8e7cc7fbe6d445c1454468c2d2b7bc915,/Users/upadhyay/dev/ICES/object_detection_opencv_cpp/data/cassini/issna/saturn_rings/images/co-iss-n1596022801.png,true,position_only
co-iss-n1596022861,cassini,issna,saturn_rings,CLEAR,0.02,2008-07-29T11:02:45.267,Saturn Rings,https://opus.pds-rings.seti.org/holdings/previews/COISS_2xxx/COISS_2047/data/1596021469_1596023829/N1596022861_1_full.png,c16b46759c3f4ac24320dc02c9323d6ae2a9bf851190566b8bef7e3c3e0cf7fe,/Users/upadhyay/dev/ICES/object_detection_opencv_cpp/data/cassini/issna/saturn_rings/images/co-iss-n1596022861.png,true,position_only
co-iss-n1596022906,cassini,issna,saturn_rings,CLEAR,0.02,2008-07-29T11:03:30.267,Saturn Rings,https://opus.pds-rings.seti.org/holdings/previews/COISS_2xxx/COISS_2047/data/1596021469_1596023829/N1596022906_1_full.png,4a20469cad3dbdcb99605149cabbee4b39bb7a04daf0d39d395356c5dcc92f0c,/Users/upadhyay/dev/ICES/object_detection_opencv_cpp/data/cassini/issna/saturn_rings/images/co-iss-n1596022906.png,true,position_only
co-iss-n1596023045,cassini,issna,saturn_rings,CLEAR,0.02,2008-07-29T11:05:49.266,Saturn Rings,https://opus.pds-rings.seti.org/holdings/previews/COISS_2xxx/COISS_2047/data/1596021469_1596023829/N1596023045_1_full.png,e9a7c7cff84eef28c1059cf207e48286d3f54205986fe06da44c896bbc5435bf,/Users/upadhyay/dev/ICES/object_detection_opencv_cpp/data/cassini/issna/saturn_rings/images/co-iss-n1596023045.png,true,position_only
co-iss-n1596023090,cassini,issna,saturn_rings,CLEAR,0.02,2008-07-29T11:06:34.266,Saturn Rings,https://opus.pds-rings.seti.org/holdings/previews/COISS_2xxx/COISS_2047/data/1596021469_1596023829/N1596023090_1_full.png,ab1c2d656c4e310d730371e3915bbb9e3e315d85111e4c3f12c06e4657e2c08c,/Users/upadhyay/dev/ICES/object_detection_opencv_cpp/data/cassini/issna/saturn_rings/images/co-iss-n1596023090.png,true,position_only
co-iss-n1596023150,cassini,issna,saturn_rings,CLEAR,0.02,2008-07-29T11:07:34.265,Saturn Rings,https://opus.pds-rings.seti.org/holdings/previews/COISS_2xxx/COISS_2047/data/1596021469_1596023829/N1596023150_1_full.png,0060ed739a69396ae2545d3245bd85b414abd96fbf3c041add3232e6d89c2db8,/Users/upadhyay/dev/ICES/object_detection_opencv_cpp/data/cassini/issna/saturn_rings/images/co-iss-n1596023150.png,true,position_only
co-iss-n1596023195,cassini,issna,saturn_rings,CLEAR,0.02,2008-07-29T11:08:19.265,Saturn Rings,https://opus.pds-rings.seti.org/holdings/previews/COISS_2xxx/COISS_2047/data/1596021469_1596023829/N1596023195_1_full.png,0ca384ab840a708762d73434100f7b9a8a7f9f4d49148b428824d08ad189876c,/Users/upadhyay/dev/ICES/object_detection_opencv_cpp/data/cassini/issna/saturn_rings/images/co-iss-n1596023195.png,true,position_only
co-iss-n1596023255,cassini,issna,saturn_rings,CLEAR,0.02,2008-07-29T11:09:19.265,Saturn Rings,https://opus.pds-rings.seti.org/holdings/previews/COISS_2xxx/COISS_2047/data/1596021469_1596023829/N1596023255_1_full.png,1ae37a602202b98c488e7c9035031caeaf261aee4ee3b148bbfaec2694b6b382,/Users/upadhyay/dev/ICES/object_detection_opencv_cpp/data/cassini/issna/saturn_rings/images/co-iss-n1596023255.png,true,position_only
co-iss-n1596023300,cassini,issna,saturn_rings,CLEAR,0.02,2008-07-29T11:10:04.264,Saturn Rings,https://opus.pds-rings.seti.org/holdings/previews/COISS_2xxx/COISS_2047/data/1596021469_1596023829/N1596023300_1_full.png,a179f2047a28e13b70da7cf05a92c36b3e2535cc6de6aeaa28c293b58820f0f9,/Users/upadhyay/dev/ICES/object_detection_opencv_cpp/data/cassini/issna/saturn_rings/images/co-iss-n1596023300.png,true,position_only
co-iss-w1596023420,cassini,issna,saturn_rings,CLEAR,0.03,2008-07-29T11:12:04.253,Saturn Rings,https://opus.pds-rings.seti.org/holdings/previews/COISS_2xxx/COISS_2047/data/1596021469_1596023829/W1596023420_1_full.png,3651692674ec1349d26fb4fb50912d9e3d6e9738407e57cae4d6f7853e5e3f6d,/Users/upadhyay/dev/ICES/object_detection_opencv_cpp/data/cassini/issna/saturn_rings/images/co-iss-w1596023420.png,true,position_only
co-iss-n1596023484,cassini,issna,saturn_rings,CLEAR,0.02,2008-07-29T11:13:08.263,Saturn Rings,https://opus.pds-rings.seti.org/holdings/previews/COISS_2xxx/COISS_2047/data/1596021469_1596023829/N1596023484_1_full.png,918d97d83b22d1547026ab0d3381555d1498df9e5b80c8b1bff431d350d7c548,/Users/upadhyay/dev/ICES/object_detection_opencv_cpp/data/cassini/issna/saturn_rings/images/co-iss-n1596023484.png,true,position_only
co-iss-n1596023544,cassini,issna,saturn_rings,CLEAR,0.02,2008-07-29T11:14:08.262,Saturn Rings,https://opus.pds-rings.seti.org/holdings/previews/COISS_2xxx/COISS_2047/data/1596021469_1596023829/N1596023544_1_full.png,d4a0f03554f2d942a1575e47498c69f95077f0fcf010f6a1b323e43e311ea64b,/Users/upadhyay/dev/ICES/object_detection_opencv_cpp/data/cassini/issna/saturn_rings/images/co-iss-n1596023544.png,true,position_only
co-iss-n1596023589,cassini,issna,saturn_rings,CLEAR,0.02,2008-07-29T11:14:53.262,Saturn Rings,https://opus.pds-rings.seti.org/holdings/previews/COISS_2xxx/COISS_2047/data/1596021469_1596023829/N1596023589_1_full.png,d64a0b39b8ec0c57f8a75dad5f3a2c34668a9bb18ae5894e2a073c23b1e0c787,/Users/upadhyay/dev/ICES/object_detection_opencv_cpp/data/cassini/issna/saturn_rings/images/co-iss-n1596023589.png,true,position_only
co-iss-n1596023649,cassini,issna,saturn_rings,CLEAR,0.02,2008-07-29T11:15:53.262,Saturn Rings,https://opus.pds-rings.seti.org/holdings/previews/COISS_2xxx/COISS_2047/data/1596021469_1596023829/N1596023649_1_full.png,2b883a9914b96d964d22dc258a95b4124ffdd3964b5751880c606cc5d02841f2,/Users/upadhyay/dev/ICES/object_detection_opencv_cpp/data/cassini/issna/saturn_rings/images/co-iss-n1596023649.png,true,position_only
co-iss-n1620045371,cassini,issna,saturn_rings,CLEAR,0.26,2009-05-03T11:55:03.787,Saturn Rings,https://opus.pds-rings.seti.org/holdings/previews/COISS_2xxx/COISS_2054/data/1620043675_1620206551/N1620045371_1_full.png,32bbbfe2729520b2a4d0fcab16aa8548fb8cf24a804c5eb0c371f574045f0d3c,/Users/upadhyay/dev/ICES/object_detection_opencv_cpp/data/cassini/issna/saturn_rings/images/co-iss-n1620045371.png,true,position_only
co-iss-n1620045439,cassini,issna,saturn_rings,CLEAR,0.26,2009-05-03T11:56:11.787,Saturn Rings,https://opus.pds-rings.seti.org/holdings/previews/COISS_2xxx/COISS_2054/data/1620043675_1620206551/N1620045439_1_full.png,264dd0c1310d08c682bc7bac9e7a068ccea5d449a7477365e9a69547797bea8b,/Users/upadhyay/dev/ICES/object_detection_opencv_cpp/data/cassini/issna/saturn_rings/images/co-iss-n1620045439.png,true,position_only
co-iss-n1620045490,cassini,issna,saturn_rings,CLEAR,0.26,2009-05-03T11:57:02.786,Saturn Rings,https://opus.pds-rings.seti.org/holdings/previews/COISS_2xxx/COISS_2054/data/1620043675_1620206551/N1620045490_1_full.png,68d46a592911853b441c9b8b165d542bea37cca5b94c98e2bbe885fce0aac11d,/Users/upadhyay/dev/ICES/object_detection_opencv_cpp/data/cassini/issna/saturn_rings/images/co-iss-n1620045490.png,true,position_only
co-iss-n1620045558,cassini,issna,saturn_rings,CLEAR,0.26,2009-05-03T11:58:10.786,Saturn Rings,https://opus.pds-rings.seti.org/holdings/previews/COISS_2xxx/COISS_2054/data/1620043675_1620206551/N1620045558_1_full.png,ba75c213fa7b133671486fad2137d2dd55aecbb22dc03ad22e2893026d8dff07,/Users/upadhyay/dev/ICES/object_detection_opencv_cpp/data/cassini/issna/saturn_rings/images/co-iss-n1620045558.png,true,position_only
co-iss-n1620045609,cassini,issna,saturn_rings,CLEAR,0.26,2009-05-03T11:59:01.786,Saturn Rings,https://opus.pds-rings.seti.org/holdings/previews/COISS_2xxx/COISS_2054/data/1620043675_1620206551/N1620045609_1_full.png,f38846e2435ebf3fedf7e8131ec6262ae37628b03e46ba04ee6f17760ee1691f,/Users/upadhyay/dev/ICES/object_detection_opencv_cpp/data/cassini/issna/saturn_rings/images/co-iss-n1620045609.png,true,position_only
co-iss-n1620045677,cassini,issna,saturn_rings,CLEAR,0.26,2009-05-03T12:00:09.785,Saturn Rings,https://opus.pds-rings.seti.org/holdings/previews/COISS_2xxx/COISS_2054/data/1620043675_1620206551/N1620045677_1_full.png,d333e9e631ce9c7ffe4bee1eb0a40744caa54452c36619cb3aea3b46f26b3cc9,/Users/upadhyay/dev/ICES/object_detection_opencv_cpp/data/cassini/issna/saturn_rings/images/co-iss-n1620045677.png,true,position_only
co-iss-n1620045728,cassini,issna,saturn_rings,CLEAR,0.26,2009-05-03T12:01:00.785,Saturn Rings,https://opus.pds-rings.seti.org/holdings/previews/COISS_2xxx/COISS_2054/data/1620043675_1620206551/N1620045728_1_full.png,f93437a4e55068a94540e5b8ae879cea1e6d07755cac9b8c535ec4a8926bd9b7,/Users/upadhyay/dev/ICES/object_detection_opencv_cpp/data/cassini/issna/saturn_rings/images/co-iss-n1620045728.png,true,position_only
co-iss-n1620045796,cassini,issna,saturn_rings,CLEAR,0.26,2009-05-03T12:02:08.784,Saturn Rings,https://opus.pds-rings.seti.org/holdings/previews/COISS_2xxx/COISS_2054/data/1620043675_1620206551/N1620045796_1_full.png,7a3607ad1668c0ba6bd6b1cb2245ce3f4322c2224e5dd4d05b432d3e48d01680,/Users/upadhyay/dev/ICES/object_detection_opencv_cpp/data/cassini/issna/saturn_rings/images/co-iss-n1620045796.png,true,position_only
co-iss-n1620045847,cassini,issna,saturn_rings,CLEAR,0.26,2009-05-03T12:02:59.784,Saturn Rings,https://opus.pds-rings.seti.org/holdings/previews/COISS_2xxx/COISS_2054/data/1620043675_1620206551/N1620045847_1_full.png,b34e6a7635e0c5e30cac684579739f1ba05d8b9e0d7bc0cf067a25e74ea6b73f,/Users/upadhyay/dev/ICES/object_detection_opencv_cpp/data/cassini/issna/saturn_rings/images/co-iss-n1620045847.png,true,position_only
co-iss-w1620479712,cassini,issna,saturn_rings,CLEAR,0.03,2009-05-08T12:34:01.909,Saturn Rings,https://opus.pds-rings.seti.org/holdings/previews/COISS_2xxx/COISS_2054/data/1620380865_1620646547/W1620479712_1_full.png,a2ccb38fb268fbcba70cd7b5e68651ff3a1a8472a0dc303500479ef03c55412a,/Users/upadhyay/dev/ICES/object_detection_opencv_cpp/data/cassini/issna/saturn_rings/images/co-iss-w1620479712.png,true,position_only
co-iss-w1620483493,cassini,issna,saturn_rings,CLEAR,0.03,2009-05-08T13:37:02.882,Saturn Rings,https://opus.pds-rings.seti.org/holdings/previews/COISS_2xxx/COISS_2054/data/1620380865_1620646547/W1620483493_1_full.png,f155c2196de5ae0fa6176ff4392c956d5871ed1295065ad81280e1d11b3fc9b9,/Users/upadhyay/dev/ICES/object_detection_opencv_cpp/data/cassini/issna/saturn_rings/images/co-iss-w1620483493.png,true,position_only
co-iss-w1620486673,cassini,issna,saturn_rings,CLEAR,0.03,2009-05-08T14:30:02.860,Saturn Rings,https://opus.pds-rings.seti.org/holdings/previews/COISS_2xxx/COISS_2054/data/1620380865_1620646547/W1620486673_1_full.png,cf05eafbbde560ad2f4907d2d9f0fb07678178bae060b6d34bb2bcc4c50caba5,/Users/upadhyay/dev/ICES/object_detection_opencv_cpp/data/cassini/issna/saturn_rings/images/co-iss-w1620486673.png,true,position_only
co-iss-w1620489314,cassini,issna,saturn_rings,CLEAR,0.03,2009-05-08T15:14:03.841,Saturn Rings,https://opus.pds-rings.seti.org/holdings/previews/COISS_2xxx/COISS_2054/data/1620380865_1620646547/W1620489314_1_full.png,25d17b61765ccc74337313bc657d91b1187af95234f0947bba47354d01c05d6e,/Users/upadhyay/dev/ICES/object_detection_opencv_cpp/data/cassini/issna/saturn_rings/images/co-iss-w1620489314.png,true,position_only
co-iss-w1620492590,cassini,issna,saturn_rings,CLEAR,0.03,2009-05-08T16:08:39.818,Saturn Rings,https://opus.pds-rings.seti.org/holdings/previews/COISS_2xxx/COISS_2054/data/1620380865_1620646547/W1620492590_1_full.png,0c82cbd8c80c194461bd72904ad4b84602ff72da3c0597e8bc691e65dd0f3547,/Users/upadhyay/dev/ICES/object_detection_opencv_cpp/data/cassini/issna/saturn_rings/images/co-iss-w1620492590.png,true,position_only
co-iss-w1620495938,cassini,issna,saturn_rings,CLEAR,0.03,2009-05-08T17:04:27.794,Saturn Rings,https://opus.pds-rings.seti.org/holdings/previews/COISS_2xxx/COISS_2054/data/1620380865_1620646547/W1620495938_1_full.png,8ed40343d7b662fc237bb5a95eb241d3b0abdef243239ad743a9b664190a835a,/Users/upadhyay/dev/ICES/object_detection_opencv_cpp/data/cassini/issna/saturn_rings/images/co-iss-w1620495938.png,true,position_only
co-iss-w1620498631,cassini,issna,saturn_rings,CLEAR,0.12,2009-05-08T17:49:20.685,Saturn Rings,https://opus.pds-rings.seti.org/holdings/previews/COISS_2xxx/COISS_2054/data/1620380865_1620646547/W1620498631_1_full.png,982d24eecffd188c9f87de14dc7c656626b340cd4ea508a4c40d74f2243f3537,/Users/upadhyay/dev/ICES/object_detection_opencv_cpp/data/cassini/issna/saturn_rings/images/co-iss-w1620498631.png,true,position_only
co-iss-w1620501931,cassini,issna,saturn_rings,CLEAR,0.06,2009-05-08T18:44:20.721,Saturn Rings,https://opus.pds-rings.seti.org/holdings/previews/COISS_2xxx/COISS_2054/data/1620380865_1620646547/W1620501931_1_full.png,f9ab5158adfd8cb9201d8accb73d3ebe4056a47496806c737518e183e1c98c08,/Users/upadhyay/dev/ICES/object_detection_opencv_cpp/data/cassini/issna/saturn_rings/images/co-iss-w1620501931.png,true,position_only
co-iss-w1620503760,cassini,issna,saturn_rings,CLEAR,0.06,2009-05-08T19:14:49.708,Saturn Rings,https://opus.pds-rings.seti.org/holdings/previews/COISS_2xxx/COISS_2054/data/1620380865_1620646547/W1620503760_1_full.png,77919bd11270fd8509c9bd01da144d98eb8ae4174a11487177de9551f1f40a41,/Users/upadhyay/dev/ICES/object_detection_opencv_cpp/data/cassini/issna/saturn_rings/images/co-iss-w1620503760.png,true,position_only
co-iss-n1620596046,cassini,issna,saturn_rings,CLEAR,0.82,2009-05-09T20:52:54.292,Saturn Rings,https://opus.pds-rings.seti.org/holdings/previews/COISS_2xxx/COISS_2054/data/1620380865_1620646547/N1620596046_1_full.png,3f387d926a5341ef1932a918df5f1569a84c3cd700a77328702509f6d641fd4e,/Users/upadhyay/dev/ICES/object_detection_opencv_cpp/data/cassini/issna/saturn_rings/images/co-iss-n1620596046.png,true,position_only
co-iss-n1620640112,cassini,issna,saturn_rings,CLEAR,1.2,2009-05-10T09:07:19.599,Saturn Rings,https://opus.pds-rings.seti.org/holdings/previews/COISS_2xxx/COISS_2054/data/1620380865_1620646547/N1620640112_1_full.png,560027937aab997a751da089532dd6edb19ff2f45eb7da81b09321a155687201,/Users/upadhyay/dev/ICES/object_detection_opencv_cpp/data/cassini/issna/saturn_rings/images/co-iss-n1620640112.png,true,position_only
co-iss-n1620640892,cassini,issna,saturn_rings,CLEAR,1.2,2009-05-10T09:20:19.593,Saturn Rings,https://opus.pds-rings.seti.org/holdings/previews/COISS_2xxx/COISS_2054/data/1620380865_1620646547/N1620640892_1_full.png,ca4d8e0b49c8876eff01fbb95e08a498d56e371875c2adb4423c5d7e4e21099c,/Users/upadhyay/dev/ICES/object_detection_opencv_cpp/data/cassini/issna/saturn_rings/images/co-iss-n1620640892.png,true,position_only
co-iss-n1620641477,cassini,issna,saturn_rings,CLEAR,1.2,2009-05-10T09:30:04.589,Saturn Rings,https://opus.pds-rings.seti.org/holdings/previews/COISS_2xxx/COISS_2054/data/1620380865_1620646547/N1620641477_1_full.png,a5abf5e3d0e3593e779e1be7bde47b09d51895f6ebb45fa1495557d74a8443a4,/Users/upadhyay/dev/ICES/object_detection_opencv_cpp/data/cassini/issna/saturn_rings/images/co-iss-n1620641477.png,true,position_only
co-iss-n1620642257,cassini,issna,saturn_rings,CLEAR,1.2,2009-05-10T09:43:04.583,Saturn Rings,https://opus.pds-rings.seti.org/holdings/previews/COISS_2xxx/COISS_2054/data/1620380865_1620646547/N1620642257_1_full.png,c0080e807ea96d11965006500681fd932a5556a6a9f2bc905adbaed786d8920a,/Users/upadhyay/dev/ICES/object_detection_opencv_cpp/data/cassini/issna/saturn_rings/images/co-iss-n1620642257.png,true,position_only
co-iss-n1620642842,cassini,issna,saturn_rings,CLEAR,1.2,2009-05-10T09:52:49.579,Saturn Rings,https://opus.pds-rings.seti.org/holdings/previews/COISS_2xxx/COISS_2054/data/1620380865_1620646547/N1620642842_1_full.png,ec35174e2ea3ea79cd21994bcd6cd65ce30f91e42a049fe49444b22feeeb81cb,/Users/upadhyay/dev/ICES/object_detection_opencv_cpp/data/cassini/issna/saturn_rings/images/co-iss-n1620642842.png,true,position_only
co-iss-n1620643622,cassini,issna,saturn_rings,CLEAR,1.2,2009-05-10T10:05:49.574,Saturn Rings,https://opus.pds-rings.seti.org/holdings/previews/COISS_2xxx/COISS_2054/data/1620380865_1620646547/N1620643622_1_full.png,8e99f46edac080b4caaf672633c56e44a5aaf40ed45e91b4c0a9860bd7fa0a8d,/Users/upadhyay/dev/ICES/object_detection_opencv_cpp/data/cassini/issna/saturn_rings/images/co-iss-n1620643622.png,true,position_only
co-iss-n1620644207,cassini,issna,saturn_rings,CLEAR,1.2,2009-05-10T10:15:34.569,Saturn Rings,https://opus.pds-rings.seti.org/holdings/previews/COISS_2xxx/COISS_2054/data/1620380865_1620646547/N1620644207_1_full.png,9ba095121b8ff2ff49f7a636929f62c282a1c7be7c86fa77cebe3e48aeedb0c4,/Users/upadhyay/dev/ICES/object_detection_opencv_cpp/data/cassini/issna/saturn_rings/images/co-iss-n1620644207.png,true,position_only
co-iss-n1620644987,cassini,issna,saturn_rings,CLEAR,1.2,2009-05-10T10:28:34.564,Saturn Rings,https://opus.pds-rings.seti.org/holdings/previews/COISS_2xxx/COISS_2054/data/1620380865_1620646547/N1620644987_1_full.png,0f21aef3a40b1edfce83881d40d5df2947f5cc4d008585386b99580bf45aa6fc,/Users/upadhyay/dev/ICES/object_detection_opencv_cpp/data/cassini/issna/saturn_rings/images/co-iss-n1620644987.png,true,position_only
co-iss-n1620645572,cassini,issna,saturn_rings,CLEAR,1.2,2009-05-10T10:38:19.560,Saturn Rings,https://opus.pds-rings.seti.org/holdings/previews/COISS_2xxx/COISS_2054/data/1620380865_1620646547/N1620645572_1_full.png,b14c3b7d23f0e38b89cdb3f8efb2a5351204647317c996f09d23adfce53ae9a4,/Users/upadhyay/dev/ICES/object_detection_opencv_cpp/data/cassini/issna/saturn_rings/images/co-iss-n1620645572.png,true,position_only
co-iss-n1620646352,cassini,issna,saturn_rings,CLEAR,1.2,2009-05-10T10:51:19.554,Saturn Rings,https://opus.pds-rings.seti.org/holdings/previews/COISS_2xxx/COISS_2054/data/1620380865_1620646547/N1620646352_1_full.png,f62ce634cf5dca6486438ce1a43e578426e04cc40be15545b306b07e3689e41c,/Users/upadhyay/dev/ICES/object_detection_opencv_cpp/data/cassini/issna/saturn_rings/images/co-iss-n1620646352.png,true,position_only
co-iss-n1737253518,cassini,issna,saturn_rings,CLEAR,0.56,2013-01-19T01:31:09.429,Saturn Rings,https://opus.pds-rings.seti.org/holdings/previews/COISS_2xxx/COISS_2080/data/1737189313_1737257412/N1737253518_1_full.png,3a4ad165904050f75f8be2a07becd27ae652f26412430ff4319cb9351a35df87,/Users/upadhyay/dev/ICES/object_detection_opencv_cpp/data/cassini/issna/saturn_rings/images/co-iss-n1737253518.png,true,position_only
co-iss-n1737253990,cassini,issna,saturn_rings,CLEAR,0.56,2013-01-19T01:39:01.426,Saturn Rings,https://opus.pds-rings.seti.org/holdings/previews/COISS_2xxx/COISS_2080/data/1737189313_1737257412/N1737253990_1_full.png,f8af371e0e056e8a5552c51e0a95303f4bb02a4db5687c24474525bb198c3981,/Users/upadhyay/dev/ICES/object_detection_opencv_cpp/data/cassini/issna/saturn_rings/images/co-iss-n1737253990.png,true,position_only
co-iss-n1737254344,cassini,issna,saturn_rings,CLEAR,0.56,2013-01-19T01:44:55.424,Saturn Rings,https://opus.pds-rings.seti.org/holdings/previews/COISS_2xxx/COISS_2080/data/1737189313_1737257412/N1737254344_1_full.png,1adb15e66dc97ee7e815a79c4f6bd0753c07f47094a159a9889c50ea3c2b54cb,/Users/upadhyay/dev/ICES/object_detection_opencv_cpp/data/cassini/issna/saturn_rings/images/co-iss-n1737254344.png,true,position_only
co-iss-n1737254816,cassini,issna,saturn_rings,CLEAR,0.56,2013-01-19T01:52:47.421,Saturn Rings,https://opus.pds-rings.seti.org/holdings/previews/COISS_2xxx/COISS_2080/data/1737189313_1737257412/N1737254816_1_full.png,13abade30253f46b8dbdedcfd2762538fdfff3b86bd68bc35f23edcd4cbb4f2f,/Users/upadhyay/dev/ICES/object_detection_opencv_cpp/data/cassini/issna/saturn_rings/images/co-iss-n1737254816.png,true,position_only
co-iss-n1737255170,cassini,issna,saturn_rings,CLEAR,0.56,2013-01-19T01:58:41.419,Saturn Rings,https://opus.pds-rings.seti.org/holdings/previews/COISS_2xxx/COISS_2080/data/1737189313_1737257412/N1737255170_1_full.png,bda446b04259f5e4abac62956989d3b3076e69765bffd0a453b50e00e662f1d5,/Users/upadhyay/dev/ICES/object_detection_opencv_cpp/data/cassini/issna/saturn_rings/images/co-iss-n1737255170.png,true,position_only
co-iss-n1737255642,cassini,issna,saturn_rings,CLEAR,0.56,2013-01-19T02:06:33.416,Saturn Rings,https://opus.pds-rings.seti.org/holdings/previews/COISS_2xxx/COISS_2080/data/1737189313_1737257412/N1737255642_1_full.png,4cf0227dfd655076247c54716467572f1bf586587cb428f784fd130bf06ce154,/Users/upadhyay/dev/ICES/object_detection_opencv_cpp/data/cassini/issna/saturn_rings/images/co-iss-n1737255642.png,true,position_only
co-iss-n1737255996,cassini,issna,saturn_rings,CLEAR,0.56,2013-01-19T02:12:27.413,Saturn Rings,https://opus.pds-rings.seti.org/holdings/previews/COISS_2xxx/COISS_2080/data/1737189313_1737257412/N1737255996_1_full.png,646b3e319b9b9a973def4b2763afce2946f8813add037852d66fbc88b3424e8a,/Users/upadhyay/dev/ICES/object_detection_opencv_cpp/data/cassini/issna/saturn_rings/images/co-iss-n1737255996.png,true,position_only
co-iss-n1737256468,cassini,issna,saturn_rings,CLEAR,0.56,2013-01-19T02:20:19.410,Saturn Rings,https://opus.pds-rings.seti.org/holdings/previews/COISS_2xxx/COISS_2080/data/1737189313_1737257412/N1737256468_1_full.png,34d73034e6ad29de72943e28e42be4cd58f928d3063b5de5f2f46f9f4cd7cd58,/Users/upadhyay/dev/ICES/object_detection_opencv_cpp/data/cassini/issna/saturn_rings/images/co-iss-n1737256468.png,true,position_only
co-iss-n1737256822,cassini,issna,saturn_rings,CLEAR,0.56,2013-01-19T02:26:13.408,Saturn Rings,https://opus.pds-rings.seti.org/holdings/previews/COISS_2xxx/COISS_2080/data/1737189313_1737257412/N1737256822_1_full.png,760e773fe3b18f3d8bd9f760478637ff5f402d6012dbc4506d45e71ef51c54c1,/Users/upadhyay/dev/ICES/object_detection_opencv_cpp/data/cassini/issna/saturn_rings/images/co-iss-n1737256822.png,true,position_only
co-iss-n1737257294,cassini,issna,saturn_rings,CLEAR,0.56,2013-01-19T02:34:05.405,Saturn Rings,https://opus.pds-rings.seti.org/holdings/previews/COISS_2xxx/COISS_2080/data/1737189313_1737257412/N1737257294_1_full.png,3a455fc453e158ea47748d5b61815a951ae3b5e7b97bc59f8eb565de79c33e87,/Users/upadhyay/dev/ICES/object_detection_opencv_cpp/data/cassini/issna/saturn_rings/images/co-iss-n1737257294.png,true,position_only
co-iss-n1737257648,cassini,issna,saturn_rings,CLEAR,0.56,2013-01-19T02:39:59.403,Saturn Rings,https://opus.pds-rings.seti.org/holdings/previews/COISS_2xxx/COISS_2080/data/1737257530_1737332934/N1737257648_1_full.png,25c0efe225707735f2521cab57fd0bbaffc2d16dbddac387ea636b3c7d2faafe,/Users/upadhyay/dev/ICES/object_detection_opencv_cpp/data/cassini/issna/saturn_rings/images/co-iss-n1737257648.png,true,position_only
co-iss-n1737258120,cassini,issna,saturn_rings,CLEAR,0.56,2013-01-19T02:47:51.400,Saturn Rings,https://opus.pds-rings.seti.org/holdings/previews/COISS_2xxx/COISS_2080/data/1737257530_1737332934/N1737258120_1_full.png,cb525516bf41520e5fe4c3f0b684073d3ac6b3b7c3c52778d33df9e0fbdde665,/Users/upadhyay/dev/ICES/object_detection_opencv_cpp/data/cassini/issna/saturn_rings/images/co-iss-n1737258120.png,true,position_only
co-iss-n1737258474,cassini,issna,saturn_rings,CLEAR,0.56,2013-01-19T02:53:45.398,Saturn Rings,https://opus.pds-rings.seti.org/holdings/previews/COISS_2xxx/COISS_2080/data/1737257530_1737332934/N1737258474_7_full.png,8fdeb0e8cb88dce01980204d4012f3bc41529636511e5a9a2dc677e343d4a91a,/Users/upadhyay/dev/ICES/object_detection_opencv_cpp/data/cassini/issna/saturn_rings/images/co-iss-n1737258474.png,true,position_only
co-iss-n1737258946,cassini,issna,saturn_rings,CLEAR,0.56,2013-01-19T03:01:37.395,Saturn Rings,https://opus.pds-rings.seti.org/holdings/previews/COISS_2xxx/COISS_2080/data/1737257530_1737332934/N1737258946_1_full.png,3d010839c1817f31f2a4e1a3aa26ae889cd067568df1c66394d246e6cf82ef55,/Users/upadhyay/dev/ICES/object_detection_opencv_cpp/data/cassini/issna/saturn_rings/images/co-iss-n1737258946.png,true,position_only
co-iss-n1737259300,cassini,issna,saturn_rings,CLEAR,0.56,2013-01-19T03:07:31.392,Saturn Rings,https://opus.pds-rings.seti.org/holdings/previews/COISS_2xxx/COISS_2080/data/1737257530_1737332934/N1737259300_1_full.png,c62f111939cb6d640b82cd11194d855685fd10974933101dc4c59faf00eab662,/Users/upadhyay/dev/ICES/object_detection_opencv_cpp/data/cassini/issna/saturn_rings/images/co-iss-n1737259300.png,true,position_only
co-iss-n1737259772,cassini,issna,saturn_rings,CLEAR,0.56,2013-01-19T03:15:23.389,Saturn Rings,https://opus.pds-rings.seti.org/holdings/previews/COISS_2xxx/COISS_2080/data/1737257530_1737332934/N1737259772_1_full.png,15c80183667df2c6ec0205d67552c74ac0552a5f6962e01a5ac39781e1310ac8,/Users/upadhyay/dev/ICES/object_detection_opencv_cpp/data/cassini/issna/saturn_rings/images/co-iss-n1737259772.png,true,position_only
co-iss-n1737260126,cassini,issna,saturn_rings,CLEAR,0.56,2013-01-19T03:21:17.387,Saturn Rings,https://opus.pds-rings.seti.org/holdings/previews/COISS_2xxx/COISS_2080/data/1737257530_1737332934/N1737260126_1_full.png,5e424f66ea11a09d697700a74e9a7f572185a36b6c58380a4b89f65bf23a0fac,/Users/upadhyay/dev/ICES/object_detection_opencv_cpp/data/cassini/issna/saturn_rings/images/co-iss-n1737260126.png,true,position_only
co-iss-n1737260598,cassini,issna,saturn_rings,CLEAR,0.56,2013-01-19T03:29:09.384,Saturn Rings,https://opus.pds-rings.seti.org/holdings/previews/COISS_2xxx/COISS_2080/data/1737257530_1737332934/N1737260598_1_full.png,4a2b5229e60fc4c5f79a60adbbf90d8cd4a59c6f2696d8bbdd4b8a3fb268f872,/Users/upadhyay/dev/ICES/object_detection_opencv_cpp/data/cassini/issna/saturn_rings/images/co-iss-n1737260598.png,true,position_only
co-iss-n1737261070,cassini,issna,saturn_rings,CLEAR,0.56,2013-01-19T03:37:01.381,Saturn Rings,https://opus.pds-rings.seti.org/holdings/previews/COISS_2xxx/COISS_2080/data/1737257530_1737332934/N1737261070_1_full.png,605abca79c829c56a1bc43527ac9f9dbd8b6e281edacb1c7f40b7700d5a8a795,/Users/upadhyay/dev/ICES/object_detection_opencv_cpp/data/cassini/issna/saturn_rings/images/co-iss-n1737261070.png,true,position_only
co-iss-n1737261424,cassini,issna,saturn_rings,CLEAR,0.56,2013-01-19T03:42:55.379,Saturn Rings,https://opus.pds-rings.seti.org/holdings/previews/COISS_2xxx/COISS_2080/data/1737257530_1737332934/N1737261424_1_full.png,cd1ef90a8a968a79a5201aa7d7e277b8da1fba31c4eb4b041dbdb42713dfc446,/Users/upadhyay/dev/ICES/object_detection_opencv_cpp/data/cassini/issna/saturn_rings/images/co-iss-n1737261424.png,true,position_only
co-iss-n1737261896,cassini,issna,saturn_rings,CLEAR,0.56,2013-01-19T03:50:47.376,Saturn Rings,https://opus.pds-rings.seti.org/holdings/previews/COISS_2xxx/COISS_2080/data/1737257530_1737332934/N1737261896_1_full.png,2b5708ea1f10982f0b84802e31827e23d44f4bff5e6132287f4763a0309e1944,/Users/upadhyay/dev/ICES/object_detection_opencv_cpp/data/cassini/issna/saturn_rings/images/co-iss-n1737261896.png,true,position_only
co-iss-n1737262250,cassini,issna,saturn_rings,CLEAR,0.56,2013-01-19T03:56:41.374,Saturn Rings,https://opus.pds-rings.seti.org/holdings/previews/COISS_2xxx/COISS_2080/data/1737257530_1737332934/N1737262250_1_full.png,d33b91fbfebc0cfd151a8e6e65ce7849f3f1b2dadceb45010eb8ced1b9286b09,/Users/upadhyay/dev/ICES/object_detection_opencv_cpp/data/cassini/issna/saturn_rings/images/co-iss-n1737262250.png,true,position_only
co-iss-n1737262722,cassini,issna,saturn_rings,CLEAR,0.56,2013-01-19T04:04:33.371,Saturn Rings,https://opus.pds-rings.seti.org/holdings/previews/COISS_2xxx/COISS_2080/data/1737257530_1737332934/N1737262722_1_full.png,8edc3e4cbf88f1e6e8196397e67269837f4624b775137a5651d66fc261599958,/Users/upadhyay/dev/ICES/object_detection_opencv_cpp/data/cassini/issna/saturn_rings/images/co-iss-n1737262722.png,true,position_only
co-iss-n1737263076,cassini,issna,saturn_rings,CLEAR,0.56,2013-01-19T04:10:27.368,Saturn Rings,https://opus.pds-rings.seti.org/holdings/previews/COISS_2xxx/COISS_2080/data/1737257530_1737332934/N1737263076_1_full.png,2d3dadf013ce0bf8cef42bffc27a4bc23657e5967cfeb7ee14fd801d67402c32,/Users/upadhyay/dev/ICES/object_detection_opencv_cpp/data/cassini/issna/saturn_rings/images/co-iss-n1737263076.png,true,position_only
co-iss-n1737263548,cassini,issna,saturn_rings,CLEAR,0.56,2013-01-19T04:18:19.365,Saturn Rings,https://opus.pds-rings.seti.org/holdings/previews/COISS_2xxx/COISS_2080/data/1737257530_1737332934/N1737263548_1_full.png,2aa0c06fad4ae9db4de9cfc52ba492a3bdfae83e0dc1545b8e63ed88a28fc335,/Users/upadhyay/dev/ICES/object_detection_opencv_cpp/data/cassini/issna/saturn_rings/images/co-iss-n1737263548.png,true,position_only
co-iss-n1737263902,cassini,issna,saturn_rings,CLEAR,0.56,2013-01-19T04:24:13.363,Saturn Rings,https://opus.pds-rings.seti.org/holdings/previews/COISS_2xxx/COISS_2080/data/1737257530_1737332934/N1737263902_1_full.png,4ebb4cc5506078bb6a4c8012a0f82e7433009f90dc043c04eaa82c0ab1e29097,/Users/upadhyay/dev/ICES/object_detection_opencv_cpp/data/cassini/issna/saturn_rings/images/co-iss-n1737263902.png,true,position_only
co-iss-n1737264374,cassini,issna,saturn_rings,CLEAR,0.56,2013-01-19T04:32:05.360,Saturn Rings,https://opus.pds-rings.seti.org/holdings/previews/COISS_2xxx/COISS_2080/data/1737257530_1737332934/N1737264374_1_full.png,7155d573ffbf5fe9df0b26be4a5bd2cc44f21b17d8fd0427c996e35484d2c09d,/Users/upadhyay/dev/ICES/object_detection_opencv_cpp/data/cassini/issna/saturn_rings/images/co-iss-n1737264374.png,true,position_only
co-iss-n1737264728,cassini,issna,saturn_rings,CLEAR,0.56,2013-01-19T04:37:59.358,Saturn Rings,https://opus.pds-rings.seti.org/holdings/previews/COISS_2xxx/COISS_2080/data/1737257530_1737332934/N1737264728_1_full.png,6c4fa6afdf04d25010c48fdb829a297f6ecc8287c389a35af5d864b5573ac4d7,/Users/upadhyay/dev/ICES/object_detection_opencv_cpp/data/cassini/issna/saturn_rings/images/co-iss-n1737264728.png,true,position_only
co-iss-n1835925393,cassini,issna,saturn_rings,CLEAR,0.82,2016-03-06T02:11:54.686,Saturn Rings,https://opus.pds-rings.seti.org/holdings/previews/COISS_2xxx/COISS_2102/data/1835820227_1836181549/N1835925393_1_full.png,fb146f5aed80b3202c82e57bbcbebb1b5dc151fc3645672dc69aedf602f809cc,/Users/upadhyay/dev/ICES/object_detection_opencv_cpp/data/cassini/issna/saturn_rings/images/co-iss-n1835925393.png,true,position_only
co-iss-n1835926611,cassini,issna,saturn_rings,CLEAR,0.82,2016-03-06T02:32:12.678,Saturn Rings,https://opus.pds-rings.seti.org/holdings/previews/COISS_2xxx/COISS_2102/data/1835820227_1836181549/N1835926611_1_full.png,22705726b319ea74745bb9aea0c1cc5b337a13bf4613df345881a2d5401adc38,/Users/upadhyay/dev/ICES/object_detection_opencv_cpp/data/cassini/issna/saturn_rings/images/co-iss-n1835926611.png,true,position_only
co-iss-n1835928235,cassini,issna,saturn_rings,CLEAR,0.82,2016-03-06T02:59:16.667,Saturn Rings,https://opus.pds-rings.seti.org/holdings/previews/COISS_2xxx/COISS_2102/data/1835820227_1836181549/N1835928235_1_full.png,79b6259e04f60bef4afd1da38f2e25f4c1ec84daaadcf076d0bff6467f4ebb33,/Users/upadhyay/dev/ICES/object_detection_opencv_cpp/data/cassini/issna/saturn_rings/images/co-iss-n1835928235.png,true,position_only
co-iss-n1835929453,cassini,issna,saturn_rings,CLEAR,0.82,2016-03-06T03:19:34.659,Saturn Rings,https://opus.pds-rings.seti.org/holdings/previews/COISS_2xxx/COISS_2102/data/1835820227_1836181549/N1835929453_1_full.png,fb01d26ad6e2b3ef5b54aee496d871b4a955e7424aa233efeef3a6648dc4cc79,/Users/upadhyay/dev/ICES/object_detection_opencv_cpp/data/cassini/issna/saturn_rings/images/co-iss-n1835929453.png,true,position_only
co-iss-n1835931077,cassini,issna,saturn_rings,CLEAR,0.82,2016-03-06T03:46:38.648,Saturn Rings,https://opus.pds-rings.seti.org/holdings/previews/COISS_2xxx/COISS_2102/data/1835820227_1836181549/N1835931077_1_full.png,dc0d3f8e2a7c6d1b4614c9c482b609f1e62b72fd1c9ab0e1d0d6255ed96cf99f,/Users/upadhyay/dev/ICES/object_detection_opencv_cpp/data/cassini/issna/saturn_rings/images/co-iss-n1835931077.png,true,position_only
co-iss-n1835932295,cassini,issna,saturn_rings,CLEAR,0.82,2016-03-06T04:06:56.641,Saturn Rings,https://opus.pds-rings.seti.org/holdings/previews/COISS_2xxx/COISS_2102/data/1835820227_1836181549/N1835932295_1_full.png,27d69af875df7e2a26d0f7792d3b659a9dc973261a2542215194595ca3abe3d6,/Users/upadhyay/dev/ICES/object_detection_opencv_cpp/data/cassini/issna/saturn_rings/images/co-iss-n1835932295.png,true,position_only
co-iss-n1835933919,cassini,issna,saturn_rings,CLEAR,0.82,2016-03-06T04:34:00.630,Saturn Rings,https://opus.pds-rings.seti.org/holdings/previews/COISS_2xxx/COISS_2102/data/1835820227_1836181549/N1835933919_1_full.png,7469fc6d7a1185770884c16add91e79be70377c1f309177f2e2fd80fadc4069b,/Users/upadhyay/dev/ICES/object_detection_opencv_cpp/data/cassini/issna/saturn_rings/images/co-iss-n1835933919.png,true,position_only
co-iss-n1835935137,cassini,issna,saturn_rings,CLEAR,0.82,2016-03-06T04:54:18.622,Saturn Rings,https://opus.pds-rings.seti.org/holdings/previews/COISS_2xxx/COISS_2102/data/1835820227_1836181549/N1835935137_1_full.png,d21d0755c5af6a76e5c353ea30927364e4ef96555230cc39ccfb894206c8ec91,/Users/upadhyay/dev/ICES/object_detection_opencv_cpp/data/cassini/issna/saturn_rings/images/co-iss-n1835935137.png,true,position_only
co-iss-n1835936761,cassini,issna,saturn_rings,CLEAR,0.82,2016-03-06T05:21:22.611,Saturn Rings,https://opus.pds-rings.seti.org/holdings/previews/COISS_2xxx/COISS_2102/data/1835820227_1836181549/N1835936761_1_full.png,af714320f885023f5a64903e19faf2cc2003d74278bf2aa30d0dfaa12418a7a4,/Users/upadhyay/dev/ICES/object_detection_opencv_cpp/data/cassini/issna/saturn_rings/images/co-iss-n1835936761.png,true,position_only
co-iss-n1835937979,cassini,issna,saturn_rings,CLEAR,0.82,2016-03-06T05:41:40.603,Saturn Rings,https://opus.pds-rings.seti.org/holdings/previews/COISS_2xxx/COISS_2102/data/1835820227_1836181549/N1835937979_1_full.png,4797a7e68aa99a73922adef0dc1c3f4abcb7aaee51409ee490699ae0c10d72c0,/Users/upadhyay/dev/ICES/object_detection_opencv_cpp/data/cassini/issna/saturn_rings/images/co-iss-n1835937979.png,true,position_only
co-iss-n1835939603,cassini,issna,saturn_rings,CLEAR,0.82,2016-03-06T06:08:44.593,Saturn Rings,https://opus.pds-rings.seti.org/holdings/previews/COISS_2xxx/COISS_2102/data/1835820227_1836181549/N1835939603_1_full.png,05ab787779c681a546c9c515ab1c319b9313f08faa4a3afc7be598d239cbb224,/Users/upadhyay/dev/ICES/object_detection_opencv_cpp/data/cassini/issna/saturn_rings/images/co-iss-n1835939603.png,true,position_only
co-iss-n1835940821,cassini,issna,saturn_rings,CLEAR,0.82,2016-03-06T06:29:02.585,Saturn Rings,https://opus.pds-rings.seti.org/holdings/previews/COISS_2xxx/COISS_2102/data/1835820227_1836181549/N1835940821_1_full.png,4d6a9dc8d9d9112a2f6a043c753461707eb66c259bb951e4e3d06f440d8f83e8,/Users/upadhyay/dev/ICES/object_detection_opencv_cpp/data/cassini/issna/saturn_rings/images/co-iss-n1835940821.png,true,position_only
co-iss-n1835942445,cassini,issna,saturn_rings,CLEAR,0.82,2016-03-06T06:56:06.574,Saturn Rings,https://opus.pds-rings.seti.org/holdings/previews/COISS_2xxx/COISS_2102/data/1835820227_1836181549/N1835942445_1_full.png,6813af5787fd556440de3564ece149bf67f7153e5a6086a4b041d08b9b2a4809,/Users/upadhyay/dev/ICES/object_detection_opencv_cpp/data/cassini/issna/saturn_rings/images/co-iss-n1835942445.png,true,position_only
co-iss-n1835943663,cassini,issna,saturn_rings,CLEAR,0.82,2016-03-06T07:16:24.566,Saturn Rings,https://opus.pds-rings.seti.org/holdings/previews/COISS_2xxx/COISS_2102/data/1835820227_1836181549/N1835943663_1_full.png,75345cef2562d3403ca5dc9d1e3323728cdcd0419688fc907e9ba7910e921401,/Users/upadhyay/dev/ICES/object_detection_opencv_cpp/data/cassini/issna/saturn_rings/images/co-iss-n1835943663.png,true,position_only
co-iss-n1835945287,cassini,issna,saturn_rings,CLEAR,0.82,2016-03-06T07:43:28.556,Saturn Rings,https://opus.pds-rings.seti.org/holdings/previews/COISS_2xxx/COISS_2102/data/1835820227_1836181549/N1835945287_1_full.png,d2cee76491fb653d8c10343cd68d68693e37758ec201ff047eda71e0a3fdffed,/Users/upadhyay/dev/ICES/object_detection_opencv_cpp/data/cassini/issna/saturn_rings/images/co-iss-n1835945287.png,true,position_only
co-iss-n1835946505,cassini,issna,saturn_rings,CLEAR,0.82,2016-03-06T08:03:46.548,Saturn Rings,https://opus.pds-rings.seti.org/holdings/previews/COISS_2xxx/COISS_2102/data/1835820227_1836181549/N1835946505_1_full.png,72526efdeb9997ad2fb7043f4d3582e9d7c0ffff3e6c61cbb9dc33dee7cc6318,/Users/upadhyay/dev/ICES/object_detection_opencv_cpp/data/cassini/issna/saturn_rings/images/co-iss-n1835946505.png,true,position_only
co-iss-n1835948129,cassini,issna,saturn_rings,CLEAR,0.82,2016-03-06T08:30:50.537,Saturn Rings,https://opus.pds-rings.seti.org/holdings/previews/COISS_2xxx/COISS_2102/data/1835820227_1836181549/N1835948129_1_full.png,17e66461f13142fd880f61258b2966fbb306388cc2739b9348ed2b29cd8c57ab,/Users/upadhyay/dev/ICES/object_detection_opencv_cpp/data/cassini/issna/saturn_rings/images/co-iss-n1835948129.png,true,position_only
co-iss-n1835949347,cassini,issna,saturn_rings,CLEAR,0.82,2016-03-06T08:51:08.529,Saturn Rings,https://opus.pds-rings.seti.org/holdings/previews/COISS_2xxx/COISS_2102/data/1835820227_1836181549/N1835949347_1_full.png,856d705e97f74d635fa9f721f692779712828230ef5619fdb743b374c029fb63,/Users/upadhyay/dev/ICES/object_detection_opencv_cpp/data/cassini/issna/saturn_rings/images/co-iss-n1835949347.png,true,position_only
co-iss-n1835950862,cassini,issna,saturn_rings,CLEAR,0.82,2016-03-06T09:16:23.519,Saturn Rings,https://opus.pds-rings.seti.org/holdings/previews/COISS_2xxx/COISS_2102/data/1835820227_1836181549/N1835950862_1_full.png,a9ffff609d7f6610600f57a4026b1e6571e9b0d642fca809ec7a41c600134a58,/Users/upadhyay/dev/ICES/object_detection_opencv_cpp/data/cassini/issna/saturn_rings/images/co-iss-n1835950862.png,true,position_only
co-iss-n1835952059,cassini,issna,saturn_rings,CLEAR,0.82,2016-03-06T09:36:20.512,Saturn Rings,https://opus.pds-rings.seti.org/holdings/previews/COISS_2xxx/COISS_2102/data/1835820227_1836181549/N1835952059_1_full.png,bbf96fee15af4aeb2b4aa28aaa1e8df9e005d5735a15d507f9c1e8b4d8a57288,/Users/upadhyay/dev/ICES/object_detection_opencv_cpp/data/cassini/issna/saturn_rings/images/co-iss-n1835952059.png,true,position_only
co-iss-n1836174269,cassini,issna,saturn_rings,CLEAR,0.1,2016-03-08T23:19:49.779,Saturn Rings,https://opus.pds-rings.seti.org/holdings/previews/COISS_2xxx/COISS_2102/data/1835820227_1836181549/N1836174269_1_full.png,3c70f93356ab9be3e463f68a62ea14f4c9f3f0ef7bf4fa9b7cf2256c25963669,/Users/upadhyay/dev/ICES/object_detection_opencv_cpp/data/cassini/issna/saturn_rings/images/co-iss-n1836174269.png,true,position_only
co-iss-n1459600984,cassini,issna,saturn_rings,CLEAR,0.26,2004-04-02T12:19:39.480,Saturn Rings,https://opus.pds-rings.seti.org/holdings/previews/COISS_2xxx/COISS_2001/data/1459568642_1459652144/N1459600984_1_full.png,d426091be0932cfce9b2092cc102654fc559732014d65863f57088563a939b26,/Users/upadhyay/dev/ICES/object_detection_opencv_cpp/data/cassini/issna/saturn_rings/images/co-iss-n1459600984.png,true,position_only
co-iss-n1459601524,cassini,issna,saturn_rings,CLEAR,0.26,2004-04-02T12:28:39.461,Saturn Rings,https://opus.pds-rings.seti.org/holdings/previews/COISS_2xxx/COISS_2001/data/1459568642_1459652144/N1459601524_1_full.png,0f2516e172b41ce2f41cd974fd1e93c47f777a3aa020cc861fc492e7f85319c0,/Users/upadhyay/dev/ICES/object_detection_opencv_cpp/data/cassini/issna/saturn_rings/images/co-iss-n1459601524.png,true,position_only
co-iss-n1459602333,cassini,issna,saturn_rings,P0,220,2004-04-02T12:38:28.735,Saturn Rings,https://opus.pds-rings.seti.org/holdings/previews/COISS_2xxx/COISS_2001/data/1459568642_1459652144/N1459602333_1_full.png,9dddd433507b07d8b4ee0fb9bd05f3ba12a5c6dfddf3f9193235092fcbad03d3,/Users/upadhyay/dev/ICES/object_detection_opencv_cpp/data/cassini/issna/saturn_rings/images/co-iss-n1459602333.png,true,position_only
co-iss-n1459602389,cassini,issna,saturn_rings,P60,22,2004-04-02T12:42:42.743,Saturn Rings,https://opus.pds-rings.seti.org/holdings/previews/COISS_2xxx/COISS_2001/data/1459568642_1459652144/N1459602389_1_full.png,403574884c657bff96949ff7d9809de7302ee3aef0e8bf759f2ac875594f5ef8,/Users/upadhyay/dev/ICES/object_detection_opencv_cpp/data/cassini/issna/saturn_rings/images/co-iss-n1459602389.png,true,position_only
co-iss-n1459602653,cassini,issna,saturn_rings,P60,220,2004-04-02T12:43:48.745,Saturn Rings,https://opus.pds-rings.seti.org/holdings/previews/COISS_2xxx/COISS_2001/data/1459568642_1459652144/N1459602653_1_full.png,ffdcaf1a37881eafb14f97c638fed2a3823329afe6f147778aee8b7878a5f8c8,/Users/upadhyay/dev/ICES/object_detection_opencv_cpp/data/cassini/issna/saturn_rings/images/co-iss-n1459602653.png,true,position_only
co-iss-n1459602973,cassini,issna,saturn_rings,P120,220,2004-04-02T12:49:08.751,Saturn Rings,https://opus.pds-rings.seti.org/holdings/previews/COISS_2xxx/COISS_2001/data/1459568642_1459652144/N1459602973_1_full.png,535d86b1f5afdfc83476c1c3db5651ce9fd9c6c8d9e6949deb429e37bc72b4ac,/Users/upadhyay/dev/ICES/object_detection_opencv_cpp/data/cassini/issna/saturn_rings/images/co-iss-n1459602973.png,true,position_only
co-iss-n1459603295,cassini,issna,saturn_rings,P0,46,2004-04-02T12:57:24.710,Saturn Rings,https://opus.pds-rings.seti.org/holdings/previews/COISS_2xxx/COISS_2001/data/1459568642_1459652144/N1459603295_1_full.png,9b2a1801fac52e1599e024444531eb118b6785eae977d7681f16119f5630331b,/Users/upadhyay/dev/ICES/object_detection_opencv_cpp/data/cassini/issna/saturn_rings/images/co-iss-n1459603295.png,true,position_only
co-iss-n1459603888,cassini,issna,saturn_rings,P60,46,2004-04-02T13:07:17.713,Saturn Rings,https://opus.pds-rings.seti.org/holdings/previews/COISS_2xxx/COISS_2001/data/1459568642_1459652144/N1459603888_1_full.png,4bf8d2e869c4b47a4a15b5e920619f6914f7fca8a2293c0f9b2a8776d215ea2d,/Users/upadhyay/dev/ICES/object_detection_opencv_cpp/data/cassini/issna/saturn_rings/images/co-iss-n1459603888.png,true,position_only
co-iss-n1459604408,cassini,issna,saturn_rings,P60,460,2004-04-02T13:09:03.714,Saturn Rings,https://opus.pds-rings.seti.org/holdings/previews/COISS_2xxx/COISS_2001/data/1459568642_1459652144/N1459604408_1_full.png,3094e8ad9c085057891f01e8889d20ba10f0f04db93b554e834e41bf4d4ac971,/Users/upadhyay/dev/ICES/object_detection_opencv_cpp/data/cassini/issna/saturn_rings/images/co-iss-n1459604408.png,true,position_only
co-iss-n1459605008,cassini,issna,saturn_rings,P0,46,2004-04-02T13:25:57.698,Saturn Rings,https://opus.pds-rings.seti.org/holdings/previews/COISS_2xxx/COISS_2001/data/1459568642_1459652144/N1459605008_1_full.png,45a37bfc722ab7eeb253ce03ea7bd799a0eeee78d80c1d7d85cdbe6bb7dd17c9,/Users/upadhyay/dev/ICES/object_detection_opencv_cpp/data/cassini/issna/saturn_rings/images/co-iss-n1459605008.png,true,position_only
co-iss-n1459605601,cassini,issna,saturn_rings,P60,46,2004-04-02T13:35:50.702,Saturn Rings,https://opus.pds-rings.seti.org/holdings/previews/COISS_2xxx/COISS_2001/data/1459568642_1459652144/N1459605601_1_full.png,4b334a1a318b138cb93af5402cd7f1086e0185effb213acea276a7d7e66641ea,/Users/upadhyay/dev/ICES/object_detection_opencv_cpp/data/cassini/issna/saturn_rings/images/co-iss-n1459605601.png,true,position_only
co-iss-n1459606122,cassini,issna,saturn_rings,P60,460,2004-04-02T13:37:37.691,Saturn Rings,https://opus.pds-rings.seti.org/holdings/previews/COISS_2xxx/COISS_2001/data/1459568642_1459652144/N1459606122_1_full.png,a2f1d4b20410ce0cc64fa38be0f358ab32d3f7372f59df7bc7cc9a851f3513d3,/Users/upadhyay/dev/ICES/object_detection_opencv_cpp/data/cassini/issna/saturn_rings/images/co-iss-n1459606122.png,true,position_only
co-iss-n1459651415,cassini,issna,saturn_rings,GRN,0.82,2004-04-03T02:20:09.592,Saturn Rings,https://opus.pds-rings.seti.org/holdings/previews/COISS_2xxx/COISS_2001/data/1459568642_1459652144/N1459651415_1_full.png,548b79cc440be05e3b124986ef1e52ac76ba897cca85b107159b209b2fb880b5,/Users/upadhyay/dev/ICES/object_detection_opencv_cpp/data/cassini/issna/saturn_rings/images/co-iss-n1459651415.png,true,position_only
co-iss-n1459651448,cassini,issna,saturn_rings,RED,0.68,2004-04-03T02:20:42.735,Saturn Rings,https://opus.pds-rings.seti.org/holdings/previews/COISS_2xxx/COISS_2001/data/1459568642_1459652144/N1459651448_1_full.png,d5aa7deaa31752b682fb2347fa5e8de7f8b394f0f97ce19289d6bacb980d0ba0,/Users/upadhyay/dev/ICES/object_detection_opencv_cpp/data/cassini/issna/saturn_rings/images/co-iss-n1459651448.png,true,position_only
co-iss-n1459651528,cassini,issna,saturn_rings,IR2,2.6,2004-04-03T02:22:00.823,Saturn Rings,https://opus.pds-rings.seti.org/holdings/previews/COISS_2xxx/COISS_2001/data/1459568642_1459652144/N1459651528_1_full.png,f5300baad0c60a819ab97ae344b30dc7508515e59cd641787f917ada27dd4f01,/Users/upadhyay/dev/ICES/object_detection_opencv_cpp/data/cassini/issna/saturn_rings/images/co-iss-n1459651528.png,true,position_only
co-iss-n1459653456,cassini,issna,saturn_rings,GRN,0.82,2004-04-03T02:54:10.563,Saturn Rings,https://opus.pds-rings.seti.org/holdings/previews/COISS_2xxx/COISS_2001/data/1459652177_1459758938/N1459653456_1_full.png,3431fb71566e77a02ed8a4a448822e06f5fd48e8d683c117dbee163d7e196a8c,/Users/upadhyay/dev/ICES/object_detection_opencv_cpp/data/cassini/issna/saturn_rings/images/co-iss-n1459653456.png,true,position_only
co-iss-n1459653530,cassini,issna,saturn_rings,BL1,3.8,2004-04-03T02:55:21.582,Saturn Rings,https://opus.pds-rings.seti.org/holdings/previews/COISS_2xxx/COISS_2001/data/1459652177_1459758938/N1459653530_1_full.png,c2aa1b0f6c035ac24630c96458303e444a095cc24ddcfb46b897e9ff9850e574,/Users/upadhyay/dev/ICES/object_detection_opencv_cpp/data/cassini/issna/saturn_rings/images/co-iss-n1459653530.png,true,position_only
co-iss-n1459653570,cassini,issna,saturn_rings,IR2,2.6,2004-04-03T02:56:02.782,Saturn Rings,https://opus.pds-rings.seti.org/holdings/previews/COISS_2xxx/COISS_2001/data/1459652177_1459758938/N1459653570_1_full.png,d63bcda103099b1ab40c17612c8d38e2ec9e37f3e40224b41531946c8f7e0561,/Users/upadhyay/dev/ICES/object_detection_opencv_cpp/data/cassini/issna/saturn_rings/images/co-iss-n1459653570.png,true,position_only
co-iss-n1459727015,cassini,issna,saturn_rings,GRN,0.82,2004-04-03T23:20:09.099,Saturn Rings,https://opus.pds-rings.seti.org/holdings/previews/COISS_2xxx/COISS_2001/data/1459652177_1459758938/N1459727015_1_full.png,efea3e0e25dd4db3727c899da741d916081c6c049503d65a0b46aef255b5ec7a,/Users/upadhyay/dev/ICES/object_detection_opencv_cpp/data/cassini/issna/saturn_rings/images/co-iss-n1459727015.png,true,position_only
co-iss-n1459727088,cassini,issna,saturn_rings,BL1,3.8,2004-04-03T23:21:19.131,Saturn Rings,https://opus.pds-rings.seti.org/holdings/previews/COISS_2xxx/COISS_2001/data/1459652177_1459758938/N1459727088_1_full.png,b3e82e15529f5f50502cb97baa5cfcfe108da25c477529ddefdf53eb6c8849ea,/Users/upadhyay/dev/ICES/object_detection_opencv_cpp/data/cassini/issna/saturn_rings/images/co-iss-n1459727088.png,true,position_only
co-iss-n1459727128,cassini,issna,saturn_rings,IR2,2.6,2004-04-03T23:22:00.330,Saturn Rings,https://opus.pds-rings.seti.org/holdings/previews/COISS_2xxx/COISS_2001/data/1459652177_1459758938/N1459727128_1_full.png,09de2cd6c134789a7f2688bb556935bf5004fd77ccefbe23a30e303576174e93,/Users/upadhyay/dev/ICES/object_detection_opencv_cpp/data/cassini/issna/saturn_rings/images/co-iss-n1459727128.png,true,position_only
co-iss-n1459729084,cassini,issna,saturn_rings,GRN,0.82,2004-04-03T23:54:38.070,Saturn Rings,https://opus.pds-rings.seti.org/holdings/previews/COISS_2xxx/COISS_2001/data/1459652177_1459758938/N1459729084_1_full.png,8aab7f6802a5431e178d5a64f5340e642113fec0a94fe9bb055236ae624c7955,/Users/upadhyay/dev/ICES/object_detection_opencv_cpp/data/cassini/issna/saturn_rings/images/co-iss-n1459729084.png,true,position_only
co-iss-n1459729159,cassini,issna,saturn_rings,BL1,3.8,2004-04-03T23:55:50.090,Saturn Rings,https://opus.pds-rings.seti.org/holdings/previews/COISS_2xxx/COISS_2001/data/1459652177_1459758938/N1459729159_1_full.png,efbb41cd8b5f0785d0f68dd23a6e3eff56c095d36458a32dbd8b698b0b302a9b,/Users/upadhyay/dev/ICES/object_detection_opencv_cpp/data/cassini/issna/saturn_rings/images/co-iss-n1459729159.png,true,position_only
co-iss-n1459729199,cassini,issna,saturn_rings,IR2,2.6,2004-04-03T23:56:31.290,Saturn Rings,https://opus.pds-rings.seti.org/holdings/previews/COISS_2xxx/COISS_2001/data/1459652177_1459758938/N1459729199_1_full.png,9226dfc870af3a29212177292d0cc0cde365eba68e99863cdaade21cc725f325,/Users/upadhyay/dev/ICES/object_detection_opencv_cpp/data/cassini/issna/saturn_rings/images/co-iss-n1459729199.png,true,position_only
co-iss-n1459803671,cassini,issna,saturn_rings,P0,32,2004-04-04T20:37:13.420,Saturn Rings,https://opus.pds-rings.seti.org/holdings/previews/COISS_2xxx/COISS_2001/data/1459759083_1459921527/N1459803671_1_full.png,6e83d5b1dd4ff6eaed30a2d7a4e955a28dd70f1cae347620cdd1867e466029a9,/Users/upadhyay/dev/ICES/object_detection_opencv_cpp/data/cassini/issna/saturn_rings/images/co-iss-n1459803671.png,true,position_only
co-iss-n1459803935,cassini,issna,saturn_rings,P0,220,2004-04-04T20:38:29.422,Saturn Rings,https://opus.pds-rings.seti.org/holdings/previews/COISS_2xxx/COISS_2001/data/1459759083_1459921527/N1459803935_1_full.png,1d74f358ee070ef296eb790e04e6e43626cb6f11cee8ff3572f99af3f45df1b6,/Users/upadhyay/dev/ICES/object_detection_opencv_cpp/data/cassini/issna/saturn_rings/images/co-iss-n1459803935.png,true,position_only
co-iss-n1459804255,cassini,issna,saturn_rings,P60,220,2004-04-04T20:43:49.432,Saturn Rings,https://opus.pds-rings.seti.org/holdings/previews/COISS_2xxx/COISS_2001/data/1459759083_1459921527/N1459804255_1_full.png,8d90fd61aa884740f5c7a689ea257086d6ac71284fb111d05edd9931fd2e63ef,/Users/upadhyay/dev/ICES/object_detection_opencv_cpp/data/cassini/issna/saturn_rings/images/co-iss-n1459804255.png,true,position_only
co-iss-n1459804295,cassini,issna,saturn_rings,CLEAR,15,2004-04-04T20:47:54.436,Saturn Rings,https://opus.pds-rings.seti.org/holdings/previews/COISS_2xxx/COISS_2001/data/1459759083_1459921527/N1459804295_1_full.png,09977699ad2c3fd14625538510cb7bd7107ba32726c157853be1b5f282516a71,/Users/upadhyay/dev/ICES/object_detection_opencv_cpp/data/cassini/issna/saturn_rings/images/co-iss-n1459804295.png,true,position_only
co-iss-n1459804399,cassini,issna,saturn_rings,CLEAR,82,2004-04-04T20:48:31.439,Saturn Rings,https://opus.pds-rings.seti.org/holdings/previews/COISS_2xxx/COISS_2001/data/1459759083_1459921527/N1459804399_1_full.png,5a52ff93762a5ee5f4af736e958f7ef7cd2987172db4f8278a54c0606539b25f,/Users/upadhyay/dev/ICES/object_detection_opencv_cpp/data/cassini/issna/saturn_rings/images/co-iss-n1459804399.png,true,position_only
co-iss-n1459805030,cassini,issna,saturn_rings,P0,220,2004-04-04T20:56:44.403,Saturn Rings,https://opus.pds-rings.seti.org/holdings/previews/COISS_2xxx/COISS_2001/data/1459759083_1459921527/N1459805030_1_full.png,3048e01131b2b48120bdb215875a5feaa0fb07826db111905cb09e344783f1b4,/Users/upadhyay/dev/ICES/object_detection_opencv_cpp/data/cassini/issna/saturn_rings/images/co-iss-n1459805030.png,true,position_only
co-iss-n1459805167,cassini,issna,saturn_rings,P60,100,2004-04-04T21:01:01.395,Saturn Rings,https://opus.pds-rings.seti.org/holdings/previews/COISS_2xxx/COISS_2001/data/1459759083_1459921527/N1459805167_1_full.png,18ef954b12540f62a2b2b4063685f5a36f10d7228aba0049edd8b1f95e43490d,/Users/upadhyay/dev/ICES/object_detection_opencv_cpp/data/cassini/issna/saturn_rings/images/co-iss-n1459805167.png,true,position_only
co-iss-n1459805903,cassini,issna,saturn_rings,CLEAR,32,2004-04-04T21:14:25.390,Saturn Rings,https://opus.pds-rings.seti.org/holdings/previews/COISS_2xxx/COISS_2001/data/1459759083_1459921527/N1459805903_1_full.png,1e42280d95e6f9e5d998def80eedd660f8dddbf63420699a6e6ea494a7aafe11,/Users/upadhyay/dev/ICES/object_detection_opencv_cpp/data/cassini/issna/saturn_rings/images/co-iss-n1459805903.png,true,position_only
co-iss-n1459806039,cassini,issna,saturn_rings,CLEAR,100,2004-04-04T21:15:33.397,Saturn Rings,https://opus.pds-rings.seti.org/holdings/previews/COISS_2xxx/COISS_2001/data/1459759083_1459921527/N1459806039_1_full.png,8db521ed26936e2e5da7ce77b4d678023dd167ff5f59c5a705c90900612bdab1,/Users/upadhyay/dev/ICES/object_detection_opencv_cpp/data/cassini/issna/saturn_rings/images/co-iss-n1459806039.png,true,position_only
co-iss-n1454726579,cassini,issna,titan,CLEAR,0.26,2004-02-06T02:20:06.232,Titan,https://opus.pds-rings.seti.org/holdings/previews/COISS_2xxx/COISS_2001/data/1454725799_1455008789/N1454726579_1_full.png,8705fc94992e9ba9f66df0613d664f71ab07c8ffe3e7de4297cb6d1040e735f2,/Users/upadhyay/dev/ICES/object_detection_opencv_cpp/data/cassini/issna/titan/images/co-iss-n1454726579.png,true,position_only
co-iss-n1455657185,cassini,issna,titan,CLEAR,0.26,2004-02-16T20:50:06.161,Titan,https://opus.pds-rings.seti.org/holdings/previews/COISS_2xxx/COISS_2001/data/1455646698_1455855902/N1455657185_3_full.png,dccba78ef00c4868deb929eb8027d7c1e68b2f357b8e06f01ae5807d0ed76023,/Users/upadhyay/dev/ICES/object_detection_opencv_cpp/data/cassini/issna/titan/images/co-iss-n1455657185.png,true,position_only
co-iss-n1455893526,cassini,issna,titan,CLEAR,0.26,2004-02-19T14:29:05.619,Titan,https://opus.pds-rings.seti.org/holdings/previews/COISS_2xxx/COISS_2001/data/1455855935_1456049320/N1455893526_2_full.png,43a069836786b52c7bb5f0430f7e593f9a3d2e6f02cf57a77062607ba9c0358a,/Users/upadhyay/dev/ICES/object_detection_opencv_cpp/data/cassini/issna/titan/images/co-iss-n1455893526.png,true,position_only
co-iss-n1456261869,cassini,issna,titan,CLEAR,0.26,2004-02-23T20:48:06.216,Titan,https://opus.pds-rings.seti.org/holdings/previews/COISS_2xxx/COISS_2001/data/1456049355_1456316702/N1456261869_2_full.png,54918a0ad77417d0f5ebaedf5a2de57787822de711d9f939f073a098e7bf24f7,/Users/upadhyay/dev/ICES/object_detection_opencv_cpp/data/cassini/issna/titan/images/co-iss-n1456261869.png,true,position_only
co-iss-n1456495870,cassini,issna,titan,CLEAR,0.26,2004-02-26T13:48:05.690,Titan,https://opus.pds-rings.seti.org/holdings/previews/COISS_2xxx/COISS_2001/data/1456316742_1457169367/N1456495870_2_full.png,90a7a84a1a7dc70b0ff97e5f5a264155e64ba6f86625c7c4e42294b85b099287,/Users/upadhyay/dev/ICES/object_detection_opencv_cpp/data/cassini/issna/titan/images/co-iss-n1456495870.png,true,position_only
co-iss-n1457699118,cassini,issna,titan,CLEAR,0.26,2004-03-11T12:02:05.840,Titan,https://opus.pds-rings.seti.org/holdings/previews/COISS_2xxx/COISS_2001/data/1457696181_1458023668/N1457699118_2_full.png,1a5d8db5c3c8456a9f74330350d4f823ca455ecf4c9f57e15362bc03fb6a5b9e,/Users/upadhyay/dev/ICES/object_detection_opencv_cpp/data/cassini/issna/titan/images/co-iss-n1457699118.png,true,position_only
co-iss-n1458072920,cassini,issna,titan,CLEAR,0.26,2004-03-15T19:52:05.401,Titan,https://opus.pds-rings.seti.org/holdings/previews/COISS_2xxx/COISS_2001/data/1458023716_1458209270/N1458072920_2_full.png,d17729b54233df1f4f76494f86aacffdca4c0374861f1ffbabaf1a2f018f701c,/Users/upadhyay/dev/ICES/object_detection_opencv_cpp/data/cassini/issna/titan/images/co-iss-n1458072920.png,true,position_only
co-iss-n1458673344,cassini,issna,titan,CLEAR,0.26,2004-03-22T18:39:05.484,Titan,https://opus.pds-rings.seti.org/holdings/previews/COISS_2xxx/COISS_2001/data/1458461156_1458734838/N1458673344_2_full.png,ca386ad806e4b4b5ee79c99f94c25bb30b8debc56d5bf598b54206147873a256,/Users/upadhyay/dev/ICES/object_detection_opencv_cpp/data/cassini/issna/titan/images/co-iss-n1458673344.png,true,position_only
co-iss-n1458908486,cassini,issna,titan,CLEAR,0.26,2004-03-25T11:58:05.950,Titan,https://opus.pds-rings.seti.org/holdings/previews/COISS_2xxx/COISS_2001/data/1458734878_1458972595/N1458908486_2_full.png,420d1cd718f9c5e6b8c6b66ad51a50d1fa97e986d4a968cac410f2479c5a46f5,/Users/upadhyay/dev/ICES/object_detection_opencv_cpp/data/cassini/issna/titan/images/co-iss-n1458908486.png,true,position_only
co-iss-n1459277308,cassini,issna,titan,CLEAR,0.26,2004-03-29T18:25:05.544,Titan,https://opus.pds-rings.seti.org/holdings/previews/COISS_2xxx/COISS_2001/data/1459263896_1459551623/N1459277308_1_full.png,41e032dc34fc2fa86b2b0d96481a62c090e02b121ef2993de10e4b6a6c4405bc,/Users/upadhyay/dev/ICES/object_detection_opencv_cpp/data/cassini/issna/titan/images/co-iss-n1459277308.png,true,position_only
co-iss-n1459510830,cassini,issna,titan,CLEAR,0.26,2004-04-01T11:17:06.067,Titan,https://opus.pds-rings.seti.org/holdings/previews/COISS_2xxx/COISS_2001/data/1459263896_1459551623/N1459510830_1_full.png,bbdcf84c9405eb0a07d22ac9c4b5acb44b314d4c2ebe4bf8d48d741408db981e,/Users/upadhyay/dev/ICES/object_detection_opencv_cpp/data/cassini/issna/titan/images/co-iss-n1459510830.png,true,position_only
co-iss-n1459585434,cassini,issna,titan,CB3,38,2004-04-02T07:59:51.826,Titan,https://opus.pds-rings.seti.org/holdings/previews/COISS_2xxx/COISS_2001/data/1459568642_1459652144/N1459585434_1_full.png,692bf3f3e04b145f97af8dfd4dfafb4d2fdd16ee03fdf1d4f28bd0c1db8fe0ff,/Users/upadhyay/dev/ICES/object_detection_opencv_cpp/data/cassini/issna/titan/images/co-iss-n1459585434.png,true,position_only
co-iss-n1459587110,cassini,issna,titan,IR3,5.6,2004-04-02T08:28:20.223,Titan,https://opus.pds-rings.seti.org/holdings/previews/COISS_2xxx/COISS_2001/data/1459568642_1459652144/N1459587110_1_full.png,3fe884dad93a363a9a6dd38ea34be067bc9b32b0d74ee9d05fa6ad08e561b095,/Users/upadhyay/dev/ICES/object_detection_opencv_cpp/data/cassini/issna/titan/images/co-iss-n1459587110.png,true,position_only
co-iss-n1459810560,cassini,issna,titan,IR3,5.6,2004-04-04T22:32:28.767,Titan,https://opus.pds-rings.seti.org/holdings/previews/COISS_2xxx/COISS_2001/data/1459759083_1459921527/N1459810560_1_full.png,87a9f9fd5593d4c2619d8cdbcd046896f91d6f26ae30aa3c70d03453fd25cddb,/Users/upadhyay/dev/ICES/object_detection_opencv_cpp/data/cassini/issna/titan/images/co-iss-n1459810560.png,true,position_only
co-iss-n1459812276,cassini,issna,titan,IR1+IR2,4.6,2004-04-04T23:01:05.756,Titan,https://opus.pds-rings.seti.org/holdings/previews/COISS_2xxx/COISS_2001/data/1459759083_1459921527/N1459812276_1_full.png,0fe966918e565db1015c6a2a46e940818d00e2754accba800cc6303f8f957bab,/Users/upadhyay/dev/ICES/object_detection_opencv_cpp/data/cassini/issna/titan/images/co-iss-n1459812276.png,true,position_only
co-iss-n1459820132,cassini,issna,titan,CLEAR,0.26,2004-04-05T01:12:06.053,Titan,https://opus.pds-rings.seti.org/holdings/previews/COISS_2xxx/COISS_2001/data/1459759083_1459921527/N1459820132_2_full.png,72c6b2fc008fe5b48e2672373e47a6e4c47a9453a59f11e67ac18fd0ffcd34e2,/Users/upadhyay/dev/ICES/object_detection_opencv_cpp/data/cassini/issna/titan/images/co-iss-n1459820132.png,true,position_only
co-iss-n1459928488,cassini,issna,titan,UV3,46,2004-04-06T07:17:15.603,Titan,https://opus.pds-rings.seti.org/holdings/previews/COISS_2xxx/COISS_2001/data/1459921583_1460008828/N1459928488_1_full.png,83a5a8b7725656d00cb4717a0982aef8734b34893bd35ad6ef2c987e18ae93c9,/Users/upadhyay/dev/ICES/object_detection_opencv_cpp/data/cassini/issna/titan/images/co-iss-n1459928488.png,true,position_only
co-iss-n1459931752,cassini,issna,titan,IR3,5.6,2004-04-06T08:12:19.978,Titan,https://opus.pds-rings.seti.org/holdings/previews/COISS_2xxx/COISS_2001/data/1459921583_1460008828/N1459931752_1_full.png,e649c2b09acfc060540fdd3b809a95da5b72221643a1ad14d79255db88178a3a,/Users/upadhyay/dev/ICES/object_detection_opencv_cpp/data/cassini/issna/titan/images/co-iss-n1459931752.png,true,position_only
co-iss-n1460155154,cassini,issna,titan,CB3,38,2004-04-08T22:15:08.115,Titan,https://opus.pds-rings.seti.org/holdings/previews/COISS_2xxx/COISS_2001/data/1460153901_1460278237/N1460155154_1_full.png,7829e3abdf89654cbe0a7a2b6b6431ac19e36a1a334cc255327f4a940b49af54,/Users/upadhyay/dev/ICES/object_detection_opencv_cpp/data/cassini/issna/titan/images/co-iss-n1460155154.png,true,position_only
co-iss-n1460156918,cassini,issna,titan,IR1+IR2,4.6,2004-04-08T22:45:05.512,Titan,https://opus.pds-rings.seti.org/holdings/previews/COISS_2xxx/COISS_2001/data/1460153901_1460278237/N1460156918_1_full.png,46814d1438d35950b7c546e5b1cdc3493aa4fbe07a951e26835b9e060cc204fc,/Users/upadhyay/dev/ICES/object_detection_opencv_cpp/data/cassini/issna/titan/images/co-iss-n1460156918.png,true,position_only
co-iss-n1460158642,cassini,issna,titan,UV3,46,2004-04-08T23:13:08.104,Titan,https://opus.pds-rings.seti.org/holdings/previews/COISS_2xxx/COISS_2001/data/1460153901_1460278237/N1460158642_1_full.png,25ed40c427ea293f169ca90494573a0c0050116d587a6ac75cbc1f396cb02e5d,/Users/upadhyay/dev/ICES/object_detection_opencv_cpp/data/cassini/issna/titan/images/co-iss-n1460158642.png,true,position_only
co-iss-n1460273634,cassini,issna,titan,UV3,38,2004-04-10T07:09:47.355,Titan,https://opus.pds-rings.seti.org/holdings/previews/COISS_2xxx/COISS_2001/data/1460153901_1460278237/N1460273634_1_full.png,7ed1b5043f0d83f670f2c7a7e8ef7baf4ec6776c5a2d91588ace48d1cb3ab342,/Users/upadhyay/dev/ICES/object_detection_opencv_cpp/data/cassini/issna/titan/images/co-iss-n1460273634.png,true,position_only
co-iss-n1460276250,cassini,issna,titan,CB3,38,2004-04-10T07:53:23.327,Titan,https://opus.pds-rings.seti.org/holdings/previews/COISS_2xxx/COISS_2001/data/1460153901_1460278237/N1460276250_1_full.png,0ab2c972cd1f4c0bb8abd040b2bafdcbc3fd6bccae4f4417a18b3e01f834d004,/Users/upadhyay/dev/ICES/object_detection_opencv_cpp/data/cassini/issna/titan/images/co-iss-n1460276250.png,true,position_only
co-iss-n1460499796,cassini,issna,titan,CB3,38,2004-04-12T21:59:07.871,Titan,https://opus.pds-rings.seti.org/holdings/previews/COISS_2xxx/COISS_2001/data/1460416521_1460517361/N1460499796_1_full.png,696e8928c31a81db0033fcd436f02b3a1dfe7c16e757140261eed20a1549c57b,/Users/upadhyay/dev/ICES/object_detection_opencv_cpp/data/cassini/issna/titan/images/co-iss-n1460499796.png,true,position_only
co-iss-n1460501520,cassini,issna,titan,CB3,38,2004-04-12T22:27:51.859,Titan,https://opus.pds-rings.seti.org/holdings/previews/COISS_2xxx/COISS_2001/data/1460416521_1460517361/N1460501520_1_full.png,95dccdb7fccdc11890c48040818ff506ccea17ff6188a3dea006765edfdfc8dd,/Users/upadhyay/dev/ICES/object_detection_opencv_cpp/data/cassini/issna/titan/images/co-iss-n1460501520.png,true,position_only
co-iss-n1460503284,cassini,issna,titan,UV3,46,2004-04-12T22:57:07.860,Titan,https://opus.pds-rings.seti.org/holdings/previews/COISS_2xxx/COISS_2001/data/1460416521_1460517361/N1460503284_1_full.png,22fe88b7ff8ac664b109b7a289461aa66f37a8ca40d58423837de0114584736f,/Users/upadhyay/dev/ICES/object_detection_opencv_cpp/data/cassini/issna/titan/images/co-iss-n1460503284.png,true,position_only
co-iss-n1460617685,cassini,issna,titan,IR3,5.6,2004-04-14T06:44:28.511,Titan,https://opus.pds-rings.seti.org/holdings/previews/COISS_2xxx/COISS_2001/data/1460517409_1460638364/N1460617685_1_full.png,8d183056943b3e7e55736947508c8758975083be6610814054d8e816ca19f83a,/Users/upadhyay/dev/ICES/object_detection_opencv_cpp/data/cassini/issna/titan/images/co-iss-n1460617685.png,true,position_only
co-iss-n1460620989,cassini,issna,titan,CB3,38,2004-04-14T07:39:00.081,Titan,https://opus.pds-rings.seti.org/holdings/previews/COISS_2xxx/COISS_2001/data/1460517409_1460638364/N1460620989_1_full.png,2faf11726d39fc7cf27ab3dff81e2e3db8e0b9eb78f72a22a6cd377b911e6252,/Users/upadhyay/dev/ICES/object_detection_opencv_cpp/data/cassini/issna/titan/images/co-iss-n1460620989.png,true,position_only
co-iss-n1460625337,cassini,issna,titan,CLEAR,0.26,2004-04-14T08:52:05.809,Titan,https://opus.pds-rings.seti.org/holdings/previews/COISS_2xxx/COISS_2001/data/1460517409_1460638364/N1460625337_1_full.png,c6da64933a11a33207a8d4dc3d7e0c9d2282be6fd794a4766c6d89732c6a843f,/Users/upadhyay/dev/ICES/object_detection_opencv_cpp/data/cassini/issna/titan/images/co-iss-n1460625337.png,true,position_only
co-iss-n1575551212,cassini,issna,titan,CB3,38,2007-12-05T12:30:22.698,Titan,https://opus.pds-rings.seti.org/holdings/previews/COISS_2xxx/COISS_2039/data/1575532734_1575551928/N1575551212_1_full.png,ffb77565f706ffb4f515c9f6d263e0fbcb82f33b94853d004952a0f87d9d7b1d,/Users/upadhyay/dev/ICES/object_detection_opencv_cpp/data/cassini/issna/titan/images/co-iss-n1575551212.png,true,position_only
co-iss-w1575551307,cassini,issna,titan,IR1+IR2,0.56,2007-12-05T12:32:35.141,Titan,https://opus.pds-rings.seti.org/holdings/previews/COISS_2xxx/COISS_2039/data/1575532734_1575551928/W1575551307_1_full.png,da072c7b0946da99854d95e15eb60ecd4d0d7ee169c5bc8f04db18eb8d49e880,/Users/upadhyay/dev/ICES/object_detection_opencv_cpp/data/cassini/issna/titan/images/co-iss-w1575551307.png,true,position_only
co-iss-w1575551599,cassini,issna,titan,CB3,15,2007-12-05T12:37:12.699,Titan,https://opus.pds-rings.seti.org/holdings/previews/COISS_2xxx/COISS_2039/data/1575532734_1575551928/W1575551599_1_full.png,dabda44b2d406ab273f66e54d929760d6024ae50eb16dd7abc6ef43cfbeb2056,/Users/upadhyay/dev/ICES/object_detection_opencv_cpp/data/cassini/issna/titan/images/co-iss-w1575551599.png,true,position_only
co-iss-n1575551761,cassini,issna,titan,MT1,15,2007-12-05T12:39:54.706,Titan,https://opus.pds-rings.seti.org/holdings/previews/COISS_2xxx/COISS_2039/data/1575532734_1575551928/N1575551761_1_full.png,43a351fc0d394a2a7937e8db491abbbd731b95a6358e5aa1636ea2ac52af1afa,/Users/upadhyay/dev/ICES/object_detection_opencv_cpp/data/cassini/issna/titan/images/co-iss-n1575551761.png,true,position_only
co-iss-n1575552055,cassini,issna,titan,CB3,38,2007-12-05T12:44:25.692,Titan,https://opus.pds-rings.seti.org/holdings/previews/COISS_2xxx/COISS_2039/data/1575551928_1575637423/N1575552055_1_full.png,ac6f1d41c85cf7062c4cfa47c58a48435c6f0f4b4138cc7e65bc9a353c895bc0,/Users/upadhyay/dev/ICES/object_detection_opencv_cpp/data/cassini/issna/titan/images/co-iss-n1575552055.png,true,position_only
co-iss-w1575552182,cassini,issna,titan,CB3,15,2007-12-05T12:46:55.691,Titan,https://opus.pds-rings.seti.org/holdings/previews/COISS_2xxx/COISS_2039/data/1575551928_1575637423/W1575552182_1_full.png,021355c5022e11d7328339e036c7413d8d712d67558c7d9a75d735a6a1ec86e6,/Users/upadhyay/dev/ICES/object_detection_opencv_cpp/data/cassini/issna/titan/images/co-iss-w1575552182.png,true,position_only
co-iss-w1575552408,cassini,issna,titan,CB3,15,2007-12-05T12:50:41.689,Titan,https://opus.pds-rings.seti.org/holdings/previews/COISS_2xxx/COISS_2039/data/1575551928_1575637423/W1575552408_1_full.png,52479412bc6b58e099f59cf4565ba0d1bf886ad33c12ffa80be474d1a72b8238,/Users/upadhyay/dev/ICES/object_detection_opencv_cpp/data/cassini/issna/titan/images/co-iss-w1575552408.png,true,position_only
co-iss-n1575552662,cassini,issna,titan,CB3,38,2007-12-05T12:54:32.687,Titan,https://opus.pds-rings.seti.org/holdings/previews/COISS_2xxx/COISS_2039/data/1575551928_1575637423/N1575552662_1_full.png,5d5c860050bfc83b04883d4df160f0689315fea9085218cc92f3d572393a7e77,/Users/upadhyay/dev/ICES/object_detection_opencv_cpp/data/cassini/issna/titan/images/co-iss-n1575552662.png,true,position_only
co-iss-n1575552878,cassini,issna,titan,CB3,46,2007-12-05T12:58:00.686,Titan,https://opus.pds-rings.seti.org/holdings/previews/COISS_2xxx/COISS_2039/data/1575551928_1575637423/N1575552878_1_full.png,69cae02b1c35a5146fb909b2783da42a99489891c50ec8ecc95eb49be8070c63,/Users/upadhyay/dev/ICES/object_detection_opencv_cpp/data/cassini/issna/titan/images/co-iss-n1575552878.png,true,position_only
co-iss-w1575553005,cassini,issna,titan,CB3,15,2007-12-05T13:00:38.685,Titan,https://opus.pds-rings.seti.org/holdings/previews/COISS_2xxx/COISS_2039/data/1575551928_1575637423/W1575553005_1_full.png,e5033aedf4dbe7eee47d98e8203b7d6f06e24abf0b4f7bf988ea4c0ec41087a9,/Users/upadhyay/dev/ICES/object_detection_opencv_cpp/data/cassini/issna/titan/images/co-iss-w1575553005.png,true,position_only
co-iss-w1575553227,cassini,issna,titan,IR1+IR2,0.56,2007-12-05T13:04:35.127,Titan,https://opus.pds-rings.seti.org/holdings/previews/COISS_2xxx/COISS_2039/data/1575551928_1575637423/W1575553227_1_full.png,ec02f26680e48980a1662dc2ab6c91bbafc1123e7f9eff243a765271a1fa2b47,/Users/upadhyay/dev/ICES/object_detection_opencv_cpp/data/cassini/issna/titan/images/co-iss-w1575553227.png,true,position_only
co-iss-n1575553655,cassini,issna,titan,CB3,32,2007-12-05T13:11:11.680,Titan,https://opus.pds-rings.seti.org/holdings/previews/COISS_2xxx/COISS_2039/data/1575551928_1575637423/N1575553655_1_full.png,8487b2e314aff43e33ff6b321c858996e94d61717dda9f8125838884904a0f57,/Users/upadhyay/dev/ICES/object_detection_opencv_cpp/data/cassini/issna/titan/images/co-iss-n1575553655.png,true,position_only
co-iss-n1575553785,cassini,issna,titan,MT1,18,2007-12-05T13:13:35.683,Titan,https://opus.pds-rings.seti.org/holdings/previews/COISS_2xxx/COISS_2039/data/1575551928_1575637423/N1575553785_1_full.png,290e2fa9a32be2f19345fc7268c9bdc03149008ac866266f3bb0b36a046ea94c,/Users/upadhyay/dev/ICES/object_detection_opencv_cpp/data/cassini/issna/titan/images/co-iss-n1575553785.png,true,position_only
co-iss-w1575555151,cassini,issna,titan,CB3,15,2007-12-05T13:36:24.654,Titan,https://opus.pds-rings.seti.org/holdings/previews/COISS_2xxx/COISS_2039/data/1575551928_1575637423/W1575555151_1_full.png,81ce22c7b786b0c640abf28dc3804aef4c6406721010fb6b9b398f6a066d748b,/Users/upadhyay/dev/ICES/object_detection_opencv_cpp/data/cassini/issna/titan/images/co-iss-w1575555151.png,true,position_only
co-iss-w1575555297,cassini,issna,titan,CB3,15,2007-12-05T13:38:50.653,Titan,https://opus.pds-rings.seti.org/holdings/previews/COISS_2xxx/COISS_2039/data/1575551928_1575637423/W1575555297_1_full.png,2cb1711e33d0c1e568283bbc8cf5980e320fdb7f4c493781ec93bf23e5cdb1e1,/Users/upadhyay/dev/ICES/object_detection_opencv_cpp/data/cassini/issna/titan/images/co-iss-w1575555297.png,true,position_only
co-iss-w1575557425,cassini,issna,titan,CB3,3.8,2007-12-05T14:14:29.854,Titan,https://opus.pds-rings.seti.org/holdings/previews/COISS_2xxx/COISS_2039/data/1575551928_1575637423/W1575557425_1_full.png,351809dd81a3fd91bde8f2ca249834ab9cae20f5fdb4cc25f485518a01b9fe1f,/Users/upadhyay/dev/ICES/object_detection_opencv_cpp/data/cassini/issna/titan/images/co-iss-w1575557425.png,true,position_only
co-iss-w1575557521,cassini,issna,titan,CB3,3.8,2007-12-05T14:16:05.853,Titan,https://opus.pds-rings.seti.org/holdings/previews/COISS_2xxx/COISS_2039/data/1575551928_1575637423/W1575557521_1_full.png,abe7963c2ae73ab2b1ebea4b604d202dc1c3541e4ad1098424dba72b2c2c91c4,/Users/upadhyay/dev/ICES/object_detection_opencv_cpp/data/cassini/issna/titan/images/co-iss-w1575557521.png,true,position_only
co-iss-w1575559929,cassini,issna,titan,CLEAR,0.005,2007-12-05T14:56:17.616,Titan,https://opus.pds-rings.seti.org/holdings/previews/COISS_2xxx/COISS_2039/data/1575551928_1575637423/W1575559929_1_full.png,79847a3765c4bb6301350967021144f15e0283131811c0df26f2f5c4d4be744e,/Users/upadhyay/dev/ICES/object_detection_opencv_cpp/data/cassini/issna/titan/images/co-iss-w1575559929.png,true,position_only
co-iss-w1575588292,cassini,issna,titan,CLEAR,0.005,2007-12-05T22:49:00.415,Titan,https://opus.pds-rings.seti.org/holdings/previews/COISS_2xxx/COISS_2039/data/1575551928_1575637423/W1575588292_1_full.png,5666cc760ed70c52d2bd7ef6ae383d5b5a756ac8ee06faa6a341a9ba4422c2bc,/Users/upadhyay/dev/ICES/object_detection_opencv_cpp/data/cassini/issna/titan/images/co-iss-w1575588292.png,true,position_only
co-iss-w1575588343,cassini,issna,titan,CLEAR,0.005,2007-12-05T22:49:51.415,Titan,https://opus.pds-rings.seti.org/holdings/previews/COISS_2xxx/COISS_2039/data/1575551928_1575637423/W1575588343_1_full.png,117accfcfd6c6397348c37ce2d9d90e43c065ba60183121fe2b5d16e7adbc540,/Users/upadhyay/dev/ICES/object_detection_opencv_cpp/data/cassini/issna/titan/images/co-iss-w1575588343.png,true,position_only
co-iss-w1575588899,cassini,issna,titan,CLEAR,0.005,2007-12-05T22:59:07.411,Titan,https://opus.pds-rings.seti.org/holdings/previews/COISS_2xxx/COISS_2039/data/1575551928_1575637423/W1575588899_1_full.png,13d2fc126d8f4c15cea09d0619ff367e0adf6e143352596003c0f59efb842886,/Users/upadhyay/dev/ICES/object_detection_opencv_cpp/data/cassini/issna/titan/images/co-iss-w1575588899.png,true,position_only
co-iss-w1576835017,cassini,issna,titan,CB3,10,2007-12-20T09:07:26.666,Titan,https://opus.pds-rings.seti.org/holdings/previews/COISS_2xxx/COISS_2039/data/1576554712_1576853237/W1576835017_1_full.png,329a307b6bf738869a57f78418de2cbb8cbdcf11f6eb0c75c257affed81b2cb1,/Users/upadhyay/dev/ICES/object_detection_opencv_cpp/data/cassini/issna/titan/images/co-iss-w1576835017.png,true,position_only
co-iss-w1576836866,cassini,issna,titan,CB3,10,2007-12-20T09:38:15.641,Titan,https://opus.pds-rings.seti.org/holdings/previews/COISS_2xxx/COISS_2039/data/1576554712_1576853237/W1576836866_1_full.png,510c2c87a185c5f4c3794b34dcc34d6396eea3ce89193e27caaaa16a4a5c9eb1,/Users/upadhyay/dev/ICES/object_detection_opencv_cpp/data/cassini/issna/titan/images/co-iss-w1576836866.png,true,position_only
co-iss-w1576838814,cassini,issna,titan,IR1+IR2,0.38,2007-12-20T10:10:53.239,Titan,https://opus.pds-rings.seti.org/holdings/previews/COISS_2xxx/COISS_2039/data/1576554712_1576853237/W1576838814_1_full.png,e8de98c491a3c6dfc5677ac7cfe33dd6a7b179ee314cfaf21b006d24c30791cd,/Users/upadhyay/dev/ICES/object_detection_opencv_cpp/data/cassini/issna/titan/images/co-iss-w1576838814.png,true,position_only
co-iss-w1576840794,cassini,issna,titan,IR1+IR2,0.32,2007-12-20T10:43:53.285,Titan,https://opus.pds-rings.seti.org/holdings/previews/COISS_2xxx/COISS_2039/data/1576554712_1576853237/W1576840794_1_full.png,647026d337678b8d2c48b36df5265f027b88027fba5f32877c4461ebdea4c66b,/Users/upadhyay/dev/ICES/object_detection_opencv_cpp/data/cassini/issna/titan/images/co-iss-w1576840794.png,true,position_only
co-iss-w1576840890,cassini,issna,titan,CB3,10,2007-12-20T10:45:19.612,Titan,https://opus.pds-rings.seti.org/holdings/previews/COISS_2xxx/COISS_2039/data/1576554712_1576853237/W1576840890_1_full.png,f06d257e98f973f77beda3e7892179e9b231f2f7d89baca085a249caa357ce9e,/Users/upadhyay/dev/ICES/object_detection_opencv_cpp/data/cassini/issna/titan/images/co-iss-w1576840890.png,true,position_only
co-iss-w1576842869,cassini,issna,titan,CB3,8.2,2007-12-20T11:18:20.398,Titan,https://opus.pds-rings.seti.org/holdings/previews/COISS_2xxx/COISS_2039/data/1576554712_1576853237/W1576842869_1_full.png,60d9febcef6e272efd2606680037657bd4d15dba48e3206fe5bcf888f70e3871,/Users/upadhyay/dev/ICES/object_detection_opencv_cpp/data/cassini/issna/titan/images/co-iss-w1576842869.png,true,position_only
co-iss-w1576844818,cassini,issna,titan,CB3,10,2007-12-20T11:50:47.585,Titan,https://opus.pds-rings.seti.org/holdings/previews/COISS_2xxx/COISS_2039/data/1576554712_1576853237/W1576844818_1_full.png,c80f61c8d37470206dc0fcd18bf1c86ff554abfbce6c070fe1a95064676a9670,/Users/upadhyay/dev/ICES/object_detection_opencv_cpp/data/cassini/issna/titan/images/co-iss-w1576844818.png,true,position_only
co-iss-w1576846797,cassini,issna,titan,CB3,10,2007-12-20T12:23:46.571,Titan,https://opus.pds-rings.seti.org/holdings/previews/COISS_2xxx/COISS_2039/data/1576554712_1576853237/W1576846797_1_full.png,dcbe3e334751032c2041bbcd4b9cda1acc4a846be1547f56753fc1a2303a8fa4,/Users/upadhyay/dev/ICES/object_detection_opencv_cpp/data/cassini/issna/titan/images/co-iss-w1576846797.png,true,position_only
co-iss-n1748702174,cassini,issna,titan,MT3,68,2013-05-31T13:39:45.253,Titan,https://opus.pds-rings.seti.org/holdings/previews/COISS_2xxx/COISS_2083/data/1748701462_1748763623/N1748702174_1_full.png,5f8fa9dacf4c084311219feea29f80bc98887a39846b0438a03d048b449cdad9,/Users/upadhyay/dev/ICES/object_detection_opencv_cpp/data/cassini/issna/titan/images/co-iss-n1748702174.png,true,position_only
co-iss-n1749571907,cassini,issna,titan,UV3,8.2,2013-06-10T15:16:12.517,Titan,https://opus.pds-rings.seti.org/holdings/previews/COISS_2xxx/COISS_2083/data/1749499843_1749696822/N1749571907_1_full.png,06631f035b70ee9bf8a2900c31b86eb57a0e3327e242f8447fba45526b51fb4e,/Users/upadhyay/dev/ICES/object_detection_opencv_cpp/data/cassini/issna/titan/images/co-iss-n1749571907.png,true,position_only
co-iss-n1749572006,cassini,issna,titan,RED,0.18,2013-06-10T15:17:59.541,Titan,https://opus.pds-rings.seti.org/holdings/previews/COISS_2xxx/COISS_2083/data/1749499843_1749696822/N1749572006_1_full.png,ea03df9369ed52a9188b90e86c12d44f7838ea444e28bfa5274b9fc40facb44c,/Users/upadhyay/dev/ICES/object_detection_opencv_cpp/data/cassini/issna/titan/images/co-iss-n1749572006.png,true,position_only
co-iss-n1749572258,cassini,issna,titan,CB3,15,2013-06-10T15:21:56.735,Titan,https://opus.pds-rings.seti.org/holdings/previews/COISS_2xxx/COISS_2083/data/1749499843_1749696822/N1749572258_1_full.png,7215a0e23169ec30133c7fd5322ac8cdf42b0cd274b97bb93ee223fc4dec6539,/Users/upadhyay/dev/ICES/object_detection_opencv_cpp/data/cassini/issna/titan/images/co-iss-n1749572258.png,true,position_only
co-iss-n1749926659,cassini,issna,titan,CB3,38,2013-06-14T17:48:12.465,Titan,https://opus.pds-rings.seti.org/holdings/previews/COISS_2xxx/COISS_2083/data/1749919104_1750028426/N1749926659_1_full.png,37513a0d654bc6cce55eeae66a24af8f692681511c5735cb24245e4645a50366,/Users/upadhyay/dev/ICES/object_detection_opencv_cpp/data/cassini/issna/titan/images/co-iss-n1749926659.png,true,position_only
co-iss-n1749927061,cassini,issna,titan,RED,0.38,2013-06-14T17:55:32.098,Titan,https://opus.pds-rings.seti.org/holdings/previews/COISS_2xxx/COISS_2083/data/1749919104_1750028426/N1749927061_1_full.png,8dc1dcba9877a28504bf11c1cdd183da29e032a26c0d55a301593f4b3213eda0,/Users/upadhyay/dev/ICES/object_detection_opencv_cpp/data/cassini/issna/titan/images/co-iss-n1749927061.png,true,position_only
co-iss-n1749927214,cassini,issna,titan,UV3,46,2013-06-14T17:57:19.481,Titan,https://opus.pds-rings.seti.org/holdings/previews/COISS_2xxx/COISS_2083/data/1749919104_1750028426/N1749927214_1_full.png,e01d5e3167e02ed991e6b2157ff07a62e6efe94eeb53e83e4f92a0efde48b2ee,/Users/upadhyay/dev/ICES/object_detection_opencv_cpp/data/cassini/issna/titan/images/co-iss-n1749927214.png,true,position_only
co-iss-n1750038404,cassini,issna,titan,MT1,26,2013-06-16T00:50:48.828,Titan,https://opus.pds-rings.seti.org/holdings/previews/COISS_2xxx/COISS_2083/data/1750028459_1750355151/N1750038404_1_full.png,3bdeee585370edb7f0c48ca94462c8a4077bc479d1c6b489c8eb77a36d0df455,/Users/upadhyay/dev/ICES/object_detection_opencv_cpp/data/cassini/issna/titan/images/co-iss-n1750038404.png,true,position_only
co-iss-n1750038672,cassini,issna,titan,CB2,6.8,2013-06-16T00:55:36.041,Titan,https://opus.pds-rings.seti.org/holdings/previews/COISS_2xxx/COISS_2083/data/1750028459_1750355151/N1750038672_1_full.png,9f8c63ac913e4ac1acb30ae43de0a7f7a5080e6bd406aaee06fddb2c7081c93d,/Users/upadhyay/dev/ICES/object_detection_opencv_cpp/data/cassini/issna/titan/images/co-iss-n1750038672.png,true,position_only
co-iss-n1750350622,cassini,issna,titan,CB3,38,2013-06-19T15:34:12.841,Titan,https://opus.pds-rings.seti.org/holdings/previews/COISS_2xxx/COISS_2083/data/1750028459_1750355151/N1750350622_1_full.png,30e50060153288ce17b1d945827b80d535373788d440462aa0848c8a8cea0e59,/Users/upadhyay/dev/ICES/object_detection_opencv_cpp/data/cassini/issna/titan/images/co-iss-n1750350622.png,true,position_only
co-iss-n1750350968,cassini,issna,titan,MT3,56,2013-06-19T15:39:40.850,Titan,https://opus.pds-rings.seti.org/holdings/previews/COISS_2xxx/COISS_2083/data/1750028459_1750355151/N1750350968_1_full.png,d67e8a4eb1b280aa9c2a1cd9f5c0e3d7cc94599a9b4cb3feaf19886ad7c97cc5,/Users/upadhyay/dev/ICES/object_detection_opencv_cpp/data/cassini/issna/titan/images/co-iss-n1750350968.png,true,position_only
co-iss-n1750351193,cassini,issna,titan,UV3,46,2013-06-19T15:43:35.868,Titan,https://opus.pds-rings.seti.org/holdings/previews/COISS_2xxx/COISS_2083/data/1750028459_1750355151/N1750351193_1_full.png,f7d1adac95b914fec6fabef978c3b162b1bf4832df40ad2cf8088032002c0c91,/Users/upadhyay/dev/ICES/object_detection_opencv_cpp/data/cassini/issna/titan/images/co-iss-n1750351193.png,true,position_only
co-iss-n1750606523,cassini,issna,titan,GRN,0.32,2013-06-22T14:39:49.907,Titan,https://opus.pds-rings.seti.org/holdings/previews/COISS_2xxx/COISS_2083/data/1750416256_1750610906/N1750606523_1_full.png,24f70c687a060119ae9ac7c780edb2ac7a17f1e6a3907ee3bb05cbfc92b29e0d,/Users/upadhyay/dev/ICES/object_detection_opencv_cpp/data/cassini/issna/titan/images/co-iss-n1750606523.png,true,position_only
co-iss-n1750606722,cassini,issna,titan,CB2,3.2,2013-06-22T14:43:06.034,Titan,https://opus.pds-rings.seti.org/holdings/previews/COISS_2xxx/COISS_2083/data/1750416256_1750610906/N1750606722_1_full.png,f466136cedde3f871ef3df78eff1a9959b5e1b175ffa1c47d9cca64657ae3166,/Users/upadhyay/dev/ICES/object_detection_opencv_cpp/data/cassini/issna/titan/images/co-iss-n1750606722.png,true,position_only
co-iss-n1750965696,cassini,issna,titan,CB3,46,2013-06-26T18:25:14.934,Titan,https://opus.pds-rings.seti.org/holdings/previews/COISS_2xxx/COISS_2083/data/1750961916_1751048814/N1750965696_1_full.png,8697fb04848f4e0f20d3246bdda346b956e446da5b566f34bc5ded15a57e3155,/Users/upadhyay/dev/ICES/object_detection_opencv_cpp/data/cassini/issna/titan/images/co-iss-n1750965696.png,true,position_only
co-iss-n1750966152,cassini,issna,titan,MT3,56,2013-06-26T18:32:40.943,Titan,https://opus.pds-rings.seti.org/holdings/previews/COISS_2xxx/COISS_2083/data/1750961916_1751048814/N1750966152_1_full.png,9e7d18ee4a9912951ff39be47112f87ec1f345c0a20edd646bab164d0d2418cf,/Users/upadhyay/dev/ICES/object_detection_opencv_cpp/data/cassini/issna/titan/images/co-iss-n1750966152.png,true,position_only
co-iss-n1750966273,cassini,issna,titan,BL1,6.8,2013-06-26T18:35:31.154,Titan,https://opus.pds-rings.seti.org/holdings/previews/COISS_2xxx/COISS_2083/data/1750961916_1751048814/N1750966273_1_full.png,5844510f9d9a60db58fd374bf9655e32bdb1626c490fdd09d3eb8fb780d342ff,/Users/upadhyay/dev/ICES/object_detection_opencv_cpp/data/cassini/issna/titan/images/co-iss-n1750966273.png,true,position_only
co-iss-n1752108170,cassini,issna,titan,CB3,38,2013-07-09T23:46:29.682,Titan,https://opus.pds-rings.seti.org/holdings/previews/COISS_2xxx/COISS_2084/data/1752060589_1752194367/N1752108170_1_full.png,6d62f429d88e995021c0317e3a0416bd50aca2e76d10ff37c001311b0d412d83,/Users/upadhyay/dev/ICES/object_detection_opencv_cpp/data/cassini/issna/titan/images/co-iss-n1752108170.png,true,position_only
co-iss-n1752108758,cassini,issna,titan,CB3,46,2013-07-09T23:56:09.679,Titan,https://opus.pds-rings.seti.org/holdings/previews/COISS_2xxx/COISS_2084/data/1752060589_1752194367/N1752108758_1_full.png,f2bf5b70fc51bac9af53548987e2e7f6c844376f6b8c363d7df67e73d7a757dd,/Users/upadhyay/dev/ICES/object_detection_opencv_cpp/data/cassini/issna/titan/images/co-iss-n1752108758.png,true,position_only
co-iss-n1752109456,cassini,issna,titan,CB3,46,2013-07-10T00:07:47.674,Titan,https://opus.pds-rings.seti.org/holdings/previews/COISS_2xxx/COISS_2084/data/1752060589_1752194367/N1752109456_1_full.png,bfde3a599e7649d207680ed9c03a011b5ccfe649ffd552f9e37cf0a38c66cfb0,/Users/upadhyay/dev/ICES/object_detection_opencv_cpp/data/cassini/issna/titan/images/co-iss-n1752109456.png,true,position_only
co-iss-n1752110006,cassini,issna,titan,MT1,26,2013-07-10T00:17:17.667,Titan,https://opus.pds-rings.seti.org/holdings/previews/COISS_2xxx/COISS_2084/data/1752060589_1752194367/N1752110006_1_full.png,7a9c8dcd68f7533c1320c4b0223e08e209225212199ed496d57580b26dd4aaf1,/Users/upadhyay/dev/ICES/object_detection_opencv_cpp/data/cassini/issna/titan/images/co-iss-n1752110006.png,true,position_only
co-iss-n1459583710,cassini,issna,titan,CB3,38,2004-04-02T07:31:07.837,Titan,https://opus.pds-rings.seti.org/holdings/previews/COISS_2xxx/COISS_2001/data/1459568642_1459652144/N1459583710_1_full.png,5eb0ad8d692766b2f2ef6505e370d4ff4d818f0ec9b38f747756b5625d273636,/Users/upadhyay/dev/ICES/object_detection_opencv_cpp/data/cassini/issna/titan/images/co-iss-n1459583710.png,true,position_only
co-iss-n1459583758,cassini,issna,titan,IR3,5.6,2004-04-02T07:32:28.245,Titan,https://opus.pds-rings.seti.org/holdings/previews/COISS_2xxx/COISS_2001/data/1459568642_1459652144/N1459583758_1_full.png,fa3fd0ca80c165ca4c6e94701022b3574919a27020bc6b6d5ade1f4ff01fa916,/Users/upadhyay/dev/ICES/object_detection_opencv_cpp/data/cassini/issna/titan/images/co-iss-n1459583758.png,true,position_only
co-iss-n1459583846,cassini,issna,titan,UV3,46,2004-04-02T07:33:15.848,Titan,https://opus.pds-rings.seti.org/holdings/previews/COISS_2xxx/COISS_2001/data/1459568642_1459652144/N1459583846_1_full.png,9514d5ab9f7666d1f222836713022559c644df693cb9e93f1b302bdb48dd8b07,/Users/upadhyay/dev/ICES/object_detection_opencv_cpp/data/cassini/issna/titan/images/co-iss-n1459583846.png,true,position_only
co-iss-n1459813864,cassini,issna,titan,CB3,38,2004-04-04T23:27:00.338,Titan,https://opus.pds-rings.seti.org/holdings/previews/COISS_2xxx/COISS_2001/data/1459759083_1459921527/N1459813864_1_full.png,19ae309fc1dbff6ff71eb5d79dacd0dade4c1a1005df48fede0515446fa21f2b,/Users/upadhyay/dev/ICES/object_detection_opencv_cpp/data/cassini/issna/titan/images/co-iss-n1459813864.png,true,position_only
co-iss-n1459813912,cassini,issna,titan,IR3,5.6,2004-04-04T23:28:20.746,Titan,https://opus.pds-rings.seti.org/holdings/previews/COISS_2xxx/COISS_2001/data/1459759083_1459921527/N1459813912_1_full.png,8adb5144d3fbee2978608b2712343d96e847796d41d645b9f5a2f3f48d73005d,/Users/upadhyay/dev/ICES/object_detection_opencv_cpp/data/cassini/issna/titan/images/co-iss-n1459813912.png,true,position_only
co-iss-n1459814000,cassini,issna,titan,UV3,46,2004-04-04T23:29:08.349,Titan,https://opus.pds-rings.seti.org/holdings/previews/COISS_2xxx/COISS_2001/data/1459759083_1459921527/N1459814000_1_full.png,fa239163ede1ecea86253c6821a59dd964d19d4fbf6289a5bf1bffaccefac573,/Users/upadhyay/dev/ICES/object_detection_opencv_cpp/data/cassini/issna/titan/images/co-iss-n1459814000.png,true,position_only
co-iss-w1575551085,cassini,issna,titan,CB3,15,2007-12-05T12:28:38.699,Titan,https://opus.pds-rings.seti.org/holdings/previews/COISS_2xxx/COISS_2039/data/1575532734_1575551928/W1575551085_1_full.png,ebbf44feb151d70b8867f175e390772188c2c2f8383b945dbbd337d9f2e6ee8d,/Users/upadhyay/dev/ICES/object_detection_opencv_cpp/data/cassini/issna/titan/images/co-iss-w1575551085.png,true,position_only
co-iss-w1575551212,cassini,issna,titan,CB3,15,2007-12-05T12:30:45.698,Titan,https://opus.pds-rings.seti.org/holdings/previews/COISS_2xxx/COISS_2039/data/1575532734_1575551928/W1575551212_1_full.png,003ebac89e14b512f414d8a5fbc76777adb56b0c40f2ffff636b17296cda2426,/Users/upadhyay/dev/ICES/object_detection_opencv_cpp/data/cassini/issna/titan/images/co-iss-w1575551212.png,true,position_only
co-iss-n1575551307,cassini,issna,titan,MT1,15,2007-12-05T12:32:20.701,Titan,https://opus.pds-rings.seti.org/holdings/previews/COISS_2xxx/COISS_2039/data/1575532734_1575551928/N1575551307_1_full.png,12528b5b3f97cea513172b792635740e304d560f7319ece024d817eb97a26b1f,/Users/upadhyay/dev/ICES/object_detection_opencv_cpp/data/cassini/issna/titan/images/co-iss-n1575551307.png,true,position_only
co-iss-n1575551438,cassini,issna,titan,CB3,38,2007-12-05T12:34:08.696,Titan,https://opus.pds-rings.seti.org/holdings/previews/COISS_2xxx/COISS_2039/data/1575532734_1575551928/N1575551438_1_full.png,a30c32e58fb697d60a4816afb4d00577e840249e5d53758c167d7ac8d75026a8,/Users/upadhyay/dev/ICES/object_detection_opencv_cpp/data/cassini/issna/titan/images/co-iss-n1575551438.png,true,position_only
co-iss-w1575551438,cassini,issna,titan,CB3,15,2007-12-05T12:34:31.696,Titan,https://opus.pds-rings.seti.org/holdings/previews/COISS_2xxx/COISS_2039/data/1575532734_1575551928/W1575551438_1_full.png,68d2c77c5678281d6c80b3e5a40e93a1ce8376108ed65a0d7e0def4176f2451e,/Users/upadhyay/dev/ICES/object_detection_opencv_cpp/data/cassini/issna/titan/images/co-iss-w1575551438.png,true,position_only
co-iss-n1575551599,cassini,issna,titan,CB3,32,2007-12-05T12:36:55.699,Titan,https://opus.pds-rings.seti.org/holdings/previews/COISS_2xxx/COISS_2039/data/1575532734_1575551928/N1575551599_1_full.png,a94a181a97a98869aaedde6f1040e04a37b3d9fe122d09945d83d5ac7f2a0578,/Users/upadhyay/dev/ICES/object_detection_opencv_cpp/data/cassini/issna/titan/images/co-iss-n1575551599.png,true,position_only
co-iss-n1575551688,cassini,issna,titan,CB3,32,2007-12-05T12:38:24.698,Titan,https://opus.pds-rings.seti.org/holdings/previews/COISS_2xxx/COISS_2039/data/1575532734_1575551928/N1575551688_1_full.png,04ca05372365a00a0ee2f655280537d4456d1fc68e76f203c4984be5eb34059f,/Users/upadhyay/dev/ICES/object_detection_opencv_cpp/data/cassini/issna/titan/images/co-iss-n1575551688.png,true,position_only
co-iss-n1349081639,cassini,issna,jupiter,UV1,3.8,2000-10-01T08:43:11.699,Jupiter,https://opus.pds-rings.seti.org/holdings/previews/COISS_1xxx/COISS_1001/data/1349081639_1349177551/N1349081639_2_full.png,41e1f4652625fcdd32d04c6c606c31c6b9ed710bdf7046af57e232515771c107,/Users/upadhyay/dev/ICES/object_detection_opencv_cpp/data/cassini/issna/jupiter/images/co-iss-n1349081639.png,true,true
co-iss-w1349081680,cassini,issna,jupiter,RED,0.005,2000-10-01T08:43:56.494,Jupiter,https://opus.pds-rings.seti.org/holdings/previews/COISS_1xxx/COISS_1001/data/1349081639_1349177551/W1349081680_2_full.png,6d3dd4e6a097a9716ba37c34dafe4c9f0e7b1c35bbd683b85ad3e78463f005d6,/Users/upadhyay/dev/ICES/object_detection_opencv_cpp/data/cassini/issna/jupiter/images/co-iss-w1349081680.png,true,true
co-iss-w1349081745,cassini,issna,jupiter,GRN,0.005,2000-10-01T08:45:01.466,Jupiter,https://opus.pds-rings.seti.org/holdings/previews/COISS_1xxx/COISS_1001/data/1349081639_1349177551/W1349081745_2_full.png,5389a01ab56b1329399cdc400d206b29d28e3c1a04d3773c2e958763c94bdbf9,/Users/upadhyay/dev/ICES/object_detection_opencv_cpp/data/cassini/issna/jupiter/images/co-iss-w1349081745.png,true,true
co-iss-n1349081893,cassini,issna,jupiter,MT1,1.2,2000-10-01T08:47:28.278,Jupiter,https://opus.pds-rings.seti.org/holdings/previews/COISS_1xxx/COISS_1001/data/1349081639_1349177551/N1349081893_2_full.png,f2f5545fc4cb677a0ae7df34b912d3875fac1ba3b41fba9724c3e02279e554bf,/Users/upadhyay/dev/ICES/object_detection_opencv_cpp/data/cassini/issna/jupiter/images/co-iss-n1349081893.png,true,true
co-iss-w1349087639,cassini,issna,jupiter,VIO,0.26,2000-10-01T10:23:15.170,Jupiter,https://opus.pds-rings.seti.org/holdings/previews/COISS_1xxx/COISS_1001/data/1349081639_1349177551/W1349087639_2_full.png,859f4a9dcb33c292cb02e4bc7266a8e1771f7a8349072f8232f089f1b133b7c4,/Users/upadhyay/dev/ICES/object_detection_opencv_cpp/data/cassini/issna/jupiter/images/co-iss-w1349087639.png,true,true
co-iss-n1349087745,cassini,issna,jupiter,MT2,1.5,2000-10-01T10:24:59.945,Jupiter,https://opus.pds-rings.seti.org/holdings/previews/COISS_1xxx/COISS_1001/data/1349081639_1349177551/N1349087745_2_full.png,8be594ccc2becff07ba1ca15a2f11e6116234a10564ca51161411ef43467be9a,/Users/upadhyay/dev/ICES/object_detection_opencv_cpp/data/cassini/issna/jupiter/images/co-iss-n1349087745.png,true,true
co-iss-n1349087823,cassini,issna,jupiter,BL1,0.26,2000-10-01T10:26:19.196,Jupiter,https://opus.pds-rings.seti.org/holdings/previews/COISS_1xxx/COISS_1001/data/1349081639_1349177551/N1349087823_2_full.png,84ea62be7f2f9068271c0db9698add743d6734b3217aa1a7741c4c13cf449ee3,/Users/upadhyay/dev/ICES/object_detection_opencv_cpp/data/cassini/issna/jupiter/images/co-iss-n1349087823.png,true,true
co-iss-n1349093639,cassini,issna,jupiter,UV1,3.8,2000-10-01T12:03:11.588,Jupiter,https://opus.pds-rings.seti.org/holdings/previews/COISS_1xxx/COISS_1001/data/1349081639_1349177551/N1349093639_2_full.png,ac20ebd8042eea77d87301f61527c5444105a7c65542986baf3d474175da3f06,/Users/upadhyay/dev/ICES/object_detection_opencv_cpp/data/cassini/issna/jupiter/images/co-iss-n1349093639.png,true,true
co-iss-w1349093680,cassini,issna,jupiter,RED,0.005,2000-10-01T12:03:56.390,Jupiter,https://opus.pds-rings.seti.org/holdings/previews/COISS_1xxx/COISS_1001/data/1349081639_1349177551/W1349093680_2_full.png,3aa3eca68054429eebec5dc111f91103278f47f9194c76edf5db9712366df954,/Users/upadhyay/dev/ICES/object_detection_opencv_cpp/data/cassini/issna/jupiter/images/co-iss-w1349093680.png,true,true
co-iss-n1349093790,cassini,issna,jupiter,CB2,0.82,2000-10-01T12:05:45.586,Jupiter,https://opus.pds-rings.seti.org/holdings/previews/COISS_1xxx/COISS_1001/data/1349081639_1349177551/N1349093790_2_full.png,d3df590e6d4fb57e60c15b7f7007ac5feaa6842f3efaa2e3e34c561dab445463,/Users/upadhyay/dev/ICES/object_detection_opencv_cpp/data/cassini/issna/jupiter/images/co-iss-n1349093790.png,true,true
co-iss-n1349093893,cassini,issna,jupiter,MT1,1.2,2000-10-01T12:07:28.194,Jupiter,https://opus.pds-rings.seti.org/holdings/previews/COISS_1xxx/COISS_1001/data/1349081639_1349177551/N1349093893_2_full.png,cc22068befd2dd62d4f9e0ac3a34ddd1aef14a05732afd2e1ddeddbe22828f4d,/Users/upadhyay/dev/ICES/object_detection_opencv_cpp/data/cassini/issna/jupiter/images/co-iss-n1349093893.png,true,true
co-iss-n1349099680,cassini,issna,jupiter,MT3,3.2,2000-10-01T13:43:53.153,Jupiter,https://opus.pds-rings.seti.org/holdings/previews/COISS_1xxx/COISS_1001/data/1349081639_1349177551/N1349099680_2_full.png,52fcc5bdbc376b46de1ae20d9966bc605a8c59962cdf0cb8ff897854ee45484a,/Users/upadhyay/dev/ICES/object_detection_opencv_cpp/data/cassini/issna/jupiter/images/co-iss-n1349099680.png,true,true
co-iss-n1349099745,cassini,issna,jupiter,MT2,1.5,2000-10-01T13:44:59.860,Jupiter,https://opus.pds-rings.seti.org/holdings/previews/COISS_1xxx/COISS_1001/data/1349081639_1349177551/N1349099745_2_full.png,15ab6c150e9a4be548ecdfa88aac5afc6ddfca130a3bbfabf2eabb5fc403af2d,/Users/upadhyay/dev/ICES/object_detection_opencv_cpp/data/cassini/issna/jupiter/images/co-iss-n1349099745.png,true,true
co-iss-n1349099823,cassini,issna,jupiter,BL1,0.26,2000-10-01T13:46:19.112,Jupiter,https://opus.pds-rings.seti.org/holdings/previews/COISS_1xxx/COISS_1001/data/1349081639_1349177551/N1349099823_2_full.png,f3a7645de4f7f9fb8439c6ee38e6841918c5ec0dbdf5e3fd8eff893f0035f04e,/Users/upadhyay/dev/ICES/object_detection_opencv_cpp/data/cassini/issna/jupiter/images/co-iss-n1349099823.png,true,true
co-iss-n1349105639,cassini,issna,jupiter,UV1,3.8,2000-10-01T15:23:11.503,Jupiter,https://opus.pds-rings.seti.org/holdings/previews/COISS_1xxx/COISS_1001/data/1349081639_1349177551/N1349105639_2_full.png,9b12c36533be094c15c4077f49a527a10c43819ec1831d396c7132550e7a1770,/Users/upadhyay/dev/ICES/object_detection_opencv_cpp/data/cassini/issna/jupiter/images/co-iss-n1349105639.png,true,true
co-iss-w1349105680,cassini,issna,jupiter,RED,0.005,2000-10-01T15:23:56.306,Jupiter,https://opus.pds-rings.seti.org/holdings/previews/COISS_1xxx/COISS_1001/data/1349081639_1349177551/W1349105680_2_full.png,e81c4b9de3cb41417609e270d1430a80b646143cf06944798f5904320d7ada6a,/Users/upadhyay/dev/ICES/object_detection_opencv_cpp/data/cassini/issna/jupiter/images/co-iss-w1349105680.png,true,true
co-iss-n1349105790,cassini,issna,jupiter,CB2,0.82,2000-10-01T15:25:45.502,Jupiter,https://opus.pds-rings.seti.org/holdings/previews/COISS_1xxx/COISS_1001/data/1349081639_1349177551/N1349105790_2_full.png,71b8f0bbd2f0d1ede6aaa38b6cd69652f5ed3542ffc8bc578c770d3c16efd387,/Users/upadhyay/dev/ICES/object_detection_opencv_cpp/data/cassini/issna/jupiter/images/co-iss-n1349105790.png,true,true
co-iss-n1349105893,cassini,issna,jupiter,MT1,1.2,2000-10-01T15:27:28.109,Jupiter,https://opus.pds-rings.seti.org/holdings/previews/COISS_1xxx/COISS_1001/data/1349081639_1349177551/N1349105893_2_full.png,9d422a66f6d41490543bb825a110571cc38190be65e607c16caef86189f8ba7f,/Users/upadhyay/dev/ICES/object_detection_opencv_cpp/data/cassini/issna/jupiter/images/co-iss-n1349105893.png,true,true
co-iss-n1349111680,cassini,issna,jupiter,MT3,3.2,2000-10-01T17:03:53.069,Jupiter,https://opus.pds-rings.seti.org/holdings/previews/COISS_1xxx/COISS_1001/data/1349081639_1349177551/N1349111680_2_full.png,a0ae1a6a4c9d22bab54c68c6bb6a46fb7ad24345d5bfed072dec58e2f27729d1,/Users/upadhyay/dev/ICES/object_detection_opencv_cpp/data/cassini/issna/jupiter/images/co-iss-n1349111680.png,true,true
co-iss-n1349111745,cassini,issna,jupiter,MT2,1.5,2000-10-01T17:04:59.776,Jupiter,https://opus.pds-rings.seti.org/holdings/previews/COISS_1xxx/COISS_1001/data/1349081639_1349177551/N1349111745_2_full.png,b6b5aaaf8b926ba4727dce44c5b309949a10ffda66873ef2c14e49f0c7190ba0,/Users/upadhyay/dev/ICES/object_detection_opencv_cpp/data/cassini/issna/jupiter/images/co-iss-n1349111745.png,true,true
co-iss-n1349111860,cassini,issna,jupiter,GRN,0.06,2000-10-01T17:06:56.200,Jupiter,https://opus.pds-rings.seti.org/holdings/previews/COISS_1xxx/COISS_1001/data/1349081639_1349177551/N1349111860_2_full.png,39e591bd7c50c29d9e64fda0d4474ae47e405a94b5c17534ce45ffa64118dcfc,/Users/upadhyay/dev/ICES/object_detection_opencv_cpp/data/cassini/issna/jupiter/images/co-iss-n1349111860.png,true,true
co-iss-n1349153400,cassini,issna,jupiter,UV1,3.8,2000-10-02T04:39:12.187,Jupiter,https://opus.pds-rings.seti.org/holdings/previews/COISS_1xxx/COISS_1001/data/1349081639_1349177551/N1349153400_2_full.png,b36ae032a65d6f41ff95470efc5af7b6e161f26e27b444e306048a9e51f54e89,/Users/upadhyay/dev/ICES/object_detection_opencv_cpp/data/cassini/issna/jupiter/images/co-iss-n1349153400.png,true,true
co-iss-n1349153470,cassini,issna,jupiter,CB3,1.2,2000-10-02T04:40:24.798,Jupiter,https://opus.pds-rings.seti.org/holdings/previews/COISS_1xxx/COISS_1001/data/1349081639_1349177551/N1349153470_2_full.png,61ec3ee70ebe4218dfd5b4d58589602a099b06f21c4daf4da70cfa268039eb98,/Users/upadhyay/dev/ICES/object_detection_opencv_cpp/data/cassini/issna/jupiter/images/co-iss-n1349153470.png,true,true
co-iss-n1349153551,cassini,issna,jupiter,CB2,0.82,2000-10-02T04:41:46.186,Jupiter,https://opus.pds-rings.seti.org/holdings/previews/COISS_1xxx/COISS_1001/data/1349081639_1349177551/N1349153551_2_full.png,b84d19758a2f509da33d02d679d26cf894ad782609b7070f5ae8de5c453e6a35,/Users/upadhyay/dev/ICES/object_detection_opencv_cpp/data/cassini/issna/jupiter/images/co-iss-n1349153551.png,true,true
co-iss-n1349153654,cassini,issna,jupiter,MT1,1.2,2000-10-02T04:43:28.774,Jupiter,https://opus.pds-rings.seti.org/holdings/previews/COISS_1xxx/COISS_1001/data/1349081639_1349177551/N1349153654_2_full.png,e65c53586f2316579ae735517fd5afa3e299b7ca0da93abbb3362fafc9e04c62,/Users/upadhyay/dev/ICES/object_detection_opencv_cpp/data/cassini/issna/jupiter/images/co-iss-n1349153654.png,true,true
co-iss-n1349159441,cassini,issna,jupiter,MT3,3.2,2000-10-02T06:19:53.733,Jupiter,https://opus.pds-rings.seti.org/holdings/previews/COISS_1xxx/COISS_1001/data/1349081639_1349177551/N1349159441_2_full.png,14310f75da1d8fb21641f22794691a0a898500625f8e730b1f6924bf1e713bb0,/Users/upadhyay/dev/ICES/object_detection_opencv_cpp/data/cassini/issna/jupiter/images/co-iss-n1349159441.png,true,true
co-iss-n1349159506,cassini,issna,jupiter,MT2,1.5,2000-10-02T06:21:00.440,Jupiter,https://opus.pds-rings.seti.org/holdings/previews/COISS_1xxx/COISS_1001/data/1349081639_1349177551/N1349159506_2_full.png,3b02605baa35f4eb2387d35cd5eb289eac367d8e54841fa75e28e47b8f5830fa,/Users/upadhyay/dev/ICES/object_detection_opencv_cpp/data/cassini/issna/jupiter/images/co-iss-n1349159506.png,true,true
co-iss-n1349159621,cassini,issna,jupiter,GRN,0.06,2000-10-02T06:22:56.864,Jupiter,https://opus.pds-rings.seti.org/holdings/previews/COISS_1xxx/COISS_1001/data/1349081639_1349177551/N1349159621_2_full.png,f1b8d0dddc51daee67c68de89fa7e83235651ace96471974c61d3043bd826b61,/Users/upadhyay/dev/ICES/object_detection_opencv_cpp/data/cassini/issna/jupiter/images/co-iss-n1349159621.png,true,true
co-iss-n1349165400,cassini,issna,jupiter,UV1,3.8,2000-10-02T07:59:12.083,Jupiter,https://opus.pds-rings.seti.org/holdings/previews/COISS_1xxx/COISS_1001/data/1349081639_1349177551/N1349165400_2_full.png,4165b498065964bf750b5f1ea08b40d9eed3648fc482bff955d3e021766043d4,/Users/upadhyay/dev/ICES/object_detection_opencv_cpp/data/cassini/issna/jupiter/images/co-iss-n1349165400.png,true,true
co-iss-n1357343216,cassini,issna,jupiter,CB2,0.46,2001-01-04T23:35:14.894,Jupiter,https://opus.pds-rings.seti.org/holdings/previews/COISS_1xxx/COISS_1004/data/1357329196_1357350916/N1357343216_1_full.png,b3a10e78c78f2050155729668444fe89b25df2a76bf9cf7051afb20af02e4470,/Users/upadhyay/dev/ICES/object_detection_opencv_cpp/data/cassini/issna/jupiter/images/co-iss-n1357343216.png,true,true
co-iss-n1357343818,cassini,issna,jupiter,CB2,1.2,2001-01-04T23:45:16.482,Jupiter,https://opus.pds-rings.seti.org/holdings/previews/COISS_1xxx/COISS_1004/data/1357329196_1357350916/N1357343818_1_full.png,0dba20a16bab81f0c6174b6c7c7ed3359efc24ad9c9bb3bc4e72a45bb1cebb31,/Users/upadhyay/dev/ICES/object_detection_opencv_cpp/data/cassini/issna/jupiter/images/co-iss-n1357343818.png,true,true
co-iss-n1357344192,cassini,issna,jupiter,CB2,1.2,2001-01-04T23:51:30.452,Jupiter,https://opus.pds-rings.seti.org/holdings/previews/COISS_1xxx/COISS_1004/data/1357329196_1357350916/N1357344192_1_full.png,f30372f7a312dfaf432ff9818b0f21fbe5e017f99a36273e4fa7cab4dc65856c,/Users/upadhyay/dev/ICES/object_detection_opencv_cpp/data/cassini/issna/jupiter/images/co-iss-n1357344192.png,true,true
co-iss-n1357344485,cassini,issna,jupiter,BL1,0.46,2001-01-04T23:56:23.885,Jupiter,https://opus.pds-rings.seti.org/holdings/previews/COISS_1xxx/COISS_1004/data/1357329196_1357350916/N1357344485_1_full.png,56239cdd2acb0a52ce9ddbfe7090da5c40a24c5333a3223e1cf70447f9dec7f4,/Users/upadhyay/dev/ICES/object_detection_opencv_cpp/data/cassini/issna/jupiter/images/co-iss-n1357344485.png,true,true
co-iss-n1357344889,cassini,issna,jupiter,HAL,32,2001-01-05T00:02:36.342,Jupiter,https://opus.pds-rings.seti.org/holdings/previews/COISS_1xxx/COISS_1004/data/1357329196_1357350916/N1357344889_2_full.png,b828b73fc730f27064128993981b764e57bd669176b008c66d95f59604ab842a,/Users/upadhyay/dev/ICES/object_detection_opencv_cpp/data/cassini/issna/jupiter/images/co-iss-n1357344889.png,true,true
co-iss-w1357345279,cassini,issna,jupiter,CB2,0.12,2001-01-05T00:09:38.220,Jupiter,https://opus.pds-rings.seti.org/holdings/previews/COISS_1xxx/COISS_1004/data/1357329196_1357350916/W1357345279_1_full.png,d757b4037e601870a99b5617560f02b91cde74409dbf63e37a6e1f2797e48a3e,/Users/upadhyay/dev/ICES/object_detection_opencv_cpp/data/cassini/issna/jupiter/images/co-iss-w1357345279.png,true,true
co-iss-n1357346428,cassini,issna,jupiter,BL1,0.46,2001-01-05T00:28:46.872,Jupiter,https://opus.pds-rings.seti.org/holdings/previews/COISS_1xxx/COISS_1004/data/1357329196_1357350916/N1357346428_1_full.png,d4f670c203109f3eb62159fb904c1bfbd7b801d105aab72ef1e9bfc7e9a34e4d,/Users/upadhyay/dev/ICES/object_detection_opencv_cpp/data/cassini/issna/jupiter/images/co-iss-n1357346428.png,true,true
co-iss-n1357347084,cassini,issna,jupiter,CB2,0.46,2001-01-05T00:39:42.867,Jupiter,https://opus.pds-rings.seti.org/holdings/previews/COISS_1xxx/COISS_1004/data/1357329196_1357350916/N1357347084_1_full.png,f38a47dbf50604c803393bee36be1b6aab8a3a93c65c3bbbbe9cf236e2183a2b,/Users/upadhyay/dev/ICES/object_detection_opencv_cpp/data/cassini/issna/jupiter/images/co-iss-n1357347084.png,true,true
co-iss-n1357347688,cassini,issna,jupiter,CB2,0.46,2001-01-05T00:49:46.863,Jupiter,https://opus.pds-rings.seti.org/holdings/previews/COISS_1xxx/COISS_1004/data/1357329196_1357350916/N1357347688_1_full.png,cbe9faf508922a14d70be64bd58ade178f671c771507bcc9eb3481e9e712da31,/Users/upadhyay/dev/ICES/object_detection_opencv_cpp/data/cassini/issna/jupiter/images/co-iss-n1357347688.png,true,true
co-iss-w1357348716,cassini,issna,jupiter,CB2,0.18,2001-01-05T01:06:55.136,Jupiter,https://opus.pds-rings.seti.org/holdings/previews/COISS_1xxx/COISS_1004/data/1357329196_1357350916/W1357348716_1_full.png,bfc7c97d255f0d104732d7714959f8a60d9426519c703ec4b0dae695ed062901,/Users/upadhyay/dev/ICES/object_detection_opencv_cpp/data/cassini/issna/jupiter/images/co-iss-w1357348716.png,true,true
co-iss-w1357349336,cassini,issna,jupiter,GRN,0.01,2001-01-05T01:17:15.302,Jupiter,https://opus.pds-rings.seti.org/holdings/previews/COISS_1xxx/COISS_1004/data/1357329196_1357350916/W1357349336_1_full.png,92035169e7f76303b8fad2e89aec5416372241b0f9dcea95dfcc737cfb7d65b7,/Users/upadhyay/dev/ICES/object_detection_opencv_cpp/data/cassini/issna/jupiter/images/co-iss-w1357349336.png,true,true
co-iss-n1357350509,cassini,issna,jupiter,BL1,0.38,2001-01-05T01:36:47.951,Jupiter,https://opus.pds-rings.seti.org/holdings/previews/COISS_1xxx/COISS_1004/data/1357329196_1357350916/N1357350509_1_full.png,2559332250e9afa8209038cafccc0eca53a4a2cae17c1a9c712b4e57de18fe16,/Users/upadhyay/dev/ICES/object_detection_opencv_cpp/data/cassini/issna/jupiter/images/co-iss-n1357350509.png,true,true
co-iss-n1357350619,cassini,issna,jupiter,MT3,3.2,2001-01-05T01:38:35.111,Jupiter,https://opus.pds-rings.seti.org/holdings/previews/COISS_1xxx/COISS_1004/data/1357329196_1357350916/N1357350619_1_full.png,87eded4a0498aca42539a9fa84a19d7c22dd33681e1ce884e0957ccbfba46e5c,/Users/upadhyay/dev/ICES/object_detection_opencv_cpp/data/cassini/issna/jupiter/images/co-iss-n1357350619.png,true,true
co-iss-n1357350993,cassini,issna,jupiter,MT3,3.2,2001-01-05T01:44:49.108,Jupiter,https://opus.pds-rings.seti.org/holdings/previews/COISS_1xxx/COISS_1004/data/1357350953_1357376123/N1357350993_1_full.png,b04b87dff620db2a79c13576c13e9581842c5b73e0d8cd2ac431a2aa605f8ed9,/Users/upadhyay/dev/ICES/object_detection_opencv_cpp/data/cassini/issna/jupiter/images/co-iss-n1357350993.png,true,true
co-iss-n1357351283,cassini,issna,jupiter,MT2,1.5,2001-01-05T01:49:40.798,Jupiter,https://opus.pds-rings.seti.org/holdings/previews/COISS_1xxx/COISS_1004/data/1357350953_1357376123/N1357351283_1_full.png,c68e6bf368f12dc9fe26f10777f45eaa65af07e51105bfb8100da8b7873c5ffc,/Users/upadhyay/dev/ICES/object_detection_opencv_cpp/data/cassini/issna/jupiter/images/co-iss-n1357351283.png,true,true
co-iss-n1357352003,cassini,issna,jupiter,HAL,32,2001-01-05T02:01:10.293,Jupiter,https://opus.pds-rings.seti.org/holdings/previews/COISS_1xxx/COISS_1004/data/1357350953_1357376123/N1357352003_2_full.png,f67e4884ccbd4aa237a6a33d1da9ac8cddc195d2139d52a5ea9f98e43704a35e,/Users/upadhyay/dev/ICES/object_detection_opencv_cpp/data/cassini/issna/jupiter/images/co-iss-n1357352003.png,true,true
co-iss-w1357352363,cassini,issna,jupiter,GRN,0.005,2001-01-05T02:07:42.286,Jupiter,https://opus.pds-rings.seti.org/holdings/previews/COISS_1xxx/COISS_1004/data/1357350953_1357376123/W1357352363_2_full.png,4d28cccd2d74265a0b044b1b92ba7721872711e1d77b78080ead9f9b58d57a2b,/Users/upadhyay/dev/ICES/object_detection_opencv_cpp/data/cassini/issna/jupiter/images/co-iss-w1357352363.png,true,true
co-iss-w1349081639,cassini,issna,jupiter,VIO,0.26,2000-10-01T08:43:15.232,Jupiter,https://opus.pds-rings.seti.org/holdings/previews/COISS_1xxx/COISS_1001/data/1349081639_1349177551/W1349081639_2_full.png,15d9694f5bd8c450d33f7dae7d17c1f4955b9679c8d28b603a678357791d9502,/Users/upadhyay/dev/ICES/object_detection_opencv_cpp/data/cassini/issna/jupiter/images/co-iss-w1349081639.png,true,true
co-iss-n1349081680,cassini,issna,jupiter,MT3,3.2,2000-10-01T08:43:53.303,Jupiter,https://opus.pds-rings.seti.org/holdings/previews/COISS_1xxx/COISS_1001/data/1349081639_1349177551/N1349081680_2_full.png,f99a09276bcae1f5e4b613163333dd8d65e048fe093497a3f25cd5f16b2af139,/Users/upadhyay/dev/ICES/object_detection_opencv_cpp/data/cassini/issna/jupiter/images/co-iss-n1349081680.png,true,true
co-iss-n1349081709,cassini,issna,jupiter,CB3,1.2,2000-10-01T08:44:24.307,Jupiter,https://opus.pds-rings.seti.org/holdings/previews/COISS_1xxx/COISS_1001/data/1349081639_1349177551/N1349081709_2_full.png,2a5e12e6f6a33909af9f033780d9cef1227a4d621d16c96ca420958802379252,/Users/upadhyay/dev/ICES/object_detection_opencv_cpp/data/cassini/issna/jupiter/images/co-iss-n1349081709.png,true,true
co-iss-n1349081745,cassini,issna,jupiter,MT2,1.5,2000-10-01T08:45:00.010,Jupiter,https://opus.pds-rings.seti.org/holdings/previews/COISS_1xxx/COISS_1001/data/1349081639_1349177551/N1349081745_2_full.png,924339402aab17d097f46d86ba03b0a48ce5992a8eae7b4a0c0e9af7e10a350b,/Users/upadhyay/dev/ICES/object_detection_opencv_cpp/data/cassini/issna/jupiter/images/co-iss-n1349081745.png,true,true
co-iss-n1349081790,cassini,issna,jupiter,CB2,0.82,2000-10-01T08:45:45.698,Jupiter,https://opus.pds-rings.seti.org/holdings/previews/COISS_1xxx/COISS_1001/data/1349081639_1349177551/N1349081790_2_full.png,173bbec35cf8b340c0948b7c39a1880b3ddbafbb1c8af7970d65cfcc6c630e16,/Users/upadhyay/dev/ICES/object_detection_opencv_cpp/data/cassini/issna/jupiter/images/co-iss-n1349081790.png,true,true
co-iss-n1349081823,cassini,issna,jupiter,BL1,0.26,2000-10-01T08:46:19.262,Jupiter,https://opus.pds-rings.seti.org/holdings/previews/COISS_1xxx/COISS_1001/data/1349081639_1349177551/N1349081823_2_full.png,c48febb14cb33ff7e2b5037dc9b5482c87ef0eaa0e40a1780bdd19d9f4be3242,/Users/upadhyay/dev/ICES/object_detection_opencv_cpp/data/cassini/issna/jupiter/images/co-iss-n1349081823.png,true,true
co-iss-n1349081860,cassini,issna,jupiter,GRN,0.06,2000-10-01T08:46:56.410,Jupiter,https://opus.pds-rings.seti.org/holdings/previews/COISS_1xxx/COISS_1001/data/1349081639_1349177551/N1349081860_2_full.png,d4adf2e3e0a2f3624698d25576f2b1b746a0e61d0d488a9da87db25cc0de0c63,/Users/upadhyay/dev/ICES/object_detection_opencv_cpp/data/cassini/issna/jupiter/images/co-iss-n1349081860.png,true,true
co-iss-n1454729699,cassini,issna,enceladus,CLEAR,0.06,2004-02-06T03:12:06.412,Enceladus,https://opus.pds-rings.seti.org/holdings/previews/COISS_2xxx/COISS_2001/data/1454725799_1455008789/N1454729699_1_full.png,205bc65f34697c9708e1eb4955a4f9557d6473fb7e56fe8b2a0951595a412fcf,/Users/upadhyay/dev/ICES/object_detection_opencv_cpp/data/cassini/issna/enceladus/images/co-iss-n1454729699.png,true,position_only
co-iss-n1455663489,cassini,issna,enceladus,CLEAR,0.68,2004-02-16T22:35:09.700,Enceladus,https://opus.pds-rings.seti.org/holdings/previews/COISS_2xxx/COISS_2001/data/1455646698_1455855902/N1455663489_1_full.png,61e1a35df98fdef32ccf965858a539ab2858b4248dddd081be7acc4f9dadb360,/Users/upadhyay/dev/ICES/object_detection_opencv_cpp/data/cassini/issna/enceladus/images/co-iss-n1455663489.png,true,position_only
co-iss-n1459276468,cassini,issna,enceladus,CLEAR,0.06,2004-03-29T18:11:05.749,Enceladus,https://opus.pds-rings.seti.org/holdings/previews/COISS_2xxx/COISS_2001/data/1459263896_1459551623/N1459276468_1_full.png,3b0541ac3c60ac4fd6fda0b948c9de4c2cada1cb23870a92c5622eba77fe805e,/Users/upadhyay/dev/ICES/object_detection_opencv_cpp/data/cassini/issna/enceladus/images/co-iss-n1459276468.png,true,position_only
co-iss-n1460512450,cassini,issna,enceladus,CLEAR,0.68,2004-04-13T01:30:39.124,Enceladus,https://opus.pds-rings.seti.org/holdings/previews/COISS_2xxx/COISS_2001/data/1460416521_1460517361/N1460512450_1_full.png,2570cb255d09a48b21811e5a2461cc2baebb395a6c22cfa2f89d4e9e15914821,/Users/upadhyay/dev/ICES/object_detection_opencv_cpp/data/cassini/issna/enceladus/images/co-iss-n1460512450.png,true,position_only
co-iss-n1462095351,cassini,issna,enceladus,CLEAR,0.68,2004-05-01T09:12:09.814,Enceladus,https://opus.pds-rings.seti.org/holdings/previews/COISS_2xxx/COISS_2002/data/1462084390_1462175704/N1462095351_1_full.png,ac2b737b01182b3e27119661056d95f972bd59378237c75811b1a6a2dcdb1817,/Users/upadhyay/dev/ICES/object_detection_opencv_cpp/data/cassini/issna/enceladus/images/co-iss-n1462095351.png,true,position_only
co-iss-n1463414414,cassini,issna,enceladus,CLEAR,0.68,2004-05-16T15:36:24.223,Enceladus,https://opus.pds-rings.seti.org/holdings/previews/COISS_2xxx/COISS_2002/data/1463318713_1463518285/N1463414414_1_full.png,2f28788028b5d00727a3084f339fabb0a6bb72d76b1f27004f4255031f64f750,/Users/upadhyay/dev/ICES/object_detection_opencv_cpp/data/cassini/issna/enceladus/images/co-iss-n1463414414.png,true,position_only
co-iss-n1463628417,cassini,issna,enceladus,CLEAR,0.06,2004-05-19T03:03:06.450,Enceladus,https://opus.pds-rings.seti.org/holdings/previews/COISS_2xxx/COISS_2003/data/1463538487_1463784347/N1463628417_2_full.png,2bb07f0d009652f3e69aeb493881c4ff898502c65bedfe9b8eef135c93fc3402,/Users/upadhyay/dev/ICES/object_detection_opencv_cpp/data/cassini/issna/enceladus/images/co-iss-n1463628417.png,true,position_only
co-iss-n1463931123,cassini,issna,enceladus,CLEAR,0.68,2004-05-22T15:08:09.858,Enceladus,https://opus.pds-rings.seti.org/holdings/previews/COISS_2xxx/COISS_2003/data/1463883507_1463975128/N1463931123_1_full.png,33eff9de2972a7ebfcb531816994f4ff01dd476462a74740b740f860fb61b9c1,/Users/upadhyay/dev/ICES/object_detection_opencv_cpp/data/cassini/issna/enceladus/images/co-iss-n1463931123.png,true,position_only
co-iss-n1464365701,cassini,issna,enceladus,CLEAR,0.06,2004-05-27T15:51:05.648,Enceladus,https://opus.pds-rings.seti.org/holdings/previews/COISS_2xxx/COISS_2003/data/1464317190_1464365701/N1464365701_2_full.png,2677ae8183af021a0dac502f7d2e1d6970fd0f7d0f8470657d488be9803fa76d,/Users/upadhyay/dev/ICES/object_detection_opencv_cpp/data/cassini/issna/enceladus/images/co-iss-n1464365701.png,true,position_only
co-iss-n1464748804,cassini,issna,enceladus,CLEAR,0.06,2004-06-01T02:16:06.152,Enceladus,https://opus.pds-rings.seti.org/holdings/previews/COISS_2xxx/COISS_2003/data/1464620747_1464768633/N1464748804_2_full.png,bfed741a4d4cf7be9174479ef7df9ae2a970fe680213064b7f5738edf30d221b,/Users/upadhyay/dev/ICES/object_detection_opencv_cpp/data/cassini/issna/enceladus/images/co-iss-n1464748804.png,true,position_only
co-iss-n1465065666,cassini,issna,enceladus,CLEAR,0.06,2004-06-04T18:17:06.089,Enceladus,https://opus.pds-rings.seti.org/holdings/previews/COISS_2xxx/COISS_2003/data/1464875525_1465117935/N1465065666_2_full.png,cec00899aa99c3c3ae70a2426a196c29cbc3a61728a642da76790caae70e4447,/Users/upadhyay/dev/ICES/object_detection_opencv_cpp/data/cassini/issna/enceladus/images/co-iss-n1465065666.png,true,position_only
co-iss-n1465569669,cassini,issna,enceladus,CLEAR,0.06,2004-06-10T14:17:05.806,Enceladus,https://opus.pds-rings.seti.org/holdings/previews/COISS_2xxx/COISS_2003/data/1465563036_1465650137/N1465569669_2_full.png,850cf37ec297dfb8a3e3b758bf9895a299dfd7f1af4b1a43dfa3e7a88f179ea3,/Users/upadhyay/dev/ICES/object_detection_opencv_cpp/data/cassini/issna/enceladus/images/co-iss-n1465569669.png,true,position_only
co-iss-n1465956316,cassini,issna,enceladus,CLEAR,0.68,2004-06-15T01:41:09.668,Enceladus,https://opus.pds-rings.seti.org/holdings/previews/COISS_2xxx/COISS_2004/data/1465872648_1465993901/N1465956316_1_full.png,19a6c2bafaa760a19d325d0d718acdfcab4d4cd7f512840213c692a945292082,/Users/upadhyay/dev/ICES/object_detection_opencv_cpp/data/cassini/issna/enceladus/images/co-iss-n1465956316.png,true,position_only
co-iss-n1466410275,cassini,issna,enceladus,CLEAR,0.06,2004-06-20T07:47:06.331,Enceladus,https://opus.pds-rings.seti.org/holdings/previews/COISS_2xxx/COISS_2004/data/1466219526_1466449420/N1466410275_2_full.png,00f0df9223fd31764901ed0091cf52b57258ec0c4cd4ee8a08a5440d45000410,/Users/upadhyay/dev/ICES/object_detection_opencv_cpp/data/cassini/issna/enceladus/images/co-iss-n1466410275.png,true,position_only
co-iss-n1466514337,cassini,issna,enceladus,GRN,0.22,2004-06-21T12:41:27.497,Enceladus,https://opus.pds-rings.seti.org/holdings/previews/COISS_2xxx/COISS_2004/data/1466513382_1466584970/N1466514337_1_full.png,7e7d58333784084b529aa1ac5a31a521a3c7ab608aa9b9cb4c260d134f7a129b,/Users/upadhyay/dev/ICES/object_detection_opencv_cpp/data/cassini/issna/enceladus/images/co-iss-n1466514337.png,true,position_only
co-iss-n1466514421,cassini,issna,enceladus,UV3,3.8,2004-06-21T12:42:47.933,Enceladus,https://opus.pds-rings.seti.org/holdings/previews/COISS_2xxx/COISS_2004/data/1466513382_1466584970/N1466514421_1_full.png,7b928072514f78af44cf5d5d25c7de5094ff01df102bc58b69d0ebfbca16d003,/Users/upadhyay/dev/ICES/object_detection_opencv_cpp/data/cassini/issna/enceladus/images/co-iss-n1466514421.png,true,position_only
co-iss-n1466514533,cassini,issna,enceladus,UV1,46,2004-06-21T12:43:57.744,Enceladus,https://opus.pds-rings.seti.org/holdings/previews/COISS_2xxx/COISS_2004/data/1466513382_1466584970/N1466514533_1_full.png,cc783ac5ed0f21910a8baa2626d438dd71ad31471a54baf4a340fe75bfb0226f,/Users/upadhyay/dev/ICES/object_detection_opencv_cpp/data/cassini/issna/enceladus/images/co-iss-n1466514533.png,true,position_only
co-iss-n1466514680,cassini,issna,enceladus,IR2,0.82,2004-06-21T12:47:09.930,Enceladus,https://opus.pds-rings.seti.org/holdings/previews/COISS_2xxx/COISS_2004/data/1466513382_1466584970/N1466514680_1_full.png,8880a74f527aaa3b06a9b02648084e3b2bf2c9a13e67dcf7972179e474d8996a,/Users/upadhyay/dev/ICES/object_detection_opencv_cpp/data/cassini/issna/enceladus/images/co-iss-n1466514680.png,true,position_only
co-iss-n1466514752,cassini,issna,enceladus,IR1+IR2,2,2004-06-21T12:48:20.762,Enceladus,https://opus.pds-rings.seti.org/holdings/previews/COISS_2xxx/COISS_2004/data/1466513382_1466584970/N1466514752_1_full.png,4f62746e4ee1230c8c7c108031f992fb5c70370dfe2ff31b6fe314b0b9f4c27c,/Users/upadhyay/dev/ICES/object_detection_opencv_cpp/data/cassini/issna/enceladus/images/co-iss-n1466514752.png,true,position_only
co-iss-n1466518275,cassini,issna,enceladus,CLEAR,0.06,2004-06-21T13:47:05.628,Enceladus,https://opus.pds-rings.seti.org/holdings/previews/COISS_2xxx/COISS_2004/data/1466513382_1466584970/N1466518275_2_full.png,261966992d1538ae530aa9005f55bd8901653a7dcd7e114e24809393beae2457,/Users/upadhyay/dev/ICES/object_detection_opencv_cpp/data/cassini/issna/enceladus/images/co-iss-n1466518275.png,true,position_only
co-iss-n1468546649,cassini,issna,enceladus,CLEAR,0.06,2004-07-15T01:13:06.417,Enceladus,https://opus.pds-rings.seti.org/holdings/previews/COISS_2xxx/COISS_2004/data/1468485410_1468570080/N1468546649_2_full.png,b3708251db8899392b3069e69ef2610fdfc69519f152cbe2853aeb6672a64b3e,/Users/upadhyay/dev/ICES/object_detection_opencv_cpp/data/cassini/issna/enceladus/images/co-iss-n1468546649.png,true,position_only
co-iss-n1469848237,cassini,issna,enceladus,CLEAR,0.06,2004-07-30T02:46:05.940,Enceladus,https://opus.pds-rings.seti.org/holdings/previews/COISS_2xxx/COISS_2005/data/1469812738_1469981553/N1469848237_2_full.png,4dfd0f112a9f702976d6d893fc46a82fcdd65af2d40fbbd3ecf851bf23296438,/Users/upadhyay/dev/ICES/object_detection_opencv_cpp/data/cassini/issna/enceladus/images/co-iss-n1469848237.png,true,position_only
co-iss-n1470494381,cassini,issna,enceladus,CLEAR,0.06,2004-08-06T14:15:05.732,Enceladus,https://opus.pds-rings.seti.org/holdings/previews/COISS_2xxx/COISS_2005/data/1470452913_1470592801/N1470494381_2_full.png,0d2a0f2b95657173162428a33da9508967aef1f2a6d0c2b720914b6553c27321,/Users/upadhyay/dev/ICES/object_detection_opencv_cpp/data/cassini/issna/enceladus/images/co-iss-n1470494381.png,true,position_only
co-iss-n1471212406,cassini,issna,enceladus,CLEAR,0.06,2004-08-14T21:42:06.055,Enceladus,https://opus.pds-rings.seti.org/holdings/previews/COISS_2xxx/COISS_2005/data/1471157733_1471245401/N1471212406_2_full.png,96f998b796fe2182843893061bc2d4f9c3a3213e03f86ea5cafdb702337dd2d4,/Users/upadhyay/dev/ICES/object_detection_opencv_cpp/data/cassini/issna/enceladus/images/co-iss-n1471212406.png,true,position_only
co-iss-n1471556868,cassini,issna,enceladus,CLEAR,0.06,2004-08-18T21:23:05.812,Enceladus,https://opus.pds-rings.seti.org/holdings/previews/COISS_2xxx/COISS_2005/data/1471514635_1471646567/N1471556868_9_full.png,9bfcaed851f0a1e2236e5f284fc660e946446fb9ea3c3302c2aa000137761893,/Users/upadhyay/dev/ICES/object_detection_opencv_cpp/data/cassini/issna/enceladus/images/co-iss-n1471556868.png,true,position_only
co-iss-n1466514299,cassini,issna,enceladus,BL1,0.68,2004-06-21T12:40:49.034,Enceladus,https://opus.pds-rings.seti.org/holdings/previews/COISS_2xxx/COISS_2004/data/1466513382_1466584970/N1466514299_1_full.png,9d9ad8d59d40f42a7e8a2eccd7af54cdebfd0c0d2b2cd91a757c7c5dac6d890f,/Users/upadhyay/dev/ICES/object_detection_opencv_cpp/data/cassini/issna/enceladus/images/co-iss-n1466514299.png,true,position_only
co-iss-n1466514318,cassini,issna,enceladus,RED,0.18,2004-06-21T12:41:08.538,Enceladus,https://opus.pds-rings.seti.org/holdings/previews/COISS_2xxx/COISS_2004/data/1466513382_1466584970/N1466514318_1_full.png,2fd658383b1b74f79d587c2d81b88dfb96ae4f37957354e4598604df7657c9ef,/Users/upadhyay/dev/ICES/object_detection_opencv_cpp/data/cassini/issna/enceladus/images/co-iss-n1466514318.png,true,position_only
co-iss-n1466514357,cassini,issna,enceladus,GRN+P0,0.68,2004-06-21T12:41:47.045,Enceladus,https://opus.pds-rings.seti.org/holdings/previews/COISS_2xxx/COISS_2004/data/1466513382_1466584970/N1466514357_1_full.png,1b965d10ec3f7a9c3a77c9d08eeba67db0f5849b7a3aadc23165279ba10a1c13,/Users/upadhyay/dev/ICES/object_detection_opencv_cpp/data/cassini/issna/enceladus/images/co-iss-n1466514357.png,true,position_only
co-iss-n1466514376,cassini,issna,enceladus,GRN+P60,0.68,2004-06-21T12:42:06.049,Enceladus,https://opus.pds-rings.seti.org/holdings/previews/COISS_2xxx/COISS_2004/data/1466513382_1466584970/N1466514376_1_full.png,3de026d6a7329dbc450d78939d09a30a477277ae9a5bad7e6509074071c045d8,/Users/upadhyay/dev/ICES/object_detection_opencv_cpp/data/cassini/issna/enceladus/images/co-iss-n1466514376.png,true,position_only
co-iss-n1454728919,cassini,issna,iapetus,CLEAR,0.12,2004-02-06T02:59:06.357,Iapetus,https://opus.pds-rings.seti.org/holdings/previews/COISS_2xxx/COISS_2001/data/1454725799_1455008789/N1454728919_1_full.png,8c6ff691e2285bbaf139a5bd544a105fb2ccd2920863441d3009a061e56dc41f,/Users/upadhyay/dev/ICES/object_detection_opencv_cpp/data/cassini/issna/iapetus/images/co-iss-n1454728919.png,true,position_only
co-iss-n1455658745,cassini,issna,iapetus,CLEAR,0.12,2004-02-16T21:16:06.291,Iapetus,https://opus.pds-rings.seti.org/holdings/previews/COISS_2xxx/COISS_2001/data/1455646698_1455855902/N1455658745_1_full.png,8004b9a528f2d9a79b2085147f657ca70ff058318cce3bebd566bcc76074a60d,/Users/upadhyay/dev/ICES/object_detection_opencv_cpp/data/cassini/issna/iapetus/images/co-iss-n1455658745.png,true,position_only
co-iss-n1456496650,cassini,issna,iapetus,CLEAR,0.12,2004-02-26T14:01:05.825,Iapetus,https://opus.pds-rings.seti.org/holdings/previews/COISS_2xxx/COISS_2001/data/1456316742_1457169367/N1456496650_2_full.png,7e4caf07164b27cf437db04f37c131c2804802e3895e9a364ee921d39799c24d,/Users/upadhyay/dev/ICES/object_detection_opencv_cpp/data/cassini/issna/iapetus/images/co-iss-n1456496650.png,true,position_only
co-iss-n1457697558,cassini,issna,iapetus,CLEAR,0.12,2004-03-11T11:36:05.990,Iapetus,https://opus.pds-rings.seti.org/holdings/previews/COISS_2xxx/COISS_2001/data/1457696181_1458023668/N1457697558_2_full.png,b59c538f0943fa0f4fe52bb273af93a072fb5cf58a7bbfa875579416d5cd980c,/Users/upadhyay/dev/ICES/object_detection_opencv_cpp/data/cassini/issna/iapetus/images/co-iss-n1457697558.png,true,position_only
co-iss-n1458677544,cassini,issna,iapetus,CLEAR,0.12,2004-03-22T19:49:05.596,Iapetus,https://opus.pds-rings.seti.org/holdings/previews/COISS_2xxx/COISS_2001/data/1458461156_1458734838/N1458677544_2_full.png,29a64da29a68b36ea82748e4442e66fb4a46384b00ab7a4a89ec144ada1de223,/Users/upadhyay/dev/ICES/object_detection_opencv_cpp/data/cassini/issna/iapetus/images/co-iss-n1458677544.png,true,position_only
co-iss-n1460279735,cassini,issna,iapetus,CLEAR,0.12,2004-04-10T08:52:06.200,Iapetus,https://opus.pds-rings.seti.org/holdings/previews/COISS_2xxx/COISS_2001/data/1460279735_1460416413/N1460279735_2_full.png,9105123b53b2b5ddc3fb9b31da26a52ced946402bc573ee50087962dec9f43d8,/Users/upadhyay/dev/ICES/object_detection_opencv_cpp/data/cassini/issna/iapetus/images/co-iss-n1460279735.png,true,position_only
co-iss-n1461315581,cassini,issna,iapetus,CLEAR,0.12,2004-04-22T08:36:05.453,Iapetus,https://opus.pds-rings.seti.org/holdings/previews/COISS_2xxx/COISS_2002/data/1461194010_1461318283/N1461315581_2_full.png,3ea18c0d08b8ca81d2f3f72a75d7947d1f5ef9a2cf7136a0516cd08901b1c91c,/Users/upadhyay/dev/ICES/object_detection_opencv_cpp/data/cassini/issna/iapetus/images/co-iss-n1461315581.png,true,position_only
co-iss-n1463331415,cassini,issna,iapetus,CLEAR,0.12,2004-05-15T16:33:06.324,Iapetus,https://opus.pds-rings.seti.org/holdings/previews/COISS_2xxx/COISS_2002/data/1463318713_1463518285/N1463331415_3_full.png,77ee0bee4799222d10adf6ead74d4eeff44ad70197d2aeed1592e962c5d63453,/Users/upadhyay/dev/ICES/object_detection_opencv_cpp/data/cassini/issna/iapetus/images/co-iss-n1463331415.png,true,position_only
co-iss-n1463993099,cassini,issna,iapetus,CLEAR,0.12,2004-05-23T08:21:06.014,Iapetus,https://opus.pds-rings.seti.org/holdings/previews/COISS_2xxx/COISS_2003/data/1463975165_1464043396/N1463993099_2_full.png,3aaf5c3bf2c9438397ba33b017826febd410871801dc54677b8b167055583130,/Users/upadhyay/dev/ICES/object_detection_opencv_cpp/data/cassini/issna/iapetus/images/co-iss-n1463993099.png,true,position_only
co-iss-n1464874625,cassini,issna,iapetus,CLEAR,0.12,2004-06-02T13:13:06.273,Iapetus,https://opus.pds-rings.seti.org/holdings/previews/COISS_2xxx/COISS_2003/data/1464768953_1464874625/N1464874625_2_full.png,9251dc075b16cba88831b3fdcac7b46cdaae1d88e1f3a3032bec9a32f2c15d3e,/Users/upadhyay/dev/ICES/object_detection_opencv_cpp/data/cassini/issna/iapetus/images/co-iss-n1464874625.png,true,position_only
co-iss-n1465226647,cassini,issna,iapetus,CLEAR,0.12,2004-06-06T15:00:05.980,Iapetus,https://opus.pds-rings.seti.org/holdings/previews/COISS_2xxx/COISS_2003/data/1465220516_1465356985/N1465226647_2_full.png,33427c2569ab80645b084ec724df808c7a89118d34095e9a92c012bcfadbdc9a,/Users/upadhyay/dev/ICES/object_detection_opencv_cpp/data/cassini/issna/iapetus/images/co-iss-n1465226647.png,true,position_only
co-iss-n1465801451,cassini,issna,iapetus,CLEAR,0.12,2004-06-13T06:40:06.237,Iapetus,https://opus.pds-rings.seti.org/holdings/previews/COISS_2xxx/COISS_2004/data/1465777125_1465872608/N1465801451_2_full.png,83010d7f76bfee8ddb1753817ff433ea888630793866d4423dd68d4adfaf5da2,/Users/upadhyay/dev/ICES/object_detection_opencv_cpp/data/cassini/issna/iapetus/images/co-iss-n1465801451.png,true,position_only
co-iss-n1466088073,cassini,issna,iapetus,CLEAR,0.12,2004-06-16T14:17:06.370,Iapetus,https://opus.pds-rings.seti.org/holdings/previews/COISS_2xxx/COISS_2004/data/1465994021_1466182240/N1466088073_2_full.png,b694f9b82b6448ce1040c9579c4993e7fd5237b4c17cfd5fd930cd3ef6c93883,/Users/upadhyay/dev/ICES/object_detection_opencv_cpp/data/cassini/issna/iapetus/images/co-iss-n1466088073.png,true,position_only
co-iss-n1466586085,cassini,issna,iapetus,BL1,3.8,2004-06-22T08:37:11.431,Iapetus,https://opus.pds-rings.seti.org/holdings/previews/COISS_2xxx/COISS_2004/data/1466584989_1467427246/N1466586085_1_full.png,6477d90cbfc4a12d46ac44a7fabbaa9b149129accfba3c0183e4e96df616060b,/Users/upadhyay/dev/ICES/object_detection_opencv_cpp/data/cassini/issna/iapetus/images/co-iss-n1466586085.png,true,position_only
co-iss-n1466586191,cassini,issna,iapetus,IR3,4.6,2004-06-22T08:38:56.646,Iapetus,https://opus.pds-rings.seti.org/holdings/previews/COISS_2xxx/COISS_2004/data/1466584989_1467427246/N1466586191_1_full.png,437d38952d5b890f7744826b43beeebb77d9f2ac855460ea9de11cb062f91568,/Users/upadhyay/dev/ICES/object_detection_opencv_cpp/data/cassini/issna/iapetus/images/co-iss-n1466586191.png,true,position_only
co-iss-n1466586104,cassini,issna,iapetus,RED,1,2004-06-22T08:37:33.238,Iapetus,https://opus.pds-rings.seti.org/holdings/previews/COISS_2xxx/COISS_2004/data/1466584989_1467427246/N1466586104_1_full.png,0b979b27099e7048601a9717b124b7492881bf9d36ae5f95891ac0d560f57b0b,/Users/upadhyay/dev/ICES/object_detection_opencv_cpp/data/cassini/issna/iapetus/images/co-iss-n1466586104.png,true,position_only
co-iss-n1466586123,cassini,issna,iapetus,GRN,1.2,2004-06-22T08:37:52.038,Iapetus,https://opus.pds-rings.seti.org/holdings/previews/COISS_2xxx/COISS_2004/data/1466584989_1467427246/N1466586123_1_full.png,df5434a19560b123e1a4c6a8cafcbf39047b2d12337d227fff5eee3554284311,/Users/upadhyay/dev/ICES/object_detection_opencv_cpp/data/cassini/issna/iapetus/images/co-iss-n1466586123.png,true,position_only
co-iss-n1466586165,cassini,issna,iapetus,UV3,18,2004-06-22T08:38:17.242,Iapetus,https://opus.pds-rings.seti.org/holdings/previews/COISS_2xxx/COISS_2004/data/1466584989_1467427246/N1466586165_1_full.png,b97d3c0910f71af540d199bd35bed7a5f25b55c32e4f73647438b9e27a443110,/Users/upadhyay/dev/ICES/object_detection_opencv_cpp/data/cassini/issna/iapetus/images/co-iss-n1466586165.png,true,position_only
co-iss-n1454725799,cassini,issna,rhea,CLEAR,0.08,2004-02-06T02:07:06.418,Rhea,https://opus.pds-rings.seti.org/holdings/previews/COISS_2xxx/COISS_2001/data/1454725799_1455008789/N1454725799_1_full.png,1fc9f138cc6d892c2ee09daf8a085c6d10823c2bd5ba568eba469c62c79ca0db,/Users/upadhyay/dev/ICES/object_detection_opencv_cpp/data/cassini/issna/rhea/images/co-iss-n1454725799.png,true,position_only
co-iss-n1455932826,cassini,issna,rhea,CLEAR,0.08,2004-02-20T01:24:05.543,Rhea,https://opus.pds-rings.seti.org/holdings/previews/COISS_2xxx/COISS_2001/data/1455855935_1456049320/N1455932826_1_full.png,8f726363d1d538c9caf0e5d3686a30a3633762a82d578282166acef7a8209b87,/Users/upadhyay/dev/ICES/object_detection_opencv_cpp/data/cassini/issna/rhea/images/co-iss-n1455932826.png,true,position_only
co-iss-n1457744658,cassini,issna,rhea,CLEAR,0.08,2004-03-12T00:41:05.723,Rhea,https://opus.pds-rings.seti.org/holdings/previews/COISS_2xxx/COISS_2001/data/1457696181_1458023668/N1457744658_1_full.png,6016cfa6abfc2e94e0cee6edd0eb93195a389a23080c61141d913ccc6302d36f,/Users/upadhyay/dev/ICES/object_detection_opencv_cpp/data/cassini/issna/rhea/images/co-iss-n1457744658.png,true,position_only
co-iss-n1460281655,cassini,issna,rhea,CLEAR,0.08,2004-04-10T09:24:06.227,Rhea,https://opus.pds-rings.seti.org/holdings/previews/COISS_2xxx/COISS_2001/data/1460279735_1460416413/N1460281655_2_full.png,517626da2eacac6973f649c0ab5e1c7310e440c7fbf746b8b4e51947bf839f01,/Users/upadhyay/dev/ICES/object_detection_opencv_cpp/data/cassini/issna/rhea/images/co-iss-n1460281655.png,true,position_only
co-iss-n1461197741,cassini,issna,rhea,CLEAR,0.08,2004-04-20T23:52:06.261,Rhea,https://opus.pds-rings.seti.org/holdings/previews/COISS_2xxx/COISS_2002/data/1461194010_1461318283/N1461197741_2_full.png,dad93402141364af2b2e4e9b8fbe96b814656634b83b90d5d490433aacf589b4,/Users/upadhyay/dev/ICES/object_detection_opencv_cpp/data/cassini/issna/rhea/images/co-iss-n1461197741.png,true,position_only
co-iss-n1463330515,cassini,issna,rhea,CLEAR,0.08,2004-05-15T16:18:06.370,Rhea,https://opus.pds-rings.seti.org/holdings/previews/COISS_2xxx/COISS_2002/data/1463318713_1463518285/N1463330515_3_full.png,b5488afceae54483612a0ce1a8889291667897fe3122c47044410ce94956b054,/Users/upadhyay/dev/ICES/object_detection_opencv_cpp/data/cassini/issna/rhea/images/co-iss-n1463330515.png,true,position_only
co-iss-n1463734497,cassini,issna,rhea,CLEAR,0.08,2004-05-20T08:31:05.739,Rhea,https://opus.pds-rings.seti.org/holdings/previews/COISS_2xxx/COISS_2003/data/1463538487_1463784347/N1463734497_2_full.png,78cb3811c259b86da78110b9ca7bfcd3c30d00524a58ffb916ff1248d809b5a9,/Users/upadhyay/dev/ICES/object_detection_opencv_cpp/data/cassini/issna/rhea/images/co-iss-n1463734497.png,true,position_only
co-iss-n1464191520,cassini,issna,rhea,CLEAR,0.08,2004-05-25T15:28:05.762,Rhea,https://opus.pds-rings.seti.org/holdings/previews/COISS_2xxx/COISS_2003/data/1464104283_1464242370/N1464191520_2_full.png,2481895353b82ef61b007bcc66bc5d2eafe604ce3068faddf326f8d34d8e38e1,/Users/upadhyay/dev/ICES/object_detection_opencv_cpp/data/cassini/issna/rhea/images/co-iss-n1464191520.png,true,position_only
co-iss-n1464624183,cassini,issna,rhea,CLEAR,0.08,2004-05-30T15:39:05.944,Rhea,https://opus.pds-rings.seti.org/holdings/previews/COISS_2xxx/COISS_2003/data/1464620747_1464768633/N1464624183_2_full.png,93968b08f2a839fe79f0b93e08d99370f88400653325ba1b9cebd7a3ab41d377,/Users/upadhyay/dev/ICES/object_detection_opencv_cpp/data/cassini/issna/rhea/images/co-iss-n1464624183.png,true,position_only
co-iss-n1465265947,cassini,issna,rhea,CLEAR,0.08,2004-06-07T01:55:05.764,Rhea,https://opus.pds-rings.seti.org/holdings/previews/COISS_2xxx/COISS_2003/data/1465220516_1465356985/N1465265947_2_full.png,8ee30b34c2121e72a947fba19d0bc09029610e97d51778f87803a76602ae31bd,/Users/upadhyay/dev/ICES/object_detection_opencv_cpp/data/cassini/issna/rhea/images/co-iss-n1465265947.png,true,position_only
co-iss-n1465737790,cassini,issna,rhea,CLEAR,0.08,2004-06-12T12:59:05.691,Rhea,https://opus.pds-rings.seti.org/holdings/previews/COISS_2xxx/COISS_2004/data/1465711555_1465776251/N1465737790_2_full.png,622470e08ba1ae870ec824bbeea3d7b9b046bc1452badb035b649b555100062f,/Users/upadhyay/dev/ICES/object_detection_opencv_cpp/data/cassini/issna/rhea/images/co-iss-n1465737790.png,true,position_only
co-iss-n1466001552,cassini,issna,rhea,CLEAR,0.08,2004-06-15T14:15:05.973,Rhea,https://opus.pds-rings.seti.org/holdings/previews/COISS_2xxx/COISS_2004/data/1465994021_1466182240/N1466001552_2_full.png,401246ec3b201156413d964ae1ab1c335ce83bff0a4e895c473c75404fbd87ab,/Users/upadhyay/dev/ICES/object_detection_opencv_cpp/data/cassini/issna/rhea/images/co-iss-n1466001552.png,true,position_only
co-iss-n1466298434,cassini,issna,rhea,CLEAR,0.08,2004-06-19T00:43:06.040,Rhea,https://opus.pds-rings.seti.org/holdings/previews/COISS_2xxx/COISS_2004/data/1466219526_1466449420/N1466298434_2_full.png,4fb510c149110670cc91db1ed5045534639e7eefb16002ce097b35bfa09eb9ae,/Users/upadhyay/dev/ICES/object_detection_opencv_cpp/data/cassini/issna/rhea/images/co-iss-n1466298434.png,true,position_only
co-iss-n1466300068,cassini,issna,rhea,BL1,1.8,2004-06-19T01:10:18.293,Rhea,https://opus.pds-rings.seti.org/holdings/previews/COISS_2xxx/COISS_2004/data/1466219526_1466449420/N1466300068_1_full.png,e8e92ea7fb4c609c4607201242b93b39a22b5659444f99a2a3e4fd362c37415b,/Users/upadhyay/dev/ICES/object_detection_opencv_cpp/data/cassini/issna/rhea/images/co-iss-n1466300068.png,true,position_only
co-iss-n1466300087,cassini,issna,rhea,RED,0.38,2004-06-19T01:10:38.721,Rhea,https://opus.pds-rings.seti.org/holdings/previews/COISS_2xxx/COISS_2004/data/1466219526_1466449420/N1466300087_1_full.png,21b34df87f7bc6a2a896c25d4e062ab49f2b30169918587f898f5d05b68697cc,/Users/upadhyay/dev/ICES/object_detection_opencv_cpp/data/cassini/issna/rhea/images/co-iss-n1466300087.png,true,position_only
co-iss-n1466300106,cassini,issna,rhea,GRN,0.46,2004-06-19T01:10:57.641,Rhea,https://opus.pds-rings.seti.org/holdings/previews/COISS_2xxx/COISS_2004/data/1466219526_1466449420/N1466300106_1_full.png,35028cf9b1bf4cc8080dc228a3e3e98dd31a0f6b466b48c37fcd694e39f75859,/Users/upadhyay/dev/ICES/object_detection_opencv_cpp/data/cassini/issna/rhea/images/co-iss-n1466300106.png,true,position_only
co-iss-n1455662244,cassini,issna,dione,CLEAR,0.68,2004-02-16T22:14:24.708,Dione,https://opus.pds-rings.seti.org/holdings/previews/COISS_2xxx/COISS_2001/data/1455646698_1455855902/N1455662244_1_full.png,fe3061f2ea9f85f2db55649f6e93354d33694523360f3be8bddcc6f642de7fa1,/Users/upadhyay/dev/ICES/object_detection_opencv_cpp/data/cassini/issna/dione/images/co-iss-n1455662244.png,true,position_only
co-iss-n1457467457,cassini,issna,dione,CLEAR,0.08,2004-03-08T19:41:06.531,Dione,https://opus.pds-rings.seti.org/holdings/previews/COISS_2xxx/COISS_2001/data/1457454952_1457696147/N1457467457_2_full.png,d8aa99fa6b1e23b8d37a4f265c9e28c18ddc62a1e7f9b2453ea8970475e2bf76,/Users/upadhyay/dev/ICES/object_detection_opencv_cpp/data/cassini/issna/dione/images/co-iss-n1457467457.png,true,position_only
co-iss-n1457745438,cassini,issna,dione,CLEAR,0.08,2004-03-12T00:54:05.717,Dione,https://opus.pds-rings.seti.org/holdings/previews/COISS_2xxx/COISS_2001/data/1457696181_1458023668/N1457745438_1_full.png,b2fd9510f2b1c8117e21d21d2794d2c4d21a2fcb9f8ce6c1471c6164aa5c65d2,/Users/upadhyay/dev/ICES/object_detection_opencv_cpp/data/cassini/issna/dione/images/co-iss-n1457745438.png,true,position_only
co-iss-n1458349462,cassini,issna,dione,CLEAR,0.08,2004-03-19T00:41:05.777,Dione,https://opus.pds-rings.seti.org/holdings/previews/COISS_2xxx/COISS_2001/data/1458209304_1458461116/N1458349462_1_full.png,0e791681d7614d0342aaec221c7897b7f4a1272b17b8987abec076d388244698,/Users/upadhyay/dev/ICES/object_detection_opencv_cpp/data/cassini/issna/dione/images/co-iss-n1458349462.png,true,position_only
co-iss-n1460857122,cassini,issna,dione,CLEAR,0.68,2004-04-17T01:15:08.879,Dione,https://opus.pds-rings.seti.org/holdings/previews/COISS_2xxx/COISS_2001/data/1460773930_1460912521/N1460857122_1_full.png,c3525146aa229c2532aec8e387914bf79465dbafd4c8ad0d4706baa31b303917,/Users/upadhyay/dev/ICES/object_detection_opencv_cpp/data/cassini/issna/dione/images/co-iss-n1460857122.png,true,position_only
co-iss-n1461319546,cassini,issna,dione,CLEAR,0.68,2004-04-22T09:42:09.867,Dione,https://opus.pds-rings.seti.org/holdings/previews/COISS_2xxx/COISS_2002/data/1461318318_1461450887/N1461319546_1_full.png,a88ec7da54d52ce4e654d1b50a8bc78a9d91e977ea9cecd51669e93507a02ba7,/Users/upadhyay/dev/ICES/object_detection_opencv_cpp/data/cassini/issna/dione/images/co-iss-n1461319546.png,true,position_only
co-iss-n1463414129,cassini,issna,dione,CLEAR,0.68,2004-05-16T15:31:39.225,Dione,https://opus.pds-rings.seti.org/holdings/previews/COISS_2xxx/COISS_2002/data/1463318713_1463518285/N1463414129_1_full.png,4e44213e53837cce0896368fa518ce0cbdd32a25051fa8156b819fc1c66da31e,/Users/upadhyay/dev/ICES/object_detection_opencv_cpp/data/cassini/issna/dione/images/co-iss-n1463414129.png,true,position_only
co-iss-n1464105300,cassini,issna,dione,CLEAR,0.08,2004-05-24T15:31:06.324,Dione,https://opus.pds-rings.seti.org/holdings/previews/COISS_2xxx/COISS_2003/data/1464104283_1464242370/N1464105300_2_full.png,cedebf7acb7e4a689ded74d68398d528ea25a22d39089a74f6068258f906dccd,/Users/upadhyay/dev/ICES/object_detection_opencv_cpp/data/cassini/issna/dione/images/co-iss-n1464105300.png,true,position_only
co-iss-n1464249260,cassini,issna,dione,CLEAR,0.68,2004-05-26T07:30:24.786,Dione,https://opus.pds-rings.seti.org/holdings/previews/COISS_2xxx/COISS_2003/data/1464242458_1464316864/N1464249260_1_full.png,6d567b2bfa9f3c39d484b9458d0799e36da88cc47f281fc16de1b00068e8ce43,/Users/upadhyay/dev/ICES/object_detection_opencv_cpp/data/cassini/issna/dione/images/co-iss-n1464249260.png,true,position_only
co-iss-n1464548523,cassini,issna,dione,CLEAR,0.08,2004-05-29T18:38:06.437,Dione,https://opus.pds-rings.seti.org/holdings/previews/COISS_2xxx/COISS_2003/data/1464434522_1464553765/N1464548523_2_full.png,7ea7650a575524440bf62907253ca09b04fad1a0d3ed2fd46ecc9f06974d2836,/Users/upadhyay/dev/ICES/object_detection_opencv_cpp/data/cassini/issna/dione/images/co-iss-n1464548523.png,true,position_only
co-iss-n1465024225,cassini,issna,dione,CLEAR,0.68,2004-06-04T06:46:24.739,Dione,https://opus.pds-rings.seti.org/holdings/previews/COISS_2xxx/COISS_2003/data/1464875525_1465117935/N1465024225_1_full.png,0674fe79dd1fbfcdbfe417275e5028440d144a3408d017cd2329953a937c7225,/Users/upadhyay/dev/ICES/object_detection_opencv_cpp/data/cassini/issna/dione/images/co-iss-n1465024225.png,true,position_only
co-iss-n1465737130,cassini,issna,dione,CLEAR,0.08,2004-06-12T12:48:05.696,Dione,https://opus.pds-rings.seti.org/holdings/previews/COISS_2xxx/COISS_2004/data/1465711555_1465776251/N1465737130_2_full.png,f0de3f9e63f3a6eba13afb760c043a3b79f4e0e22fce8643decdc53965418d5e,/Users/upadhyay/dev/ICES/object_detection_opencv_cpp/data/cassini/issna/dione/images/co-iss-n1465737130.png,true,position_only
co-iss-n1557228457,cassini,issna,kiviuq,UV3,82,2007-05-07T10:52:23.437,Kiviuq,https://opus.pds-rings.seti.org/holdings/previews/COISS_2xxx/COISS_2031/data/1557164967_1557237088/N1557228457_1_full.png,45b5964338deb887657d405b1938ccaaf7ac1bd0c0e765d3d4de537ce02a972e,/Users/upadhyay/dev/ICES/object_detection_opencv_cpp/data/cassini/issna/kiviuq/images/co-iss-n1557228457.png,true,false
co-iss-n1557228751,cassini,issna,kiviuq,BL1,82,2007-05-07T10:57:17.435,Kiviuq,https://opus.pds-rings.seti.org/holdings/previews/COISS_2xxx/COISS_2031/data/1557164967_1557237088/N1557228751_1_full.png,2638e078e639ef639e5c914f49408484a1ad5d35489f4f6fdbf7ddb342bf06ee,/Users/upadhyay/dev/ICES/object_detection_opencv_cpp/data/cassini/issna/kiviuq/images/co-iss-n1557228751.png,true,false
co-iss-n1557229149,cassini,issna,kiviuq,CLEAR,82,2007-05-07T11:03:55.448,Kiviuq,https://opus.pds-rings.seti.org/holdings/previews/COISS_2xxx/COISS_2031/data/1557164967_1557237088/N1557229149_1_full.png,7b9b0ef952c36f19f08f2e9523ff474c8cb7c03a53a401e7a8ead98dc96b0abf,/Users/upadhyay/dev/ICES/object_detection_opencv_cpp/data/cassini/issna/kiviuq/images/co-iss-n1557229149.png,true,false
co-iss-n1561407696,cassini,issna,kiviuq,BL1,82,2007-06-24T19:45:55.974,Kiviuq,https://opus.pds-rings.seti.org/holdings/previews/COISS_2xxx/COISS_2033/data/1561368924_1561481621/N1561407696_1_full.png,430fee434928f30c0ecb034d1206d519c770bb7231f0e2dee98414837271958c,/Users/upadhyay/dev/ICES/object_detection_opencv_cpp/data/cassini/issna/kiviuq/images/co-iss-n1561407696.png,true,false
co-iss-n1575059341,cassini,issna,kiviuq,CLEAR,82,2007-11-29T19:51:51.157,Kiviuq,https://opus.pds-rings.seti.org/holdings/previews/COISS_2xxx/COISS_2039/data/1575013831_1575085421/N1575059341_1_full.png,5a0f4593b349fc3f14238b8535545e3bcdb1616c6a3a5ad3f26d33e1aabd972a,/Users/upadhyay/dev/ICES/object_detection_opencv_cpp/data/cassini/issna/kiviuq/images/co-iss-n1575059341.png,true,false
co-iss-n1575059752,cassini,issna,kiviuq,CLEAR,82,2007-11-29T19:58:42.166,Kiviuq,https://opus.pds-rings.seti.org/holdings/previews/COISS_2xxx/COISS_2039/data/1575013831_1575085421/N1575059752_1_full.png,67f6512a8610e1c47f1b27d6caf82932d81f22bc852b599d7cf6352796855f2e,/Users/upadhyay/dev/ICES/object_detection_opencv_cpp/data/cassini/issna/kiviuq/images/co-iss-n1575059752.png,true,false
co-iss-n1575060065,cassini,issna,kiviuq,IR2,82,2007-11-29T20:03:55.168,Kiviuq,https://opus.pds-rings.seti.org/holdings/previews/COISS_2xxx/COISS_2039/data/1575013831_1575085421/N1575060065_1_full.png,fdd8af004cb9c0f05689b958cde07db9491254bd410e48231d5970f0cebaf2a5,/Users/upadhyay/dev/ICES/object_detection_opencv_cpp/data/cassini/issna/kiviuq/images/co-iss-n1575060065.png,true,false
co-iss-n1577398802,cassini,issna,kiviuq,GRN,82,2007-12-26T21:42:35.671,Kiviuq,https://opus.pds-rings.seti.org/holdings/previews/COISS_2xxx/COISS_2040/data/1577179689_1577437700/N1577398802_1_full.png,dea6733f1a899e387628d87f96c14d381dce99530c6578e2499679f2dfcf9a29,/Users/upadhyay/dev/ICES/object_detection_opencv_cpp/data/cassini/issna/kiviuq/images/co-iss-n1577398802.png,true,false
co-iss-n1577399213,cassini,issna,kiviuq,RED,82,2007-12-26T21:49:26.676,Kiviuq,https://opus.pds-rings.seti.org/holdings/previews/COISS_2xxx/COISS_2040/data/1577179689_1577437700/N1577399213_1_full.png,9ee9ec7833faf5b542a67eda66c5aff8e3d0f862e5156b30cf12205bc180bc90,/Users/upadhyay/dev/ICES/object_detection_opencv_cpp/data/cassini/issna/kiviuq/images/co-iss-n1577399213.png,true,false
co-iss-n1622685604,cassini,issna,kiviuq,CLEAR,46,2009-06-03T01:17:52.294,Kiviuq,https://opus.pds-rings.seti.org/holdings/previews/COISS_2xxx/COISS_2055/data/1622632192_1622695229/N1622685604_1_full.png,e3f8c0d1edb4eae18e17ee66a97b994c31973fa95785ff64174c7e4b6100b231,/Users/upadhyay/dev/ICES/object_detection_opencv_cpp/data/cassini/issna/kiviuq/images/co-iss-n1622685604.png,true,false
co-iss-n1622686109,cassini,issna,kiviuq,CLEAR,46,2009-06-03T01:26:17.290,Kiviuq,https://opus.pds-rings.seti.org/holdings/previews/COISS_2xxx/COISS_2055/data/1622632192_1622695229/N1622686109_1_full.png,92213445908400b3f51e15ab8fb7adcab5260883d30abc19f132bdac1b99a1bc,/Users/upadhyay/dev/ICES/object_detection_opencv_cpp/data/cassini/issna/kiviuq/images/co-iss-n1622686109.png,true,false
co-iss-n1557228555,cassini,issna,kiviuq,GRN,82,2007-05-07T10:54:01.437,Kiviuq,https://opus.pds-rings.seti.org/holdings/previews/COISS_2xxx/COISS_2031/data/1557164967_1557237088/N1557228555_1_full.png,8aebcfac02542789bf26d49774599253049a81b8e7c088c5bba635752bf1ffb5,/Users/upadhyay/dev/ICES/object_detection_opencv_cpp/data/cassini/issna/kiviuq/images/co-iss-n1557228555.png,true,false
co-iss-n1557228653,cassini,issna,kiviuq,IR1,82,2007-05-07T10:55:39.436,Kiviuq,https://opus.pds-rings.seti.org/holdings/previews/COISS_2xxx/COISS_2031/data/1557164967_1557237088/N1557228653_1_full.png,f29b635b06c6720cf8bcc20931d86b87ec7d3ed4d952b7714108384ce44cb736,/Users/upadhyay/dev/ICES/object_detection_opencv_cpp/data/cassini/issna/kiviuq/images/co-iss-n1557228653.png,true,false
co-iss-n1557228849,cassini,issna,kiviuq,IR2,82,2007-05-07T10:58:55.435,Kiviuq,https://opus.pds-rings.seti.org/holdings/previews/COISS_2xxx/COISS_2031/data/1557164967_1557237088/N1557228849_1_full.png,29b15a8f18f97d4aea192f40c060a31afef27c8fe22d68a24e4a0ce24eb825bf,/Users/upadhyay/dev/ICES/object_detection_opencv_cpp/data/cassini/issna/kiviuq/images/co-iss-n1557228849.png,true,false
co-iss-n1752968916,cassini,issna,earth,GRN,2.6,2013-07-19T22:52:45.612,Earth,https://opus.pds-rings.seti.org/holdings/previews/COISS_2xxx/COISS_2084/data/1752844715_1752973323/N1752968916_1_full.png,03db80eb63658b637d1c23511d2f1f6852e9dbbf1bc2ad6f8fa17cf1d592a0fb,/Users/upadhyay/dev/ICES/object_detection_opencv_cpp/data/cassini/issna/earth/images/co-iss-n1752968916.png,true,position_only
co-iss-n1752968964,cassini,issna,earth,BL1,12,2013-07-19T22:53:24.216,Earth,https://opus.pds-rings.seti.org/holdings/previews/COISS_2xxx/COISS_2084/data/1752844715_1752973323/N1752968964_1_full.png,66baad69006b58ec6e981f2a67ac099c8fc777100dfe18945d26da991c710b4a,/Users/upadhyay/dev/ICES/object_detection_opencv_cpp/data/cassini/issna/earth/images/co-iss-n1752968964.png,true,position_only
co-iss-n1752969019,cassini,issna,earth,RED,2,2013-07-19T22:54:29.223,Earth,https://opus.pds-rings.seti.org/holdings/previews/COISS_2xxx/COISS_2084/data/1752844715_1752973323/N1752969019_1_full.png,4ab2963361b8fbc1c196d85e776281fbd963cc0bf658fe39ed955befa4682e46,/Users/upadhyay/dev/ICES/object_detection_opencv_cpp/data/cassini/issna/earth/images/co-iss-n1752969019.png,true,position_only
co-iss-n1752969067,cassini,issna,earth,GRN,6.8,2013-07-19T22:55:12.427,Earth,https://opus.pds-rings.seti.org/holdings/previews/COISS_2xxx/COISS_2084/data/1752844715_1752973323/N1752969067_1_full.png,389085730eac181691aaca8cac79e2a07efc30cecefdbb8a5ae4ed701fb0b4fc,/Users/upadhyay/dev/ICES/object_detection_opencv_cpp/data/cassini/issna/earth/images/co-iss-n1752969067.png,true,position_only
co-iss-n1752969139,cassini,issna,earth,BL1,22,2013-07-19T22:56:09.230,Earth,https://opus.pds-rings.seti.org/holdings/previews/COISS_2xxx/COISS_2084/data/1752844715_1752973323/N1752969139_1_full.png,52922663b2528e139ed48153ae0fa3759afb5f0bd2bb24ce96d89360a6f1e136,/Users/upadhyay/dev/ICES/object_detection_opencv_cpp/data/cassini/issna/earth/images/co-iss-n1752969139.png,true,position_only
co-iss-n1752969201,cassini,issna,earth,RED,4.6,2013-07-19T22:57:28.630,Earth,https://opus.pds-rings.seti.org/holdings/previews/COISS_2xxx/COISS_2084/data/1752844715_1752973323/N1752969201_1_full.png,41de9f5408b551468b1943631156e9367cbe4674220d44a87201cf0f74f0382d,/Users/upadhyay/dev/ICES/object_detection_opencv_cpp/data/cassini/issna/earth/images/co-iss-n1752969201.png,true,position_only
co-iss-n1752969273,cassini,issna,earth,GRN,26,2013-07-19T22:58:19.229,Earth,https://opus.pds-rings.seti.org/holdings/previews/COISS_2xxx/COISS_2084/data/1752844715_1752973323/N1752969273_1_full.png,5365263e7b152c17402512d3cb260286a88212d7e8895d9ccdb75615efb70dc9,/Users/upadhyay/dev/ICES/object_detection_opencv_cpp/data/cassini/issna/earth/images/co-iss-n1752969273.png,true,position_only
co-iss-n1752969415,cassini,issna,earth,BL1,82,2013-07-19T22:59:45.232,Earth,https://opus.pds-rings.seti.org/holdings/previews/COISS_2xxx/COISS_2084/data/1752844715_1752973323/N1752969415_1_full.png,0f82773d3210cd654bb522e53e458464c4e55abbf5e5aeeecf608195c6381d3d,/Users/upadhyay/dev/ICES/object_detection_opencv_cpp/data/cassini/issna/earth/images/co-iss-n1752969415.png,true,position_only
co-iss-n1752969493,cassini,issna,earth,RED,18,2013-07-19T23:02:07.240,Earth,https://opus.pds-rings.seti.org/holdings/previews/COISS_2xxx/COISS_2084/data/1752844715_1752973323/N1752969493_1_full.png,fa9b2284805550bb4f53e6530c08b2929dfc89512c7d7930059e10382c287aa7,/Users/upadhyay/dev/ICES/object_detection_opencv_cpp/data/cassini/issna/earth/images/co-iss-n1752969493.png,true,position_only
co-iss-n1870757502,cassini,issna,earth,RED,0.18,2017-04-13T05:43:20.874,Earth,https://opus.pds-rings.seti.org/holdings/previews/COISS_2xxx/COISS_2112/data/1870722501_1870763143/N1870757502_1_full.png,1b2a5eb5693562f1ae7d7620aac01fb47332ad89978f7466fed97456867c7346,/Users/upadhyay/dev/ICES/object_detection_opencv_cpp/data/cassini/issna/earth/images/co-iss-n1870757502.png,true,position_only
co-iss-n1870757557,cassini,issna,earth,GRN,0.56,2017-04-13T05:44:15.497,Earth,https://opus.pds-rings.seti.org/holdings/previews/COISS_2xxx/COISS_2112/data/1870722501_1870763143/N1870757557_1_full.png,d181c81a26e31dc4ab2dbbbd668dc5b46c00218e7b89b40fe003ec114c76354f,/Users/upadhyay/dev/ICES/object_detection_opencv_cpp/data/cassini/issna/earth/images/co-iss-n1870757557.png,true,position_only
co-iss-n1870757621,cassini,issna,earth,BL1,2,2017-04-13T05:45:18.065,Earth,https://opus.pds-rings.seti.org/holdings/previews/COISS_2xxx/COISS_2112/data/1870722501_1870763143/N1870757621_1_full.png,daa40b13f53f7b1922046f8f3d2f4bc063d1294c0fb5acd59bf138d613e0e3fc,/Users/upadhyay/dev/ICES/object_detection_opencv_cpp/data/cassini/issna/earth/images/co-iss-n1870757621.png,true,position_only
co-iss-w1870757621,cassini,issna,earth,BL1,0.26,2017-04-13T05:45:19.805,Earth,https://opus.pds-rings.seti.org/holdings/previews/COISS_2xxx/COISS_2112/data/1870722501_1870763143/W1870757621_1_full.png,6ef7132dbfe6bf9495cfb44a9fe28cfc16ecda013bdfb246e09eef8ca7661c52,/Users/upadhyay/dev/ICES/object_detection_opencv_cpp/data/cassini/issna/earth/images/co-iss-w1870757621.png,true,position_only
co-iss-n1559968512,cassini,issna,s_2004_s_13,CLEAR,82,2007-06-08T03:59:41.103,S/2004 S 13,https://opus.pds-rings.seti.org/holdings/previews/COISS_2xxx/COISS_2032/data/1559931859_1560139498/N1559968512_1_full.png,9985e19f1271b598b34e3d3682d23ebf3ac7f0c90b48256894aee668786d8b7c,/Users/upadhyay/dev/ICES/object_detection_opencv_cpp/data/cassini/issna/s_2004_s_13/images/co-iss-n1559968512.png,true,false
co-iss-n1559968597,cassini,issna,s_2004_s_13,CLEAR,46,2007-06-08T04:01:42.106,S/2004 S 13,https://opus.pds-rings.seti.org/holdings/previews/COISS_2xxx/COISS_2032/data/1559931859_1560139498/N1559968597_1_full.png,ba464b5896544f5a1cfdda76bcacd0d4c470e3427c0de90426b6c34bf5d03526,/Users/upadhyay/dev/ICES/object_detection_opencv_cpp/data/cassini/issna/s_2004_s_13/images/co-iss-n1559968597.png,true,false
co-iss-n1559968714,cassini,issna,s_2004_s_13,CLEAR,82,2007-06-08T04:03:03.113,S/2004 S 13,https://opus.pds-rings.seti.org/holdings/previews/COISS_2xxx/COISS_2032/data/1559931859_1560139498/N1559968714_1_full.png,9785ead7f292df12b188e6a763d3ddd75c35e6c715a86abaa956ed689ec6dd33,/Users/upadhyay/dev/ICES/object_detection_opencv_cpp/data/cassini/issna/s_2004_s_13/images/co-iss-n1559968714.png,true,false
co-iss-n1559968831,cassini,issna,s_2004_s_13,CLEAR,82,2007-06-08T04:05:00.116,S/2004 S 13,https://opus.pds-rings.seti.org/holdings/previews/COISS_2xxx/COISS_2032/data/1559931859_1560139498/N1559968831_1_full.png,4463fa4db1cc0f0b5f5dec9c7042cdb3882e9a110070356d81e4a88d3be71e06,/Users/upadhyay/dev/ICES/object_detection_opencv_cpp/data/cassini/issna/s_2004_s_13/images/co-iss-n1559968831.png,true,false
co-iss-n1559968929,cassini,issna,s_2004_s_13,UV3,82,2007-06-08T04:06:38.116,S/2004 S 13,https://opus.pds-rings.seti.org/holdings/previews/COISS_2xxx/COISS_2032/data/1559931859_1560139498/N1559968929_1_full.png,e01e2d3e9db997509731fcaf5aede43093fcb3b8df54bfbc03643cc6a12300ca,/Users/upadhyay/dev/ICES/object_detection_opencv_cpp/data/cassini/issna/s_2004_s_13/images/co-iss-n1559968929.png,true,false
co-iss-n1559969027,cassini,issna,s_2004_s_13,GRN,82,2007-06-08T04:08:16.115,S/2004 S 13,https://opus.pds-rings.seti.org/holdings/previews/COISS_2xxx/COISS_2032/data/1559931859_1560139498/N1559969027_1_full.png,e334122464e4f42cb69e046cc22cde9b99677967324d203adbee9f4a1c63240f,/Users/upadhyay/dev/ICES/object_detection_opencv_cpp/data/cassini/issna/s_2004_s_13/images/co-iss-n1559969027.png,true,false
co-iss-n1559969125,cassini,issna,s_2004_s_13,IR1,82,2007-06-08T04:09:54.115,S/2004 S 13,https://opus.pds-rings.seti.org/holdings/previews/COISS_2xxx/COISS_2032/data/1559931859_1560139498/N1559969125_1_full.png,a83841b976e58e0f96f5b8c86065cf7bd5734ccb2add29d781daeeed5570e8bd,/Users/upadhyay/dev/ICES/object_detection_opencv_cpp/data/cassini/issna/s_2004_s_13/images/co-iss-n1559969125.png,true,false
co-iss-n1559969223,cassini,issna,s_2004_s_13,BL1,82,2007-06-08T04:11:32.114,S/2004 S 13,https://opus.pds-rings.seti.org/holdings/previews/COISS_2xxx/COISS_2032/data/1559931859_1560139498/N1559969223_1_full.png,b7475004b9de21ff41acefdade714471b2c72edb697b0aecf5d8f8160fc9f7dc,/Users/upadhyay/dev/ICES/object_detection_opencv_cpp/data/cassini/issna/s_2004_s_13/images/co-iss-n1559969223.png,true,false
co-iss-n1559969321,cassini,issna,s_2004_s_13,RED,82,2007-06-08T04:13:10.113,S/2004 S 13,https://opus.pds-rings.seti.org/holdings/previews/COISS_2xxx/COISS_2032/data/1559931859_1560139498/N1559969321_1_full.png,c66b6addcdf994712223f5e6d451f70f6a7a31cbde178704c65db7427eef28f9,/Users/upadhyay/dev/ICES/object_detection_opencv_cpp/data/cassini/issna/s_2004_s_13/images/co-iss-n1559969321.png,true,false
co-iss-n1559969419,cassini,issna,s_2004_s_13,IR2,82,2007-06-08T04:14:48.113,S/2004 S 13,https://opus.pds-rings.seti.org/holdings/previews/COISS_2xxx/COISS_2032/data/1559931859_1560139498/N1559969419_1_full.png,d21ad5b703312e6294f280a0317523d2d1be058e5da648674b073bb491f483f6,/Users/upadhyay/dev/ICES/object_detection_opencv_cpp/data/cassini/issna/s_2004_s_13/images/co-iss-n1559969419.png,true,false
co-iss-n1559969517,cassini,issna,s_2004_s_13,CLEAR,82,2007-06-08T04:16:26.116,S/2004 S 13,https://opus.pds-rings.seti.org/holdings/previews/COISS_2xxx/COISS_2032/data/1559931859_1560139498/N1559969517_1_full.png,3fbfc4e04bff1d20debc33ccd3b85fa41a8e25221101ea2ce28128571280e7f1,/Users/upadhyay/dev/ICES/object_detection_opencv_cpp/data/cassini/issna/s_2004_s_13/images/co-iss-n1559969517.png,true,false
co-iss-n1559969602,cassini,issna,s_2004_s_13,CLEAR,46,2007-06-08T04:18:27.119,S/2004 S 13,https://opus.pds-rings.seti.org/holdings/previews/COISS_2xxx/COISS_2032/data/1559931859_1560139498/N1559969602_1_full.png,af0914b69cd334e5fabdbff69076043e59152aa39b66838f7d3e2cdd3c132fb0,/Users/upadhyay/dev/ICES/object_detection_opencv_cpp/data/cassini/issna/s_2004_s_13/images/co-iss-n1559969602.png,true,false
co-iss-n1559969719,cassini,issna,s_2004_s_13,CLEAR,82,2007-06-08T04:19:48.119,S/2004 S 13,https://opus.pds-rings.seti.org/holdings/previews/COISS_2xxx/COISS_2032/data/1559931859_1560139498/N1559969719_1_full.png,59e79e09e82c89aad40d538c49e687b2d64dd30b45610732af398b8514161665,/Users/upadhyay/dev/ICES/object_detection_opencv_cpp/data/cassini/issna/s_2004_s_13/images/co-iss-n1559969719.png,true,false
co-iss-n1364541156,cassini,issna,unknown,CB3,0.005,2001-03-29T07:00:05.557,Unknown,https://opus.pds-rings.seti.org/holdings/previews/COISS_1xxx/COISS_1007/data/1364406506_1364543976/N1364541156_2_full.png,208ed99e4396237d60fbc997dda9ebd56ba2bf4f79deb75dc07cbf41c51cfd92,/Users/upadhyay/dev/ICES/object_detection_opencv_cpp/data/cassini/issna/unknown/images/co-iss-n1364541156.png,true,false
co-iss-n1364541255,cassini,issna,unknown,CB3,0.005,2001-03-29T07:01:44.568,Unknown,https://opus.pds-rings.seti.org/holdings/previews/COISS_1xxx/COISS_1007/data/1364406506_1364543976/N1364541255_1_full.png,4bf171cc9a930d9864caae4b88fc2bb7774ecf6b5c2a912cbe603068b4b72bbb,/Users/upadhyay/dev/ICES/object_detection_opencv_cpp/data/cassini/issna/unknown/images/co-iss-n1364541255.png,true,false
co-iss-n1364541387,cassini,issna,unknown,CB3,0.005,2001-03-29T07:03:56.586,Unknown,https://opus.pds-rings.seti.org/holdings/previews/COISS_1xxx/COISS_1007/data/1364406506_1364543976/N1364541387_1_full.png,d3e783c9299f775cdcb8e7401ae99fb308955f4e64420fe71ef1c033992b4f4a,/Users/upadhyay/dev/ICES/object_detection_opencv_cpp/data/cassini/issna/unknown/images/co-iss-n1364541387.png,true,false
co-iss-n1364541519,cassini,issna,unknown,CB3,0.005,2001-03-29T07:06:08.605,Unknown,https://opus.pds-rings.seti.org/holdings/previews/COISS_1xxx/COISS_1007/data/1364406506_1364543976/N1364541519_1_full.png,fc2b46453e9c7005fa80e7b6d945724b6d90d4bb7f0fea33c09007d6333ee45b,/Users/upadhyay/dev/ICES/object_detection_opencv_cpp/data/cassini/issna/unknown/images/co-iss-n1364541519.png,true,false
co-iss-n1364541650,cassini,issna,unknown,CB3,1,2001-03-29T07:08:18.632,Unknown,https://opus.pds-rings.seti.org/holdings/previews/COISS_1xxx/COISS_1007/data/1364406506_1364543976/N1364541650_1_full.png,e27987f2e58c0d434e83a235d5a57398c9fc10eda8f588be0824ad0870f0611a,/Users/upadhyay/dev/ICES/object_detection_opencv_cpp/data/cassini/issna/unknown/images/co-iss-n1364541650.png,true,false
co-iss-n1364541782,cassini,issna,unknown,CB3,1,2001-03-29T07:10:30.631,Unknown,https://opus.pds-rings.seti.org/holdings/previews/COISS_1xxx/COISS_1007/data/1364406506_1364543976/N1364541782_1_full.png,b7af6d2d6f00e9773c6f3a4bf3098feeed9234c3c00122c77d01c1239d599297,/Users/upadhyay/dev/ICES/object_detection_opencv_cpp/data/cassini/issna/unknown/images/co-iss-n1364541782.png,true,false
co-iss-n1364541914,cassini,issna,unknown,CB3,1,2001-03-29T07:12:42.631,Unknown,https://opus.pds-rings.seti.org/holdings/previews/COISS_1xxx/COISS_1007/data/1364406506_1364543976/N1364541914_1_full.png,17734e305ff31177513669b2020f66a3f74eaefe9523a5dbf22c809da3af4c6d,/Users/upadhyay/dev/ICES/object_detection_opencv_cpp/data/cassini/issna/unknown/images/co-iss-n1364541914.png,true,false
co-iss-n1364542045,cassini,issna,unknown,CB3,2,2001-03-29T07:14:52.634,Unknown,https://opus.pds-rings.seti.org/holdings/previews/COISS_1xxx/COISS_1007/data/1364406506_1364543976/N1364542045_1_full.png,ccf32576fe0ff06842ed1c89050b239ec7c4609845f15a62a2a58c19e06a376d,/Users/upadhyay/dev/ICES/object_detection_opencv_cpp/data/cassini/issna/unknown/images/co-iss-n1364542045.png,true,false
co-iss-n1364542177,cassini,issna,unknown,CB3,2,2001-03-29T07:17:04.637,Unknown,https://opus.pds-rings.seti.org/holdings/previews/COISS_1xxx/COISS_1007/data/1364406506_1364543976/N1364542177_2_full.png,73c5d4d7d04a0424c24c3fbb07dcd4422a5e921067cf9fd259784b2daea21409,/Users/upadhyay/dev/ICES/object_detection_opencv_cpp/data/cassini/issna/unknown/images/co-iss-n1364542177.png,true,false
co-iss-n1364542309,cassini,issna,unknown,CB3,2,2001-03-29T07:19:16.643,Unknown,https://opus.pds-rings.seti.org/holdings/previews/COISS_1xxx/COISS_1007/data/1364406506_1364543976/N1364542309_2_full.png,329402c469996b15a678616c574478e4c95ed9c41b497ad7488e0630d2e9fc5c,/Users/upadhyay/dev/ICES/object_detection_opencv_cpp/data/cassini/issna/unknown/images/co-iss-n1364542309.png,true,false
co-iss-n1364541189,cassini,issna,unknown,CB3,0.005,2001-03-29T07:00:38.556,Unknown,https://opus.pds-rings.seti.org/holdings/previews/COISS_1xxx/COISS_1007/data/1364406506_1364543976/N1364541189_2_full.png,f0f391016465a352c83cf48aa11019ee1275755e61c239e323a312b95dd860ba,/Users/upadhyay/dev/ICES/object_detection_opencv_cpp/data/cassini/issna/unknown/images/co-iss-n1364541189.png,true,false
co-iss-n1364541222,cassini,issna,unknown,CB3,0.005,2001-03-29T07:01:11.560,Unknown,https://opus.pds-rings.seti.org/holdings/previews/COISS_1xxx/COISS_1007/data/1364406506_1364543976/N1364541222_1_full.png,22fe7da0aff30f9060b0ef0428f0034f449014f5705a1506b03d8749f46afe39,/Users/upadhyay/dev/ICES/object_detection_opencv_cpp/data/cassini/issna/unknown/images/co-iss-n1364541222.png,true,false
co-iss-n1364541288,cassini,issna,unknown,CB3,0.005,2001-03-29T07:02:17.571,Unknown,https://opus.pds-rings.seti.org/holdings/previews/COISS_1xxx/COISS_1007/data/1364406506_1364543976/N1364541288_1_full.png,c9c417af6923b6e35828a19b8f5c1df2e2aa9dddf6fa46bf4f8e3a52192a810f,/Users/upadhyay/dev/ICES/object_detection_opencv_cpp/data/cassini/issna/unknown/images/co-iss-n1364541288.png,true,false
co-iss-n1455059435,cassini,issna,prometheus,CLEAR,0.68,2004-02-09T22:47:39.641,Prometheus,https://opus.pds-rings.seti.org/holdings/previews/COISS_2xxx/COISS_2001/data/1455008823_1455194311/N1455059435_1_full.png,cef299b01dffeb8fdce67210e23ae39096349ad0e8293c6804940337ed6985da,/Users/upadhyay/dev/ICES/object_detection_opencv_cpp/data/cassini/issna/prometheus/images/co-iss-n1455059435.png,true,position_only
co-iss-n1459595749,cassini,issna,prometheus,CLEAR,0.68,2004-04-02T10:52:24.094,Prometheus,https://opus.pds-rings.seti.org/holdings/previews/COISS_2xxx/COISS_2001/data/1459568642_1459652144/N1459595749_1_full.png,60fd0993f441164edd54ecde56a14d861a1f97b328536f58723c767e519cac01,/Users/upadhyay/dev/ICES/object_detection_opencv_cpp/data/cassini/issna/prometheus/images/co-iss-n1459595749.png,true,position_only
co-iss-n1462666734,cassini,issna,prometheus,CLEAR,0.68,2004-05-07T23:55:09.093,Prometheus,https://opus.pds-rings.seti.org/holdings/previews/COISS_2xxx/COISS_2002/data/1462657510_1462783154/N1462666734_1_full.png,0fa6d799efbf5ee344b5d0d3c3874f2f5bf45a48bc23b903627e758149a87d92,/Users/upadhyay/dev/ICES/object_detection_opencv_cpp/data/cassini/issna/prometheus/images/co-iss-n1462666734.png,true,position_only
co-iss-n1463931723,cassini,issna,prometheus,CLEAR,0.68,2004-05-22T15:18:09.854,Prometheus,https://opus.pds-rings.seti.org/holdings/previews/COISS_2xxx/COISS_2003/data/1463883507_1463975128/N1463931723_1_full.png,9a78013ee05822f4aac8a8f3c7ecc61c0d2750a6155a0de339a2507b7a2231af,/Users/upadhyay/dev/ICES/object_detection_opencv_cpp/data/cassini/issna/prometheus/images/co-iss-n1463931723.png,true,position_only
co-iss-n1464873324,cassini,issna,prometheus,CLEAR,0.68,2004-06-02T12:51:24.721,Prometheus,https://opus.pds-rings.seti.org/holdings/previews/COISS_2xxx/COISS_2003/data/1464768953_1464874625/N1464873324_1_full.png,539797b9b756e8f050e0722154833f73eef879cebf8aa214e7e7167f1460f737,/Users/upadhyay/dev/ICES/object_detection_opencv_cpp/data/cassini/issna/prometheus/images/co-iss-n1464873324.png,true,position_only
co-iss-n1465843875,cassini,issna,prometheus,CLEAR,0.68,2004-06-13T18:27:09.400,Prometheus,https://opus.pds-rings.seti.org/holdings/previews/COISS_2xxx/COISS_2004/data/1465777125_1465872608/N1465843875_1_full.png,6c8df3007eaee23b611c3a6b8822bb63dfd743ca2c136d842cf44c32ed822240,/Users/upadhyay/dev/ICES/object_detection_opencv_cpp/data/cassini/issna/prometheus/images/co-iss-n1465843875.png,true,position_only
co-iss-n1476039802,cassini,issna,prometheus,CLEAR,0.68,2004-10-09T18:38:09.950,Prometheus,https://opus.pds-rings.seti.org/holdings/previews/COISS_2xxx/COISS_2007/data/1475904733_1476041626/N1476039802_1_full.png,5ee5c5970585fd1ecaaa2223617aa88f3e4afc6415ebc9f4ebad65e14c18e290,/Users/upadhyay/dev/ICES/object_detection_opencv_cpp/data/cassini/issna/prometheus/images/co-iss-n1476039802.png,true,position_only
co-iss-n1476219563,cassini,issna,prometheus,CLEAR,0.68,2004-10-11T20:34:09.777,Prometheus,https://opus.pds-rings.seti.org/holdings/previews/COISS_2xxx/COISS_2007/data/1476215780_1476280548/N1476219563_1_full.png,ae622b18e4c1d097efb68c49a5783bd08da412746578b6efefae92e17485253e,/Users/upadhyay/dev/ICES/object_detection_opencv_cpp/data/cassini/issna/prometheus/images/co-iss-n1476219563.png,true,position_only
co-iss-n1476593665,cassini,issna,prometheus,CLEAR,0.68,2004-10-16T04:29:09.336,Prometheus,https://opus.pds-rings.seti.org/holdings/previews/COISS_2xxx/COISS_2007/data/1476578713_1476652907/N1476593665_1_full.png,15a9b64ecee1d504e54dbc6d563df95f34355ca63c5110b4058211e616eaefae,/Users/upadhyay/dev/ICES/object_detection_opencv_cpp/data/cassini/issna/prometheus/images/co-iss-n1476593665.png,true,position_only
co-iss-n1455655625,cassini,issna,tethys,CLEAR,0.07,2004-02-16T20:24:06.361,Tethys,https://opus.pds-rings.seti.org/holdings/previews/COISS_2xxx/COISS_2001/data/1455646698_1455855902/N1455655625_1_full.png,89b637aeae28d6a27b653e292ce2de627c480451d2802bc410acb83dc4ce1071,/Users/upadhyay/dev/ICES/object_detection_opencv_cpp/data/cassini/issna/tethys/images/co-iss-n1455655625.png,true,position_only
co-iss-n1458903806,cassini,issna,tethys,CLEAR,0.07,2004-03-25T10:40:06.170,Tethys,https://opus.pds-rings.seti.org/holdings/previews/COISS_2xxx/COISS_2001/data/1458734878_1458972595/N1458903806_2_full.png,d7a493f9cc69d85c8fc059a04acdfb961a4160b554e591d595202bb44c9b0228,/Users/upadhyay/dev/ICES/object_detection_opencv_cpp/data/cassini/issna/tethys/images/co-iss-n1458903806.png,true,position_only
co-iss-n1461540463,cassini,issna,tethys,CLEAR,0.07,2004-04-24T23:04:06.038,Tethys,https://opus.pds-rings.seti.org/holdings/previews/COISS_2xxx/COISS_2002/data/1461450920_1461551212/N1461540463_2_full.png,3ef3a976dd56a4241d4c2ebe678cbd8967e299981256588a1c529451924e2d92,/Users/upadhyay/dev/ICES/object_detection_opencv_cpp/data/cassini/issna/tethys/images/co-iss-n1461540463.png,true,position_only
co-iss-n1463475956,cassini,issna,tethys,CLEAR,0.07,2004-05-17T08:42:06.433,Tethys,https://opus.pds-rings.seti.org/holdings/previews/COISS_2xxx/COISS_2002/data/1463318713_1463518285/N1463475956_2_full.png,86215291b8e0b6775aa9978881cefad5de51f11ce27216cd06db5dbe7b424a61,/Users/upadhyay/dev/ICES/object_detection_opencv_cpp/data/cassini/issna/tethys/images/co-iss-n1463475956.png,true,position_only
co-iss-n1464230820,cassini,issna,tethys,CLEAR,0.07,2004-05-26T02:23:05.516,Tethys,https://opus.pds-rings.seti.org/holdings/previews/COISS_2xxx/COISS_2003/data/1464104283_1464242370/N1464230820_7_full.png,45f4ea20805d1931c2d6ce71db6d22265e1f622b9c778f150fb89b68c24b7bc2,/Users/upadhyay/dev/ICES/object_detection_opencv_cpp/data/cassini/issna/tethys/images/co-iss-n1464230820.png,true,position_only
co-iss-n1465324268,cassini,issna,tethys,CLEAR,0.07,2004-06-07T18:07:06.394,Tethys,https://opus.pds-rings.seti.org/holdings/previews/COISS_2xxx/COISS_2003/data/1465220516_1465356985/N1465324268_2_full.png,8dbe3d4786465102e9c2d65b970a702e49060e2a97025654d614f39f467026dd,/Users/upadhyay/dev/ICES/object_detection_opencv_cpp/data/cassini/issna/tethys/images/co-iss-n1465324268.png,true,position_only
co-iss-n1466126473,cassini,issna,tethys,CLEAR,0.07,2004-06-17T00:57:06.170,Tethys,https://opus.pds-rings.seti.org/holdings/previews/COISS_2xxx/COISS_2004/data/1465994021_1466182240/N1466126473_2_full.png,cbc147dfbec1531ae7bd4be7aae0b8a001352377d8b05c669013b8562f08ad79,/Users/upadhyay/dev/ICES/object_detection_opencv_cpp/data/cassini/issna/tethys/images/co-iss-n1466126473.png,true,position_only
co-iss-n1466445948,cassini,issna,tethys,RED,0.22,2004-06-20T17:41:38.943,Tethys,https://opus.pds-rings.seti.org/holdings/previews/COISS_2xxx/COISS_2004/data/1466219526_1466449420/N1466445948_1_full.png,faa21768acc9bc7f2fdf295f6134f6c6271ee66a4f74cf114379f6c2b25c69f6,/Users/upadhyay/dev/ICES/object_detection_opencv_cpp/data/cassini/issna/tethys/images/co-iss-n1466445948.png,true,position_only
co-iss-n1466446025,cassini,issna,tethys,GRN+P120,0.82,2004-06-20T17:42:55.354,Tethys,https://opus.pds-rings.seti.org/holdings/previews/COISS_2xxx/COISS_2004/data/1466219526_1466449420/N1466446025_1_full.png,b57aee71b0c3fa77e72d9cf9b025b67c411bc25676e321697fd45a980fdc4178,/Users/upadhyay/dev/ICES/object_detection_opencv_cpp/data/cassini/issna/tethys/images/co-iss-n1466446025.png,true,position_only
co-iss-n1466445929,cassini,issna,tethys,BL1,1,2004-06-20T17:41:19.159,Tethys,https://opus.pds-rings.seti.org/holdings/previews/COISS_2xxx/COISS_2004/data/1466219526_1466449420/N1466445929_1_full.png,7dedc539fd5d00ba6a8695b2950609656b0c7e5baa37b7f5ef88a10a15a2601d,/Users/upadhyay/dev/ICES/object_detection_opencv_cpp/data/cassini/issna/tethys/images/co-iss-n1466445929.png,true,position_only
co-iss-n1466445967,cassini,issna,tethys,GRN,0.26,2004-06-20T17:41:57.903,Tethys,https://opus.pds-rings.seti.org/holdings/previews/COISS_2xxx/COISS_2004/data/1466219526_1466449420/N1466445967_1_full.png,b7ac96f1e5433e0f9b69fff6e24ed69413eb6677592b83ef372d3322115e0eca,/Users/upadhyay/dev/ICES/object_detection_opencv_cpp/data/cassini/issna/tethys/images/co-iss-n1466445967.png,true,position_only
co-iss-n1466445987,cassini,issna,tethys,GRN+P0,0.82,2004-06-20T17:42:17.350,Tethys,https://opus.pds-rings.seti.org/holdings/previews/COISS_2xxx/COISS_2004/data/1466219526_1466449420/N1466445987_1_full.png,15f1b080265339648ac38b163f3810616d115d31a14b469f3525797f4c69fb57,/Users/upadhyay/dev/ICES/object_detection_opencv_cpp/data/cassini/issna/tethys/images/co-iss-n1466445987.png,true,position_only
co-iss-n1454730479,cassini,issna,mimas,CLEAR,0.12,2004-02-06T03:25:06.347,Mimas,https://opus.pds-rings.seti.org/holdings/previews/COISS_2xxx/COISS_2001/data/1454725799_1455008789/N1454730479_1_full.png,2f46a080fc6d33d8174834352baa334c371f51881bdf9d9ab64df321ed8e7dc2,/Users/upadhyay/dev/ICES/object_detection_opencv_cpp/data/cassini/issna/mimas/images/co-iss-n1454730479.png,true,position_only
co-iss-n1455892746,cassini,issna,mimas,CLEAR,0.12,2004-02-19T14:16:05.764,Mimas,https://opus.pds-rings.seti.org/holdings/previews/COISS_2xxx/COISS_2001/data/1455855935_1456049320/N1455892746_2_full.png,6e35d8f3dfb1ed7077fb4c29302ec15926e9b8407329cfec7c8f1590e5dd1ad1,/Users/upadhyay/dev/ICES/object_detection_opencv_cpp/data/cassini/issna/mimas/images/co-iss-n1455892746.png,true,position_only
co-iss-n1458349882,cassini,issna,mimas,CLEAR,0.12,2004-03-19T00:48:05.734,Mimas,https://opus.pds-rings.seti.org/holdings/previews/COISS_2xxx/COISS_2001/data/1458209304_1458461116/N1458349882_1_full.png,f975cae64d60f6ac61dc0196198fc3989ac4264f4108a0ed0b1e870d8a7ccdb2,/Users/upadhyay/dev/ICES/object_detection_opencv_cpp/data/cassini/issna/mimas/images/co-iss-n1458349882.png,true,position_only
co-iss-n1459817252,cassini,issna,mimas,CLEAR,0.12,2004-04-05T00:24:06.212,Mimas,https://opus.pds-rings.seti.org/holdings/previews/COISS_2xxx/COISS_2001/data/1459759083_1459921527/N1459817252_2_full.png,d941908d3e8e8f1f08757df0dd443bd5211c08a4b77d9da5b7e971ef7ad1bc30,/Users/upadhyay/dev/ICES/object_detection_opencv_cpp/data/cassini/issna/mimas/images/co-iss-n1459817252.png,true,position_only
co-iss-n1461313661,cassini,issna,mimas,CLEAR,0.12,2004-04-22T08:04:05.466,Mimas,https://opus.pds-rings.seti.org/holdings/previews/COISS_2xxx/COISS_2002/data/1461194010_1461318283/N1461313661_2_full.png,11df2788f3c8981b930a6d5b9707511d2ef9fc91a765fb8831f02e147d289fe6,/Users/upadhyay/dev/ICES/object_detection_opencv_cpp/data/cassini/issna/mimas/images/co-iss-n1461313661.png,true,position_only
co-iss-n1463476856,cassini,issna,mimas,CLEAR,0.12,2004-05-17T08:57:06.377,Mimas,https://opus.pds-rings.seti.org/holdings/previews/COISS_2xxx/COISS_2002/data/1463318713_1463518285/N1463476856_2_full.png,a91155188ea7515fcc98f4355e177b238cdcc99c3a260a1033e1a0fb06fea3de,/Users/upadhyay/dev/ICES/object_detection_opencv_cpp/data/cassini/issna/mimas/images/co-iss-n1463476856.png,true,position_only
co-iss-n1463932919,cassini,issna,mimas,CLEAR,0.12,2004-05-22T15:38:06.406,Mimas,https://opus.pds-rings.seti.org/holdings/previews/COISS_2xxx/COISS_2003/data/1463883507_1463975128/N1463932919_2_full.png,2aefe764466b01761d56b9289919c034bad4bfe161702bac8b1ddef6ecf398e8,/Users/upadhyay/dev/ICES/object_detection_opencv_cpp/data/cassini/issna/mimas/images/co-iss-n1463932919.png,true,position_only
co-iss-n1465064766,cassini,issna,mimas,CLEAR,0.12,2004-06-04T18:02:06.035,Mimas,https://opus.pds-rings.seti.org/holdings/previews/COISS_2xxx/COISS_2003/data/1464875525_1465117935/N1465064766_2_full.png,8216a7b968f7d42d20f72c72eca6acf3c7e12e039c2989acbb7931eb941b4df0,/Users/upadhyay/dev/ICES/object_detection_opencv_cpp/data/cassini/issna/mimas/images/co-iss-n1465064766.png,true,position_only
co-iss-n1562857389,cassini,issna,erriapus,UV3,82,2007-07-11T14:27:19.810,Erriapus,https://opus.pds-rings.seti.org/holdings/previews/COISS_2xxx/COISS_2034/data/1562845752_1563027330/N1562857389_1_full.png,fd9e8119ad66b0a837cd8e76a4c4a58d7a59145501b1474c9d22999c29735e81,/Users/upadhyay/dev/ICES/object_detection_opencv_cpp/data/cassini/issna/erriapus/images/co-iss-n1562857389.png,true,false
co-iss-n1562857781,cassini,issna,erriapus,RED,82,2007-07-11T14:33:51.808,Erriapus,https://opus.pds-rings.seti.org/holdings/previews/COISS_2xxx/COISS_2034/data/1562845752_1563027330/N1562857781_1_full.png,3b090ddabde6f23da04eb182cdf9e4e10739db6e5a8b0a99dad70eab09c15823,/Users/upadhyay/dev/ICES/object_detection_opencv_cpp/data/cassini/issna/erriapus/images/co-iss-n1562857781.png,true,false
co-iss-n1562858179,cassini,issna,erriapus,CLEAR,82,2007-07-11T14:40:29.821,Erriapus,https://opus.pds-rings.seti.org/holdings/previews/COISS_2xxx/COISS_2034/data/1562845752_1563027330/N1562858179_1_full.png,2261d33993706619917d758b61eadb7e7ab25a4d7eb22b0bb5ebe7638dedfacd,/Users/upadhyay/dev/ICES/object_detection_opencv_cpp/data/cassini/issna/erriapus/images/co-iss-n1562858179.png,true,false
co-iss-n1574793242,cassini,issna,erriapus,GRN,82,2007-11-26T17:56:54.064,Erriapus,https://opus.pds-rings.seti.org/holdings/previews/COISS_2xxx/COISS_2039/data/1574712106_1575013798/N1574793242_1_full.png,5f865a5b4dc37f5ea68b79e8ba440ddfb2a1d59a020152c414b1643df7ba2644,/Users/upadhyay/dev/ICES/object_detection_opencv_cpp/data/cassini/issna/erriapus/images/co-iss-n1574793242.png,true,false
co-iss-n1574793751,cassini,issna,erriapus,IR2,82,2007-11-26T18:05:23.069,Erriapus,https://opus.pds-rings.seti.org/holdings/previews/COISS_2xxx/COISS_2039/data/1574712106_1575013798/N1574793751_1_full.png,87af2c0ff6504b2376dff300177bd8138c628aac7aa1e045226292c77af77ab0,/Users/upadhyay/dev/ICES/object_detection_opencv_cpp/data/cassini/issna/erriapus/images/co-iss-n1574793751.png,true,false
co-iss-n1574794162,cassini,issna,erriapus,CLEAR,82,2007-11-26T18:12:14.081,Erriapus,https://opus.pds-rings.seti.org/holdings/previews/COISS_2xxx/COISS_2039/data/1574712106_1575013798/N1574794162_1_full.png,5cfa4a374bb96099377de4114cd71b51c3a94c9cbc849724f12db51a63932b07,/Users/upadhyay/dev/ICES/object_detection_opencv_cpp/data/cassini/issna/erriapus/images/co-iss-n1574794162.png,true,false
co-iss-n1574794592,cassini,issna,erriapus,CLEAR,82,2007-11-26T18:19:24.094,Erriapus,https://opus.pds-rings.seti.org/holdings/previews/COISS_2xxx/COISS_2039/data/1574712106_1575013798/N1574794592_1_full.png,cc927f4e74e88e931933d6508658b3757258098017aaae083d0149995804e55b,/Users/upadhyay/dev/ICES/object_detection_opencv_cpp/data/cassini/issna/erriapus/images/co-iss-n1574794592.png,true,false
co-iss-n1562857487,cassini,issna,erriapus,GRN,82,2007-07-11T14:28:57.810,Erriapus,https://opus.pds-rings.seti.org/holdings/previews/COISS_2xxx/COISS_2034/data/1562845752_1563027330/N1562857487_1_full.png,0e52156a843a86de6a65a1db282920d4cd2029dac6d1ad9524fd50322b1b6edb,/Users/upadhyay/dev/ICES/object_detection_opencv_cpp/data/cassini/issna/erriapus/images/co-iss-n1562857487.png,true,false
co-iss-n1562857585,cassini,issna,erriapus,IR1,82,2007-07-11T14:30:35.809,Erriapus,https://opus.pds-rings.seti.org/holdings/previews/COISS_2xxx/COISS_2034/data/1562845752_1563027330/N1562857585_1_full.png,e1f2905da397f3e7b2e91fffa6c3b2e7c7da5e49ea832b6e22ddc51682fd88c7,/Users/upadhyay/dev/ICES/object_detection_opencv_cpp/data/cassini/issna/erriapus/images/co-iss-n1562857585.png,true,false
co-iss-n1562857683,cassini,issna,erriapus,BL1,82,2007-07-11T14:32:13.809,Erriapus,https://opus.pds-rings.seti.org/holdings/previews/COISS_2xxx/COISS_2034/data/1562845752_1563027330/N1562857683_1_full.png,0a96965c195e238bf01785bf43f5a0007714b92407de724766fc6556edb1eef5,/Users/upadhyay/dev/ICES/object_detection_opencv_cpp/data/cassini/issna/erriapus/images/co-iss-n1562857683.png,true,false
co-iss-n1557900580,cassini,issna,ijiraq,CLEAR,82,2007-05-15T05:34:22.181,Ijiraq,https://opus.pds-rings.seti.org/holdings/previews/COISS_2xxx/COISS_2032/data/1557847551_1557922927/N1557900580_1_full.png,0335bcf52db90ae8e82aff75a56e4ee0b24c7d21c655f7dfaee943780398c236,/Users/upadhyay/dev/ICES/object_detection_opencv_cpp/data/cassini/issna/ijiraq/images/co-iss-n1557900580.png,true,false
co-iss-n1557901010,cassini,issna,ijiraq,IR1,82,2007-05-15T05:41:32.186,Ijiraq,https://opus.pds-rings.seti.org/holdings/previews/COISS_2xxx/COISS_2032/data/1557847551_1557922927/N1557901010_1_full.png,24461fa2ea7909012c35acebd6f4ed99a67d85266959750d401c8f99fa20268b,/Users/upadhyay/dev/ICES/object_detection_opencv_cpp/data/cassini/issna/ijiraq/images/co-iss-n1557901010.png,true,false
co-iss-n1557901389,cassini,issna,ijiraq,CLEAR,46,2007-05-15T05:48:27.192,Ijiraq,https://opus.pds-rings.seti.org/holdings/previews/COISS_2xxx/COISS_2032/data/1557847551_1557922927/N1557901389_1_full.png,a1827c9c35fd55adb33e79dc2ab661bec47c34b79827cae2dea554ee86e2d116,/Users/upadhyay/dev/ICES/object_detection_opencv_cpp/data/cassini/issna/ijiraq/images/co-iss-n1557901389.png,true,false
co-iss-n1579032524,cassini,issna,ijiraq,GRN,82,2008-01-14T19:31:06.121,Ijiraq,https://opus.pds-rings.seti.org/holdings/previews/COISS_2xxx/COISS_2041/data/1579027946_1579170338/N1579032524_1_full.png,85af4ec6a7869b4e9238384f2809c8e4c993d86e6a683a132b52e459ad5af395,/Users/upadhyay/dev/ICES/object_detection_opencv_cpp/data/cassini/issna/ijiraq/images/co-iss-n1579032524.png,true,false
co-iss-n1579032982,cassini,issna,ijiraq,IR2,82,2008-01-14T19:38:44.129,Ijiraq,https://opus.pds-rings.seti.org/holdings/previews/COISS_2xxx/COISS_2041/data/1579027946_1579170338/N1579032982_1_full.png,6ecd5aa6a3d9519edcd82b4ced7267e020fbe8cb7f7dcbc1765b6f002cdd7565,/Users/upadhyay/dev/ICES/object_detection_opencv_cpp/data/cassini/issna/ijiraq/images/co-iss-n1579032982.png,true,false
co-iss-n1631614576,cassini,issna,ijiraq,CLEAR,82,2009-09-14T09:32:24.879,Ijiraq,https://opus.pds-rings.seti.org/holdings/previews/COISS_2xxx/COISS_2057/data/1631536097_1632169224/N1631614576_1_full.png,7c1bcda106fa63f74314b25555e33cbddd082a04d48fa7e591371d5667f3e4fa,/Users/upadhyay/dev/ICES/object_detection_opencv_cpp/data/cassini/issna/ijiraq/images/co-iss-n1631614576.png,true,false
co-iss-n1631615222,cassini,issna,ijiraq,CLEAR,82,2009-09-14T09:43:10.886,Ijiraq,https://opus.pds-rings.seti.org/holdings/previews/COISS_2xxx/COISS_2057/data/1631536097_1632169224/N1631615222_1_full.png,cc9f0d931ac2c746c7fc81ae46d919fc1556875183f6caf360525f7ba206b200,/Users/upadhyay/dev/ICES/object_detection_opencv_cpp/data/cassini/issna/ijiraq/images/co-iss-n1631615222.png,true,false
co-iss-n1557900697,cassini,issna,ijiraq,CLEAR,82,2007-05-15T05:36:19.181,Ijiraq,https://opus.pds-rings.seti.org/holdings/previews/COISS_2xxx/COISS_2032/data/1557847551_1557922927/N1557900697_1_full.png,6ada9fb64ed605e93f01b5bfea98625bd641590d3e2f4f2c339d2d4a2bab7e9e,/Users/upadhyay/dev/ICES/object_detection_opencv_cpp/data/cassini/issna/ijiraq/images/co-iss-n1557900697.png,true,false
co-iss-n1557900814,cassini,issna,ijiraq,UV3,82,2007-05-15T05:38:16.188,Ijiraq,https://opus.pds-rings.seti.org/holdings/previews/COISS_2xxx/COISS_2032/data/1557847551_1557922927/N1557900814_1_full.png,cb3332629e4b2e1ffe19489575010b0c34163af5802b7df7b51b325ba9ab5f09,/Users/upadhyay/dev/ICES/object_detection_opencv_cpp/data/cassini/issna/ijiraq/images/co-iss-n1557900814.png,true,false
co-iss-n1557900912,cassini,issna,ijiraq,GRN,82,2007-05-15T05:39:54.187,Ijiraq,https://opus.pds-rings.seti.org/holdings/previews/COISS_2xxx/COISS_2032/data/1557847551_1557922927/N1557900912_1_full.png,59b57414976cce122691e52aa77327b215719916d0818bb9caa0f04d26403ace,/Users/upadhyay/dev/ICES/object_detection_opencv_cpp/data/cassini/issna/ijiraq/images/co-iss-n1557900912.png,true,false
co-iss-n1559769196,cassini,issna,paaliaq,CLEAR,82,2007-06-05T20:37:46.349,Paaliaq,https://opus.pds-rings.seti.org/holdings/previews/COISS_2xxx/COISS_2032/data/1559710457_1559931672/N1559769196_1_full.png,77317c191f0eec7e8cd53cafc20d3fda9c03b00759e6120ef9725e64181c3424,/Users/upadhyay/dev/ICES/object_detection_opencv_cpp/data/cassini/issna/paaliaq/images/co-iss-n1559769196.png,true,false
co-iss-n1559769588,cassini,issna,paaliaq,CLEAR,82,2007-06-05T20:44:18.347,Paaliaq,https://opus.pds-rings.seti.org/holdings/previews/COISS_2xxx/COISS_2032/data/1559710457_1559931672/N1559769588_1_full.png,4ac930654d448c700019934c133b768fad6627f6927f3e86c8f92dff1e20c91c,/Users/upadhyay/dev/ICES/object_detection_opencv_cpp/data/cassini/issna/paaliaq/images/co-iss-n1559769588.png,true,false
co-iss-n1559769980,cassini,issna,paaliaq,CLEAR,82,2007-06-05T20:50:50.344,Paaliaq,https://opus.pds-rings.seti.org/holdings/previews/COISS_2xxx/COISS_2032/data/1559710457_1559931672/N1559769980_1_full.png,ac2ce2db61a20ad3c5ea52bb661ae64d3f972169d916c4508a214079f0398f43,/Users/upadhyay/dev/ICES/object_detection_opencv_cpp/data/cassini/issna/paaliaq/images/co-iss-n1559769980.png,true,false
co-iss-n1559770372,cassini,issna,paaliaq,CLEAR,82,2007-06-05T20:57:22.342,Paaliaq,https://opus.pds-rings.seti.org/holdings/previews/COISS_2xxx/COISS_2032/data/1559710457_1559931672/N1559770372_1_full.png,3b6b3e0723550b1fa73617814cc02b90e444f1de46fa402e6d773afed5966f35,/Users/upadhyay/dev/ICES/object_detection_opencv_cpp/data/cassini/issna/paaliaq/images/co-iss-n1559770372.png,true,false
co-iss-n1559770862,cassini,issna,paaliaq,CLEAR,82,2007-06-05T21:05:32.346,Paaliaq,https://opus.pds-rings.seti.org/holdings/previews/COISS_2xxx/COISS_2032/data/1559710457_1559931672/N1559770862_1_full.png,3b1c14505bbd4f33b724a89eff6c7a5274641707d20fc8dc6283800aa4e43c11,/Users/upadhyay/dev/ICES/object_detection_opencv_cpp/data/cassini/issna/paaliaq/images/co-iss-n1559770862.png,true,false
co-iss-n1575063821,cassini,issna,paaliaq,CLEAR,82,2007-11-29T21:06:31.126,Paaliaq,https://opus.pds-rings.seti.org/holdings/previews/COISS_2xxx/COISS_2039/data/1575013831_1575085421/N1575063821_1_full.png,c7c2eae925285037c8a012e8f02647b22bd009e503ff65b07c4d5e56bd796ba3,/Users/upadhyay/dev/ICES/object_detection_opencv_cpp/data/cassini/issna/paaliaq/images/co-iss-n1575063821.png,true,false
co-iss-n1575064459,cassini,issna,paaliaq,CLEAR,82,2007-11-29T21:17:09.129,Paaliaq,https://opus.pds-rings.seti.org/holdings/previews/COISS_2xxx/COISS_2039/data/1575013831_1575085421/N1575064459_1_full.png,1d3deac78edf95ee1ef2494dbbcb3b5685de11a9b5c51ab80d448259a025932c,/Users/upadhyay/dev/ICES/object_detection_opencv_cpp/data/cassini/issna/paaliaq/images/co-iss-n1575064459.png,true,false
co-iss-n1559769294,cassini,issna,paaliaq,UV3,82,2007-06-05T20:39:24.349,Paaliaq,https://opus.pds-rings.seti.org/holdings/previews/COISS_2xxx/COISS_2032/data/1559710457_1559931672/N1559769294_1_full.png,c3882ecaf8c6ae2fd56471e438a42cf95f2065f639113eb78c949473089cb7d6,/Users/upadhyay/dev/ICES/object_detection_opencv_cpp/data/cassini/issna/paaliaq/images/co-iss-n1559769294.png,true,false
co-iss-n1559769392,cassini,issna,paaliaq,GRN,82,2007-06-05T20:41:02.348,Paaliaq,https://opus.pds-rings.seti.org/holdings/previews/COISS_2xxx/COISS_2032/data/1559710457_1559931672/N1559769392_1_full.png,9e8b80adb2174fd32012bb47924a29aad2babe2c9193be9dbf7862ab12a465e5,/Users/upadhyay/dev/ICES/object_detection_opencv_cpp/data/cassini/issna/paaliaq/images/co-iss-n1559769392.png,true,false
co-iss-n1559769490,cassini,issna,paaliaq,IR1,82,2007-06-05T20:42:40.347,Paaliaq,https://opus.pds-rings.seti.org/holdings/previews/COISS_2xxx/COISS_2032/data/1559710457_1559931672/N1559769490_1_full.png,1058b0052ce78116ece5c243b2e4b326636b9b1c0b63b23d15b007e9ec19eb93,/Users/upadhyay/dev/ICES/object_detection_opencv_cpp/data/cassini/issna/paaliaq/images/co-iss-n1559769490.png,true,false
co-iss-n1577551398,cassini,issna,albiorix,CLEAR,82,2007-12-28T16:05:50.585,Albiorix,https://opus.pds-rings.seti.org/holdings/previews/COISS_2xxx/COISS_2040/data/1577451795_1577641583/N1577551398_1_full.png,c35d481e106781f07d638309233a1c75f734332b4d037245236381347880a81a,/Users/upadhyay/dev/ICES/object_detection_opencv_cpp/data/cassini/issna/albiorix/images/co-iss-n1577551398.png,true,false
co-iss-n1577551809,cassini,issna,albiorix,IR1,82,2007-12-28T16:12:41.590,Albiorix,https://opus.pds-rings.seti.org/holdings/previews/COISS_2xxx/COISS_2040/data/1577451795_1577641583/N1577551809_1_full.png,1d686771e3a83f184aef5e3046373faf39e685c7cc3303699005e475830f70fe,/Users/upadhyay/dev/ICES/object_detection_opencv_cpp/data/cassini/issna/albiorix/images/co-iss-n1577551809.png,true,false
co-iss-n1577552318,cassini,issna,albiorix,RED,82,2007-12-28T16:21:10.594,Albiorix,https://opus.pds-rings.seti.org/holdings/previews/COISS_2xxx/COISS_2040/data/1577451795_1577641583/N1577552318_1_full.png,ae629a98e2c30a71b8b2d4aecc1737c599365634b8fbcf7af24c6cc944ac197e,/Users/upadhyay/dev/ICES/object_detection_opencv_cpp/data/cassini/issna/albiorix/images/co-iss-n1577552318.png,true,false
co-iss-n1650145965,cassini,issna,albiorix,CLEAR,82,2010-04-16T21:06:42.163,Albiorix,https://opus.pds-rings.seti.org/holdings/previews/COISS_2xxx/COISS_2062/data/1649655448_1650199130/N1650145965_1_full.png,e83ea52745ef6cc272a2b4ec379faf7b4417ef8f43b13537d49fdb50e3d0e3a7,/Users/upadhyay/dev/ICES/object_detection_opencv_cpp/data/cassini/issna/albiorix/images/co-iss-n1650145965.png,true,false
co-iss-n1650147103,cassini,issna,albiorix,IR1,180,2010-04-16T21:24:02.182,Albiorix,https://opus.pds-rings.seti.org/holdings/previews/COISS_2xxx/COISS_2062/data/1649655448_1650199130/N1650147103_1_full.png,387cc97ec0c3987fd178dae30fac32bab69523b8727535474f904c71df1ab8fe,/Users/upadhyay/dev/ICES/object_detection_opencv_cpp/data/cassini/issna/albiorix/images/co-iss-n1650147103.png,true,false
co-iss-n1650147783,cassini,issna,albiorix,RED,180,2010-04-16T21:35:22.185,Albiorix,https://opus.pds-rings.seti.org/holdings/previews/COISS_2xxx/COISS_2062/data/1649655448_1650199130/N1650147783_1_full.png,8267fb5de965ff55bdacb7f273268a0c5b7553aec816bf60a27f3b4544121225,/Users/upadhyay/dev/ICES/object_detection_opencv_cpp/data/cassini/issna/albiorix/images/co-iss-n1650147783.png,true,false
co-iss-n1577551515,cassini,issna,albiorix,CLEAR,82,2007-12-28T16:07:47.592,Albiorix,https://opus.pds-rings.seti.org/holdings/previews/COISS_2xxx/COISS_2040/data/1577451795_1577641583/N1577551515_1_full.png,0dcfd3c1cfec1297d4b20c8de0bba25166ac7f1937611cca32d2160ec04c4284,/Users/upadhyay/dev/ICES/object_detection_opencv_cpp/data/cassini/issna/albiorix/images/co-iss-n1577551515.png,true,false
co-iss-n1577551613,cassini,issna,albiorix,UV3,82,2007-12-28T16:09:25.591,Albiorix,https://opus.pds-rings.seti.org/holdings/previews/COISS_2xxx/COISS_2040/data/1577451795_1577641583/N1577551613_1_full.png,4161227b065383935701754756fb4ec0f519cf1ca835cc118bf19944154215f6,/Users/upadhyay/dev/ICES/object_detection_opencv_cpp/data/cassini/issna/albiorix/images/co-iss-n1577551613.png,true,false
co-iss-n1577551711,cassini,issna,albiorix,GRN,82,2007-12-28T16:11:03.590,Albiorix,https://opus.pds-rings.seti.org/holdings/previews/COISS_2xxx/COISS_2040/data/1577451795_1577641583/N1577551711_1_full.png,9c39e8f0f1db3cd17d855bfcd6d71d0a22088f980318773acb6bc6adb0dc2082,/Users/upadhyay/dev/ICES/object_detection_opencv_cpp/data/cassini/issna/albiorix/images/co-iss-n1577551711.png,true,false
co-iss-n1558091911,cassini,issna,bestla,CLEAR,180,2007-05-17T10:41:33.970,Bestla,https://opus.pds-rings.seti.org/holdings/previews/COISS_2xxx/COISS_2032/data/1557923015_1558291986/N1558091911_1_full.png,2f1ac811f59fd211218702def4e415e8f453684c584619dae23ab8ca7115959f,/Users/upadhyay/dev/ICES/object_detection_opencv_cpp/data/cassini/issna/bestla/images/co-iss-n1558091911.png,true,false
co-iss-n1558092335,cassini,issna,bestla,IR1,82,2007-05-17T10:50:15.979,Bestla,https://opus.pds-rings.seti.org/holdings/previews/COISS_2xxx/COISS_2032/data/1557923015_1558291986/N1558092335_1_full.png,99fa329728d0e240d3dbab46c94148d240d154d5723a562b3776a1032fb23501,/Users/upadhyay/dev/ICES/object_detection_opencv_cpp/data/cassini/issna/bestla/images/co-iss-n1558092335.png,true,false
co-iss-n1558092921,cassini,issna,bestla,CLEAR,82,2007-05-17T11:00:01.983,Bestla,https://opus.pds-rings.seti.org/holdings/previews/COISS_2xxx/COISS_2032/data/1557923015_1558291986/N1558092921_1_full.png,419104b81d416e44657a72c71158d4215a7f4a4209d08da0681d4783b13da0c1,/Users/upadhyay/dev/ICES/object_detection_opencv_cpp/data/cassini/issna/bestla/images/co-iss-n1558092921.png,true,false
co-iss-n1630679690,cassini,issna,bestla,CLEAR,56,2009-09-03T13:51:31.443,Bestla,https://opus.pds-rings.seti.org/holdings/previews/COISS_2xxx/COISS_2057/data/1630637151_1630719824/N1630679690_1_full.png,69bd813882fefd9a0c68302101ea9c35a81a6fac809d1efbfc2f38f898fb460e,/Users/upadhyay/dev/ICES/object_detection_opencv_cpp/data/cassini/issna/bestla/images/co-iss-n1630679690.png,true,false
co-iss-n1634894328,cassini,issna,bestla,CLEAR,82,2009-10-22T08:34:33.959,Bestla,https://opus.pds-rings.seti.org/holdings/previews/COISS_2xxx/COISS_2058/data/1634807522_1634904500/N1634894328_1_full.png,5f23b95989fef62c6444b439d5979b9c497b64f4265b9eda0fb136a490839406,/Users/upadhyay/dev/ICES/object_detection_opencv_cpp/data/cassini/issna/bestla/images/co-iss-n1634894328.png,true,false
co-iss-n1558092041,cassini,issna,bestla,GRN,100,2007-05-17T10:45:03.977,Bestla,https://opus.pds-rings.seti.org/holdings/previews/COISS_2xxx/COISS_2032/data/1557923015_1558291986/N1558092041_1_full.png,522c7ae9d7d9eab6c900309597d43fc39634b1535f5d11642bcb661292f268e5,/Users/upadhyay/dev/ICES/object_detection_opencv_cpp/data/cassini/issna/bestla/images/co-iss-n1558092041.png,true,false
co-iss-n1558092139,cassini,issna,bestla,UV3,82,2007-05-17T10:46:59.980,Bestla,https://opus.pds-rings.seti.org/holdings/previews/COISS_2xxx/COISS_2032/data/1557923015_1558291986/N1558092139_1_full.png,9fb7e9b9b4f1269ae38af94f623bfd6be1aa4e7a20699c080660194ef91eaf59,/Users/upadhyay/dev/ICES/object_detection_opencv_cpp/data/cassini/issna/bestla/images/co-iss-n1558092139.png,true,false
co-iss-n1558092237,cassini,issna,bestla,GRN,82,2007-05-17T10:48:37.979,Bestla,https://opus.pds-rings.seti.org/holdings/previews/COISS_2xxx/COISS_2032/data/1557923015_1558291986/N1558092237_1_full.png,86191fe3288722b106efbd25ff3947ac7873c98c10c2962e63b7eb3f8176705b,/Users/upadhyay/dev/ICES/object_detection_opencv_cpp/data/cassini/issna/bestla/images/co-iss-n1558092237.png,true,false
co-iss-n1455060065,cassini,issna,epimetheus,CLEAR,0.68,2004-02-09T22:58:09.637,Epimetheus,https://opus.pds-rings.seti.org/holdings/previews/COISS_2xxx/COISS_2001/data/1455008823_1455194311/N1455060065_1_full.png,5f882cfd3267a40c15252cb7439a732392dc289ea0f56ce7e214c46aed0db775,/Users/upadhyay/dev/ICES/object_detection_opencv_cpp/data/cassini/issna/epimetheus/images/co-iss-n1455060065.png,true,position_only
co-iss-n1459823196,cassini,issna,epimetheus,CLEAR,0.68,2004-04-05T02:03:09.613,Epimetheus,https://opus.pds-rings.seti.org/holdings/previews/COISS_2xxx/COISS_2001/data/1459759083_1459921527/N1459823196_1_full.png,e63205705449a2ba571b1315b4afd959427d897725ffc74b994fe6bb781d4e9a,/Users/upadhyay/dev/ICES/object_detection_opencv_cpp/data/cassini/issna/epimetheus/images/co-iss-n1459823196.png,true,position_only
co-iss-n1462666134,cassini,issna,epimetheus,CLEAR,0.68,2004-05-07T23:45:09.097,Epimetheus,https://opus.pds-rings.seti.org/holdings/previews/COISS_2xxx/COISS_2002/data/1462657510_1462783154/N1462666134_1_full.png,44973706357ebcfbc36bf0dc9864907b8f8f9c72417ee81b53e6a70446024de8,/Users/upadhyay/dev/ICES/object_detection_opencv_cpp/data/cassini/issna/epimetheus/images/co-iss-n1462666134.png,true,position_only
co-iss-n1464707318,cassini,issna,epimetheus,CLEAR,0.68,2004-05-31T14:44:39.803,Epimetheus,https://opus.pds-rings.seti.org/holdings/previews/COISS_2xxx/COISS_2003/data/1464620747_1464768633/N1464707318_1_full.png,f9c108b6514e53f17f14bd7cf7e028105ebae0948fe1edb5c4d8725c38fd1340,/Users/upadhyay/dev/ICES/object_detection_opencv_cpp/data/cassini/issna/epimetheus/images/co-iss-n1464707318.png,true,position_only
co-iss-n1465955506,cassini,issna,epimetheus,CLEAR,0.68,2004-06-15T01:27:39.673,Epimetheus,https://opus.pds-rings.seti.org/holdings/previews/COISS_2xxx/COISS_2004/data/1465872648_1465993901/N1465955506_1_full.png,46578fe59f3cfa67b17dcbb33e7d828fbf2258e229f8338d94cea658765c36bf,/Users/upadhyay/dev/ICES/object_detection_opencv_cpp/data/cassini/issna/epimetheus/images/co-iss-n1465955506.png,true,position_only
co-iss-n1458075024,cassini,issna,helene,CLEAR,0.68,2004-03-15T20:27:08.967,Helene,https://opus.pds-rings.seti.org/holdings/previews/COISS_2xxx/COISS_2001/data/1458023716_1458209270/N1458075024_1_full.png,78bc37140f90ad4853b114aac76f543bceaadbca4daaa6e9e20acdef235eafc1,/Users/upadhyay/dev/ICES/object_detection_opencv_cpp/data/cassini/issna/helene/images/co-iss-n1458075024.png,true,position_only
co-iss-n1465024510,cassini,issna,helene,CLEAR,0.68,2004-06-04T06:51:09.737,Helene,https://opus.pds-rings.seti.org/holdings/previews/COISS_2xxx/COISS_2003/data/1464875525_1465117935/N1465024510_1_full.png,6d8b0541399857ed00bf857de0a38be192c005daa3f0d2f92d66bbfa80ad4a20,/Users/upadhyay/dev/ICES/object_detection_opencv_cpp/data/cassini/issna/helene/images/co-iss-n1465024510.png,true,position_only
co-iss-n1476554935,cassini,issna,helene,CLEAR,0.68,2004-10-15T17:43:39.589,Helene,https://opus.pds-rings.seti.org/holdings/previews/COISS_2xxx/COISS_2007/data/1476532007_1476558447/N1476554935_1_full.png,870227222ff4f246b6163b6d712017d1d8c7db3f10532e54b3f4f9c46a41b4c4,/Users/upadhyay/dev/ICES/object_detection_opencv_cpp/data/cassini/issna/helene/images/co-iss-n1476554935.png,true,position_only
co-iss-n1478972515,cassini,issna,helene,CLEAR,0.68,2004-11-12T17:16:23.811,Helene,https://opus.pds-rings.seti.org/holdings/previews/COISS_2xxx/COISS_2008/data/1478560654_1479207972/N1478972515_1_full.png,9dfaa98cfe1b822856645eef1b5e3af701dbb52eb5daad46931cc995a2363d95,/Users/upadhyay/dev/ICES/object_detection_opencv_cpp/data/cassini/issna/helene/images/co-iss-n1478972515.png,true,position_only
co-iss-n1479723600,cassini,issna,helene,CLEAR,0.68,2004-11-21T09:54:23.910,Helene,https://opus.pds-rings.seti.org/holdings/previews/COISS_2xxx/COISS_2008/data/1479575527_1479918643/N1479723600_1_full.png,bcc57f80bab068d258608b34c4535caeec10aaaf3459399997a580536acc7e5e,/Users/upadhyay/dev/ICES/object_detection_opencv_cpp/data/cassini/issna/helene/images/co-iss-n1479723600.png,true,position_only
co-iss-n1454727359,cassini,issna,hyperion,CLEAR,0.18,2004-02-06T02:33:06.307,Hyperion,https://opus.pds-rings.seti.org/holdings/previews/COISS_2xxx/COISS_2001/data/1454725799_1455008789/N1454727359_1_full.png,72b8d2d525660781e03cd0748b3c104a720afa3342534b07f133364723d9016f,/Users/upadhyay/dev/ICES/object_detection_opencv_cpp/data/cassini/issna/hyperion/images/co-iss-n1454727359.png,true,position_only
co-iss-n1455661085,cassini,issna,hyperion,CLEAR,0.18,2004-02-16T21:55:06.216,Hyperion,https://opus.pds-rings.seti.org/holdings/previews/COISS_2xxx/COISS_2001/data/1455646698_1455855902/N1455661085_1_full.png,9930613e75c5aaab7c74a3a945b947a538dc551318730e2be9aacc0ce615797b,/Users/upadhyay/dev/ICES/object_detection_opencv_cpp/data/cassini/issna/hyperion/images/co-iss-n1455661085.png,true,position_only
co-iss-n1457140754,cassini,issna,hyperion,CLEAR,0.18,2004-03-05T00:56:05.562,Hyperion,https://opus.pds-rings.seti.org/holdings/previews/COISS_2xxx/COISS_2001/data/1456316742_1457169367/N1457140754_1_full.png,3344c479e2e730a79cb3f580b2d79ea833a02fcb7147bdae12d23a13df7b8bc3,/Users/upadhyay/dev/ICES/object_detection_opencv_cpp/data/cassini/issna/hyperion/images/co-iss-n1457140754.png,true,position_only
co-iss-n1458303022,cassini,issna,hyperion,CLEAR,0.18,2004-03-18T11:47:05.980,Hyperion,https://opus.pds-rings.seti.org/holdings/previews/COISS_2xxx/COISS_2001/data/1458209304_1458461116/N1458303022_2_full.png,6212c3181cfa480e78abfadab4f6bc38a907774605a37a3724b472f5b1f7ae6d,/Users/upadhyay/dev/ICES/object_detection_opencv_cpp/data/cassini/issna/hyperion/images/co-iss-n1458303022.png,true,position_only
co-iss-n1458950906,cassini,issna,hyperion,CLEAR,0.18,2004-03-25T23:45:05.753,Hyperion,https://opus.pds-rings.seti.org/holdings/previews/COISS_2xxx/COISS_2001/data/1458734878_1458972595/N1458950906_1_full.png,6edf527353ba3e02ec4c862996de5c47b77ffdacf7cde29395d4ce60e3e839d3,/Users/upadhyay/dev/ICES/object_detection_opencv_cpp/data/cassini/issna/hyperion/images/co-iss-n1458950906.png,true,position_only
co-iss-n1455059120,cassini,issna,janus,CLEAR,0.68,2004-02-09T22:42:24.643,Janus,https://opus.pds-rings.seti.org/holdings/previews/COISS_2xxx/COISS_2001/data/1455008823_1455194311/N1455059120_5_full.png,0bc6058a449b94a6e327cafe71ec2f56399b7764dbd02ce31a32a458af7307db,/Users/upadhyay/dev/ICES/object_detection_opencv_cpp/data/cassini/issna/janus/images/co-iss-n1455059120.png,true,position_only
co-iss-n1460629661,cassini,issna,janus,CLEAR,0.68,2004-04-14T10:04:09.360,Janus,https://opus.pds-rings.seti.org/holdings/previews/COISS_2xxx/COISS_2001/data/1460517409_1460638364/N1460629661_1_full.png,d8e7cacb423a7a59608820e964bc07ef179f616a9d2b24d571878fde339a110c,/Users/upadhyay/dev/ICES/object_detection_opencv_cpp/data/cassini/issna/janus/images/co-iss-n1460629661.png,true,position_only
co-iss-n1463011407,cassini,issna,janus,CLEAR,0.68,2004-05-11T23:39:39.848,Janus,https://opus.pds-rings.seti.org/holdings/previews/COISS_2xxx/COISS_2002/data/1463010066_1463287615/N1463011407_1_full.png,0a9a38a89bf76fe33dd32800df81a4deacafd573eaf93b977191c76e5ea03599,/Users/upadhyay/dev/ICES/object_detection_opencv_cpp/data/cassini/issna/janus/images/co-iss-n1463011407.png,true,position_only
co-iss-n1464447906,cassini,issna,janus,CLEAR,0.68,2004-05-28T14:41:09.492,Janus,https://opus.pds-rings.seti.org/holdings/previews/COISS_2xxx/COISS_2003/data/1464434522_1464553765/N1464447906_1_full.png,e8307f25c5644e3ca92e85414e13ef4b29c940fe11e9a0ecfb0ff8ce231e3eb4,/Users/upadhyay/dev/ICES/object_detection_opencv_cpp/data/cassini/issna/janus/images/co-iss-n1464447906.png,true,position_only
co-iss-n1465482703,cassini,issna,janus,CLEAR,0.68,2004-06-09T14:07:39.753,Janus,https://opus.pds-rings.seti.org/holdings/previews/COISS_2xxx/COISS_2003/data/1465467423_1465563002/N1465482703_1_full.png,2bc47532e7f9ca4326a3c3f9c76ef839f768dc9aeb18e0e5e5778bf76b6f9288,/Users/upadhyay/dev/ICES/object_detection_opencv_cpp/data/cassini/issna/janus/images/co-iss-n1465482703.png,true,position_only
co-iss-n1454728139,cassini,issna,phoebe,CLEAR,1,2004-02-06T02:46:05.482,Phoebe,https://opus.pds-rings.seti.org/holdings/previews/COISS_2xxx/COISS_2001/data/1454725799_1455008789/N1454728139_1_full.png,bbd4d1b992354bb001da9ef0d3eb3724aff67e83f65e9747f584e1676fa2d9ab,/Users/upadhyay/dev/ICES/object_detection_opencv_cpp/data/cassini/issna/phoebe/images/co-iss-n1454728139.png,true,position_only
co-iss-n1455287282,cassini,issna,phoebe,CLEAR,1,2004-02-12T14:05:04.834,Phoebe,https://opus.pds-rings.seti.org/holdings/previews/COISS_2xxx/COISS_2001/data/1455194345_1455427331/N1455287282_2_full.png,f74ed28988b1bbdbf274d4eb54f5a3aea34f8029fde9be29dbecfac0e7039c08,/Users/upadhyay/dev/ICES/object_detection_opencv_cpp/data/cassini/issna/phoebe/images/co-iss-n1455287282.png,true,position_only
co-iss-n1455891186,cassini,issna,phoebe,CLEAR,1,2004-02-19T13:50:04.895,Phoebe,https://opus.pds-rings.seti.org/holdings/previews/COISS_2xxx/COISS_2001/data/1455855935_1456049320/N1455891186_2_full.png,702da2ec3703cdab343cd9cb2695b9c86cfdeee110161cacafe4b530c90f89c5,/Users/upadhyay/dev/ICES/object_detection_opencv_cpp/data/cassini/issna/phoebe/images/co-iss-n1455891186.png,true,position_only
co-iss-n1456494310,cassini,issna,phoebe,CLEAR,1,2004-02-26T13:22:04.960,Phoebe,https://opus.pds-rings.seti.org/holdings/previews/COISS_2xxx/COISS_2001/data/1456316742_1457169367/N1456494310_2_full.png,9ebd342e5be5f09d53d644b87f5106e9751f5f289144735be5433831ae8a695d,/Users/upadhyay/dev/ICES/object_detection_opencv_cpp/data/cassini/issna/phoebe/images/co-iss-n1456494310.png,true,position_only
co-iss-n1457469617,cassini,issna,phoebe,CLEAR,1,2004-03-08T20:17:05.597,Phoebe,https://opus.pds-rings.seti.org/holdings/previews/COISS_2xxx/COISS_2001/data/1457454952_1457696147/N1457469617_3_full.png,40c67336432d871bb77b35db0563d871eafe965e20e79dcb06b9610bfbe50eb8,/Users/upadhyay/dev/ICES/object_detection_opencv_cpp/data/cassini/issna/phoebe/images/co-iss-n1457469617.png,true,position_only
co-iss-n1559470129,cassini,issna,siarnaq,CLEAR,82,2007-06-02T09:33:21.259,Siarnaq,https://opus.pds-rings.seti.org/holdings/previews/COISS_2xxx/COISS_2032/data/1559376320_1559509724/N1559470129_1_full.png,1d4e8490eb3ce25443241a9d100edb45631c127a2833d5521e6168f6d1a0c733,/Users/upadhyay/dev/ICES/object_detection_opencv_cpp/data/cassini/issna/siarnaq/images/co-iss-n1559470129.png,true,false
co-iss-n1559470540,cassini,issna,siarnaq,CLEAR,82,2007-06-02T09:40:12.268,Siarnaq,https://opus.pds-rings.seti.org/holdings/previews/COISS_2xxx/COISS_2032/data/1559376320_1559509724/N1559470540_1_full.png,0619eb91630c1964f3dd626f25abb04c49e25ea4f4214f07a3405763f90458f7,/Users/upadhyay/dev/ICES/object_detection_opencv_cpp/data/cassini/issna/siarnaq/images/co-iss-n1559470540.png,true,false
co-iss-n1559471068,cassini,issna,siarnaq,IR2,82,2007-06-02T09:49:00.272,Siarnaq,https://opus.pds-rings.seti.org/holdings/previews/COISS_2xxx/COISS_2032/data/1559376320_1559509724/N1559471068_1_full.png,90de5663c0556c97cfa64ce2859f4779bafc60d38d00558d93ba81e9a65dc2ea,/Users/upadhyay/dev/ICES/object_detection_opencv_cpp/data/cassini/issna/siarnaq/images/co-iss-n1559471068.png,true,false
co-iss-n1559471577,cassini,issna,siarnaq,BL1,82,2007-06-02T09:57:29.281,Siarnaq,https://opus.pds-rings.seti.org/holdings/previews/COISS_2xxx/COISS_2032/data/1559376320_1559509724/N1559471577_1_full.png,fd956c9ed2c6723e2c8b6a5410c15a7b43931372198de253e768a77038851dca,/Users/upadhyay/dev/ICES/object_detection_opencv_cpp/data/cassini/issna/siarnaq/images/co-iss-n1559471577.png,true,false
co-iss-n1559472117,cassini,issna,siarnaq,CLEAR,82,2007-06-02T10:06:29.230,Siarnaq,https://opus.pds-rings.seti.org/holdings/previews/COISS_2xxx/COISS_2032/data/1559376320_1559509724/N1559472117_1_full.png,23cad8dd7de0c815d20ba01ae39fd321b142325cd16d0fa2dedf368e16678d3e,/Users/upadhyay/dev/ICES/object_detection_opencv_cpp/data/cassini/issna/siarnaq/images/co-iss-n1559472117.png,true,false
co-iss-n1559470246,cassini,issna,siarnaq,CLEAR,82,2007-06-02T09:35:18.262,Siarnaq,https://opus.pds-rings.seti.org/holdings/previews/COISS_2xxx/COISS_2032/data/1559376320_1559509724/N1559470246_1_full.png,55d0292d106d3fbe82f6bc6cf05efff96cf230f28f29cfe1536cd1e9a90da3d0,/Users/upadhyay/dev/ICES/object_detection_opencv_cpp/data/cassini/issna/siarnaq/images/co-iss-n1559470246.png,true,false
co-iss-n1559470344,cassini,issna,siarnaq,UV3,82,2007-06-02T09:36:56.261,Siarnaq,https://opus.pds-rings.seti.org/holdings/previews/COISS_2xxx/COISS_2032/data/1559376320_1559509724/N1559470344_1_full.png,5a62a2affdb71d204eb152a9e69c5ef41525325eb2e85c8571f74a49cb0816e8,/Users/upadhyay/dev/ICES/object_detection_opencv_cpp/data/cassini/issna/siarnaq/images/co-iss-n1559470344.png,true,false
co-iss-n1559470442,cassini,issna,siarnaq,GRN,82,2007-06-02T09:38:34.260,Siarnaq,https://opus.pds-rings.seti.org/holdings/previews/COISS_2xxx/COISS_2032/data/1559376320_1559509724/N1559470442_1_full.png,2c94ece1162fe04f72570eccde055f494d8f2d0d6091ec5611a590c903511755,/Users/upadhyay/dev/ICES/object_detection_opencv_cpp/data/cassini/issna/siarnaq/images/co-iss-n1559470442.png,true,false
co-iss-n1561405712,cassini,issna,tarvos,UV3,82,2007-06-24T19:12:51.987,Tarvos,https://opus.pds-rings.seti.org/holdings/previews/COISS_2xxx/COISS_2033/data/1561368924_1561481621/N1561405712_1_full.png,48b9d755f802d20e957a238df44e75560127666ad57a3241324e4bbf8b22499e,/Users/upadhyay/dev/ICES/object_detection_opencv_cpp/data/cassini/issna/tarvos/images/co-iss-n1561405712.png,true,false
co-iss-n1561406104,cassini,issna,tarvos,CLEAR,82,2007-06-24T19:19:23.992,Tarvos,https://opus.pds-rings.seti.org/holdings/previews/COISS_2xxx/COISS_2033/data/1561368924_1561481621/N1561406104_1_full.png,8742ba832f777e0e38d5bc38ee41bb1f700020839ff3950ae36f564fa2a388de,/Users/upadhyay/dev/ICES/object_detection_opencv_cpp/data/cassini/issna/tarvos/images/co-iss-n1561406104.png,true,false
co-iss-n1645839052,cassini,issna,tarvos,GRN,180,2010-02-26T00:43:41.885,Tarvos,https://opus.pds-rings.seti.org/holdings/previews/COISS_2xxx/COISS_2060/data/1645609860_1645839466/N1645839052_1_full.png,ae71118a33ef6a49d75d4ebb5de33571e45ead4e4ed303f2f4ca20b5a0a6e214,/Users/upadhyay/dev/ICES/object_detection_opencv_cpp/data/cassini/issna/tarvos/images/co-iss-n1645839052.png,true,false
co-iss-n1645839774,cassini,issna,tarvos,CLEAR,82,2010-02-26T00:57:21.903,Tarvos,https://opus.pds-rings.seti.org/holdings/previews/COISS_2xxx/COISS_2060/data/1645839668_1646178217/N1645839774_1_full.png,4c4c1bf65cdad57c56268229c307e493f43a4655a05525c9306e444282f42bc5,/Users/upadhyay/dev/ICES/object_detection_opencv_cpp/data/cassini/issna/tarvos/images/co-iss-n1645839774.png,true,false
co-iss-n1645840592,cassini,issna,tarvos,IR2,180,2010-02-26T01:09:21.897,Tarvos,https://opus.pds-rings.seti.org/holdings/previews/COISS_2xxx/COISS_2060/data/1645839668_1646178217/N1645840592_1_full.png,ff66f3d8f77324be8cf9b0848ad461838522e807ebc120ffed7a5b4ef5251c2d,/Users/upadhyay/dev/ICES/object_detection_opencv_cpp/data/cassini/issna/tarvos/images/co-iss-n1645840592.png,true,false
co-iss-n1561405810,cassini,issna,tarvos,GRN,82,2007-06-24T19:14:29.986,Tarvos,https://opus.pds-rings.seti.org/holdings/previews/COISS_2xxx/COISS_2033/data/1561368924_1561481621/N1561405810_1_full.png,81da8d0e4faad6eddbbe930d649ec6d8d98e621be53711a97ffd4f64a6cf0f3f,/Users/upadhyay/dev/ICES/object_detection_opencv_cpp/data/cassini/issna/tarvos/images/co-iss-n1561405810.png,true,false
co-iss-n1561405908,cassini,issna,tarvos,IR1,82,2007-06-24T19:16:07.986,Tarvos,https://opus.pds-rings.seti.org/holdings/previews/COISS_2xxx/COISS_2033/data/1561368924_1561481621/N1561405908_1_full.png,fd6a731fce58b21868f46aeb486b3eeceb96b67f61ae599ef58da5cf8b1297c9,/Users/upadhyay/dev/ICES/object_detection_opencv_cpp/data/cassini/issna/tarvos/images/co-iss-n1561405908.png,true,false
co-iss-n1561406006,cassini,issna,tarvos,BL1,82,2007-06-24T19:17:45.985,Tarvos,https://opus.pds-rings.seti.org/holdings/previews/COISS_2xxx/COISS_2033/data/1561368924_1561481621/N1561406006_1_full.png,3074f0a0413af8621b54f27828ac12e98edb9b48a4b29b0aa15612bf0819a65d,/Users/upadhyay/dev/ICES/object_detection_opencv_cpp/data/cassini/issna/tarvos/images/co-iss-n1561406006.png,true,false
co-iss-n1614668389,cassini,issna,thrymr,CLEAR,5.6,2009-03-02T06:19:14.679,Thrymr,https://opus.pds-rings.seti.org/holdings/previews/COISS_2xxx/COISS_2053/data/1614561905_1614688042/N1614668389_1_full.png,cc02975fa7b37a280d079917aefa8f718a7081ff6772dab7097bc502d04eb2f7,/Users/upadhyay/dev/ICES/object_detection_opencv_cpp/data/cassini/issna/thrymr/images/co-iss-n1614668389.png,true,false
co-iss-w1617662998,cassini,issna,thrymr,CLEAR,82,2009-04-05T22:07:45.984,Thrymr,https://opus.pds-rings.seti.org/holdings/previews/COISS_2xxx/COISS_2054/data/1617661596_1617917758/W1617662998_1_full.png,a7f034acc5ef29347ea6b9b7fb5b6f5402a9c3500e734d18efe36f371e8994ce,/Users/upadhyay/dev/ICES/object_detection_opencv_cpp/data/cassini/issna/thrymr/images/co-iss-w1617662998.png,true,false
co-iss-n1617663546,cassini,issna,thrymr,IR1,82,2009-04-05T22:16:53.996,Thrymr,https://opus.pds-rings.seti.org/holdings/previews/COISS_2xxx/COISS_2054/data/1617661596_1617917758/N1617663546_1_full.png,6f41dcf7bcb8cfaef6f8f93ba1ca8a3be393ce8c0830972cb348c3fd176a3a81,/Users/upadhyay/dev/ICES/object_detection_opencv_cpp/data/cassini/issna/thrymr/images/co-iss-n1617663546.png,true,false
co-iss-n1617664174,cassini,issna,thrymr,IR2,180,2009-04-05T22:25:43.976,Thrymr,https://opus.pds-rings.seti.org/holdings/previews/COISS_2xxx/COISS_2054/data/1617661596_1617917758/N1617664174_1_full.png,5c80a92eb3784149335c562dbecfa179afb8674fab99c606841208f9da79d07d,/Users/upadhyay/dev/ICES/object_detection_opencv_cpp/data/cassini/issna/thrymr/images/co-iss-n1617664174.png,true,false
co-iss-n1617664623,cassini,issna,thrymr,UV3,180,2009-04-05T22:33:12.965,Thrymr,https://opus.pds-rings.seti.org/holdings/previews/COISS_2xxx/COISS_2054/data/1617661596_1617917758/N1617664623_1_full.png,9932582444e25f7fc79eec81ad3332718cdcce9d14805dc429ea8aa65212b343,/Users/upadhyay/dev/ICES/object_detection_opencv_cpp/data/cassini/issna/thrymr/images/co-iss-n1617664623.png,true,false
co-iss-n1617662998,cassini,issna,thrymr,CLEAR,82,2009-04-05T22:07:45.984,Thrymr,https://opus.pds-rings.seti.org/holdings/previews/COISS_2xxx/COISS_2054/data/1617661596_1617917758/N1617662998_1_full.png,403295a18938217bf9fcd810622b1974a26e8093ab9e114fde072a667d379b40,/Users/upadhyay/dev/ICES/object_detection_opencv_cpp/data/cassini/issna/thrymr/images/co-iss-n1617662998.png,true,false
co-iss-n1617663115,cassini,issna,thrymr,CLEAR,82,2009-04-05T22:09:42.988,Thrymr,https://opus.pds-rings.seti.org/holdings/previews/COISS_2xxx/COISS_2054/data/1617661596_1617917758/N1617663115_1_full.png,b34c8cea9b9deb5d86544596a583eb56b38d001b43a217ed1a7f0cbead5c7aea,/Users/upadhyay/dev/ICES/object_detection_opencv_cpp/data/cassini/issna/thrymr/images/co-iss-n1617663115.png,true,false
co-iss-w1617663115,cassini,issna,thrymr,CLEAR,82,2009-04-05T22:09:42.988,Thrymr,https://opus.pds-rings.seti.org/holdings/previews/COISS_2xxx/COISS_2054/data/1617661596_1617917758/W1617663115_1_full.png,ab963ab8d2fcb2493e02616a9296028af299e817e8005c5c26e01770ad739f8e,/Users/upadhyay/dev/ICES/object_detection_opencv_cpp/data/cassini/issna/thrymr/images/co-iss-w1617663115.png,true,false
co-iss-n1574852870,cassini,issna,ymir,CLEAR,82,2007-11-27T10:30:41.628,Ymir,https://opus.pds-rings.seti.org/holdings/previews/COISS_2xxx/COISS_2039/data/1574712106_1575013798/N1574852870_1_full.png,0f4a0c2d882236cd80d1e267745a23807789bbc158ecdf85d1dac71d10507a60,/Users/upadhyay/dev/ICES/object_detection_opencv_cpp/data/cassini/issna/ymir/images/co-iss-n1574852870.png,true,false
co-iss-n1574853281,cassini,issna,ymir,CLEAR,82,2007-11-27T10:37:32.633,Ymir,https://opus.pds-rings.seti.org/holdings/previews/COISS_2xxx/COISS_2039/data/1574712106_1575013798/N1574853281_1_full.png,f25254f619ae3c0b82a810c1c1a392e6bf9b1ffeb7eed557bdc3d76929988c73,/Users/upadhyay/dev/ICES/object_detection_opencv_cpp/data/cassini/issna/ymir/images/co-iss-n1574853281.png,true,false
co-iss-n1574853809,cassini,issna,ymir,CLEAR,82,2007-11-27T10:46:20.644,Ymir,https://opus.pds-rings.seti.org/holdings/previews/COISS_2xxx/COISS_2039/data/1574712106_1575013798/N1574853809_1_full.png,157925a08d74f9fceeb815a91cbf33bc25a96793c90eef20071237443a429520,/Users/upadhyay/dev/ICES/object_detection_opencv_cpp/data/cassini/issna/ymir/images/co-iss-n1574853809.png,true,false
co-iss-n1574854299,cassini,issna,ymir,IR2,82,2007-11-27T10:54:30.641,Ymir,https://opus.pds-rings.seti.org/holdings/previews/COISS_2xxx/COISS_2039/data/1574712106_1575013798/N1574854299_1_full.png,42a132db6042079b12af1509b7b2d3fa963cff2ba92bd907747e145c447d8e38,/Users/upadhyay/dev/ICES/object_detection_opencv_cpp/data/cassini/issna/ymir/images/co-iss-n1574854299.png,true,false
co-iss-n1586126864,cassini,issna,ymir,CLEAR,82,2008-04-05T22:09:16.032,Ymir,https://opus.pds-rings.seti.org/holdings/previews/COISS_2xxx/COISS_2044/data/1586119238_1586209599/N1586126864_1_full.png,63a0fbd3d24344271546d8faa4b7864b1fdc442a7937aedf470e9d5809833643,/Users/upadhyay/dev/ICES/object_detection_opencv_cpp/data/cassini/issna/ymir/images/co-iss-n1586126864.png,true,false
co-iss-n1574852987,cassini,issna,ymir,UV3,82,2007-11-27T10:32:38.631,Ymir,https://opus.pds-rings.seti.org/holdings/previews/COISS_2xxx/COISS_2039/data/1574712106_1575013798/N1574852987_1_full.png,30f5d199f79c5c664956402e4046fb7625a1135ab2551b19c39c29d6c9ddd2e4,/Users/upadhyay/dev/ICES/object_detection_opencv_cpp/data/cassini/issna/ymir/images/co-iss-n1574852987.png,true,false
co-iss-n1574853085,cassini,issna,ymir,GRN,82,2007-11-27T10:34:16.630,Ymir,https://opus.pds-rings.seti.org/holdings/previews/COISS_2xxx/COISS_2039/data/1574712106_1575013798/N1574853085_1_full.png,1e2dd707c7c6a2b28852b2b4db2793ad7658e70ca5110f712d18ad89dbf64869,/Users/upadhyay/dev/ICES/object_detection_opencv_cpp/data/cassini/issna/ymir/images/co-iss-n1574853085.png,true,false
co-iss-n1574853183,cassini,issna,ymir,IR1,82,2007-11-27T10:35:54.629,Ymir,https://opus.pds-rings.seti.org/holdings/previews/COISS_2xxx/COISS_2039/data/1574712106_1575013798/N1574853183_1_full.png,148c52d6f2275ade4aaf24d1c6a9a6b32f9bb38a727df9480df10355548170ff,/Users/upadhyay/dev/ICES/object_detection_opencv_cpp/data/cassini/issna/ymir/images/co-iss-n1574853183.png,true,false
co-iss-n1455060365,cassini,issna,atlas,CLEAR,0.68,2004-02-09T23:03:09.635,Atlas,https://opus.pds-rings.seti.org/holdings/previews/COISS_2xxx/COISS_2001/data/1455008823_1455194311/N1455060365_1_full.png,1903f9c05a007784354e11b7aadf9f372f4acb4f524d03560374f8bc97814e9f,/Users/upadhyay/dev/ICES/object_detection_opencv_cpp/data/cassini/issna/atlas/images/co-iss-n1455060365.png,true,position_only
co-iss-n1460286279,cassini,issna,atlas,CLEAR,0.68,2004-04-10T10:41:09.597,Atlas,https://opus.pds-rings.seti.org/holdings/previews/COISS_2xxx/COISS_2001/data/1460279735_1460416413/N1460286279_1_full.png,83a94be04f8fade8d23a24686a1d5d41c828cfc4874d9972f3933b6786094cfc,/Users/upadhyay/dev/ICES/object_detection_opencv_cpp/data/cassini/issna/atlas/images/co-iss-n1460286279.png,true,position_only
co-iss-n1462667364,cassini,issna,atlas,CLEAR,0.68,2004-05-08T00:05:39.089,Atlas,https://opus.pds-rings.seti.org/holdings/previews/COISS_2xxx/COISS_2002/data/1462657510_1462783154/N1462667364_1_full.png,fd02da997dbff1c7acc41f28a802a455d24e3ed119af17249324b03dd2838eb5,/Users/upadhyay/dev/ICES/object_detection_opencv_cpp/data/cassini/issna/atlas/images/co-iss-n1462667364.png,true,position_only
co-iss-n1464507171,cassini,issna,atlas,CLEAR,0.68,2004-05-29T07:08:54.106,Atlas,https://opus.pds-rings.seti.org/holdings/previews/COISS_2xxx/COISS_2003/data/1464434522_1464553765/N1464507171_1_full.png,43a94963a765b7e89f6e653dfd32372ac67c552c379926a7d2f684273c496ef7,/Users/upadhyay/dev/ICES/object_detection_opencv_cpp/data/cassini/issna/atlas/images/co-iss-n1464507171.png,true,position_only
co-iss-n1648533129,cassini,issna,bebhionn,UV3,180,2010-03-29T05:04:39.706,Bebhionn,https://opus.pds-rings.seti.org/holdings/previews/COISS_2xxx/COISS_2061/data/1648397760_1648581524/N1648533129_1_full.png,f8bbb4c034303144336756b9f2a189b2ff13ecb550833aaadc1106e744a33286,/Users/upadhyay/dev/ICES/object_detection_opencv_cpp/data/cassini/issna/bebhionn/images/co-iss-n1648533129.png,true,false
co-iss-n1648533937,cassini,issna,bebhionn,CLEAR,82,2010-03-29T05:19:45.716,Bebhionn,https://opus.pds-rings.seti.org/holdings/previews/COISS_2xxx/COISS_2061/data/1648397760_1648581524/N1648533937_1_full.png,b4bad6e84d02085b17dd6b820580668fc8a9c46bbc3cbdbd5564b7bbf924d18d,/Users/upadhyay/dev/ICES/object_detection_opencv_cpp/data/cassini/issna/bebhionn/images/co-iss-n1648533937.png,true,false
co-iss-n1648534841,cassini,issna,bebhionn,BL1,180,2010-03-29T05:33:11.725,Bebhionn,https://opus.pds-rings.seti.org/holdings/previews/COISS_2xxx/COISS_2061/data/1648397760_1648581524/N1648534841_1_full.png,5fe1c8967f2f0066dfc5900beeb2cdff784096ae80a7ce7e60e5ca373b17f4a7,/Users/upadhyay/dev/ICES/object_detection_opencv_cpp/data/cassini/issna/bebhionn/images/co-iss-n1648534841.png,true,false
co-iss-n1648535649,cassini,issna,bebhionn,IR2,180,2010-03-29T05:46:39.727,Bebhionn,https://opus.pds-rings.seti.org/holdings/previews/COISS_2xxx/COISS_2061/data/1648397760_1648581524/N1648535649_1_full.png,479badf4b0ca5f9419c5ad7d1a679449306f31988f339db453373f2df1e35eb5,/Users/upadhyay/dev/ICES/object_detection_opencv_cpp/data/cassini/issna/bebhionn/images/co-iss-n1648535649.png,true,false
co-iss-n1648533329,cassini,issna,bebhionn,UV3,180,2010-03-29T05:07:59.705,Bebhionn,https://opus.pds-rings.seti.org/holdings/previews/COISS_2xxx/COISS_2061/data/1648397760_1648581524/N1648533329_1_full.png,65a5c6bfa63c71ba4eac6366548bdb1204eb551d9e7525f577a97994e52cffab,/Users/upadhyay/dev/ICES/object_detection_opencv_cpp/data/cassini/issna/bebhionn/images/co-iss-n1648533329.png,true,false
co-iss-n1648533433,cassini,issna,bebhionn,CLEAR,82,2010-03-29T05:11:21.712,Bebhionn,https://opus.pds-rings.seti.org/holdings/previews/COISS_2xxx/COISS_2061/data/1648397760_1648581524/N1648533433_1_full.png,a7df053f3cb6328b5fa3f70aae7994d757a1d6bd58af8245e1a677f971330ed8,/Users/upadhyay/dev/ICES/object_detection_opencv_cpp/data/cassini/issna/bebhionn/images/co-iss-n1648533433.png,true,false
co-iss-n1648533633,cassini,issna,bebhionn,GRN,180,2010-03-29T05:13:03.714,Bebhionn,https://opus.pds-rings.seti.org/holdings/previews/COISS_2xxx/COISS_2061/data/1648397760_1648581524/N1648533633_1_full.png,7b9a7d027810936979f9b5f8cceaf543f205374aa9b6b5448950e21ab073d30b,/Users/upadhyay/dev/ICES/object_detection_opencv_cpp/data/cassini/issna/bebhionn/images/co-iss-n1648533633.png,true,false
co-iss-n1661528317,cassini,issna,hyrrokkin,CLEAR,100,2010-08-26T14:50:54.668,Hyrrokkin,https://opus.pds-rings.seti.org/holdings/previews/COISS_2xxx/COISS_2064/data/1660446226_1661536793/N1661528317_1_full.png,79058f566b16c8915a5c350cba597bf7fca470eef4a11a89fdd77a12d9b6faf4,/Users/upadhyay/dev/ICES/object_detection_opencv_cpp/data/cassini/issna/hyrrokkin/images/co-iss-n1661528317.png,true,false
co-iss-n1661528997,cassini,issna,hyrrokkin,CLEAR,100,2010-08-26T15:02:14.663,Hyrrokkin,https://opus.pds-rings.seti.org/holdings/previews/COISS_2xxx/COISS_2064/data/1660446226_1661536793/N1661528997_1_full.png,6245620afb56a4b2a47bfb26efbccca50b6ca1a18e795ccc747205007daa6b81,/Users/upadhyay/dev/ICES/object_detection_opencv_cpp/data/cassini/issna/hyrrokkin/images/co-iss-n1661528997.png,true,false
co-iss-n1661529677,cassini,issna,hyrrokkin,CLEAR,100,2010-08-26T15:13:34.658,Hyrrokkin,https://opus.pds-rings.seti.org/holdings/previews/COISS_2xxx/COISS_2064/data/1660446226_1661536793/N1661529677_1_full.png,71b90179540aff0d338a346d8bff42fdaa9db1474fdb81838b10bff8e7cc0456,/Users/upadhyay/dev/ICES/object_detection_opencv_cpp/data/cassini/issna/hyrrokkin/images/co-iss-n1661529677.png,true,false
co-iss-n1661530907,cassini,issna,hyrrokkin,GRN,180,2010-08-26T15:32:44.673,Hyrrokkin,https://opus.pds-rings.seti.org/holdings/previews/COISS_2xxx/COISS_2064/data/1660446226_1661536793/N1661530907_1_full.png,b9e6b6b3ad2c7de67b191f39fb6c5b60fd0e8f5f12695b647ce432fba4209385,/Users/upadhyay/dev/ICES/object_detection_opencv_cpp/data/cassini/issna/hyrrokkin/images/co-iss-n1661530907.png,true,false
co-iss-n1661528453,cassini,issna,hyrrokkin,CLEAR,100,2010-08-26T14:53:10.667,Hyrrokkin,https://opus.pds-rings.seti.org/holdings/previews/COISS_2xxx/COISS_2064/data/1660446226_1661536793/N1661528453_1_full.png,9e84708cad866ab0bf9a33c340db1b21196b4b68094e6b91ad0cbefba96521f3,/Users/upadhyay/dev/ICES/object_detection_opencv_cpp/data/cassini/issna/hyrrokkin/images/co-iss-n1661528453.png,true,false
co-iss-n1661528589,cassini,issna,hyrrokkin,CLEAR,100,2010-08-26T14:55:26.666,Hyrrokkin,https://opus.pds-rings.seti.org/holdings/previews/COISS_2xxx/COISS_2064/data/1660446226_1661536793/N1661528589_1_full.png,bd6f046eed885e73380f290c25916fa8f1ca5dd328eece6148aad6c52629c580,/Users/upadhyay/dev/ICES/object_detection_opencv_cpp/data/cassini/issna/hyrrokkin/images/co-iss-n1661528589.png,true,false
co-iss-n1661528725,cassini,issna,hyrrokkin,CLEAR,100,2010-08-26T14:57:42.665,Hyrrokkin,https://opus.pds-rings.seti.org/holdings/previews/COISS_2xxx/COISS_2064/data/1660446226_1661536793/N1661528725_1_full.png,54c43e7e7fe9f81a633e7fe993def39dcef9e6284c77226ecd75cd870ed40470,/Users/upadhyay/dev/ICES/object_detection_opencv_cpp/data/cassini/issna/hyrrokkin/images/co-iss-n1661528725.png,true,false
co-iss-n1495209176,cassini,issna,methone,CLEAR,0.26,2005-05-19T15:25:40.336,Methone,https://opus.pds-rings.seti.org/holdings/previews/COISS_2xxx/COISS_2012/data/1495113947_1495209323/N1495209176_1_full.png,099cd57835706b6097ee8b364826b08dbccdb65116e9e9dcf322af3a804f6f9b,/Users/upadhyay/dev/ICES/object_detection_opencv_cpp/data/cassini/issna/methone/images/co-iss-n1495209176.png,true,position_only
co-iss-n1496907282,cassini,issna,methone,GRN,0.46,2005-06-08T07:07:15.327,Methone,https://opus.pds-rings.seti.org/holdings/previews/COISS_2xxx/COISS_2012/data/1496877151_1496974774/N1496907282_1_full.png,c5ae706e309e8ad45c054ae4facb8a856f2b993b631ba5ef8d57caffa9c7eb3f,/Users/upadhyay/dev/ICES/object_detection_opencv_cpp/data/cassini/issna/methone/images/co-iss-n1496907282.png,true,position_only
co-iss-n1502796764,cassini,issna,methone,CLEAR,0.68,2005-08-15T11:04:39.444,Methone,https://opus.pds-rings.seti.org/holdings/previews/COISS_2xxx/COISS_2014/data/1502581803_1502849943/N1502796764_1_full.png,41d8c49412d74313dc7f2b13666585e9e40e19274e37082aa4a835cd0850bc71,/Users/upadhyay/dev/ICES/object_detection_opencv_cpp/data/cassini/issna/methone/images/co-iss-n1502796764.png,true,position_only
co-iss-n1503914274,cassini,issna,methone,CLEAR,0.12,2005-08-28T09:29:42.851,Methone,https://opus.pds-rings.seti.org/holdings/previews/COISS_2xxx/COISS_2015/data/1503875151_1504480022/N1503914274_1_full.png,84b56d71ea5caffabb0a6532e81b1f28f3dbce4ca67de0e298340bc0c6d54c61,/Users/upadhyay/dev/ICES/object_detection_opencv_cpp/data/cassini/issna/methone/images/co-iss-n1503914274.png,true,position_only
co-iss-n1480614021,cassini,issna,pan,CLEAR,0.68,2004-12-01T17:14:39.159,Pan,https://opus.pds-rings.seti.org/holdings/previews/COISS_2xxx/COISS_2008/data/1479919543_1480697632/N1480614021_1_full.png,d6d76579360d7c79eec8afd9e1de71d17b92d69eb96bcf8b899b07fe95bf77ac,/Users/upadhyay/dev/ICES/object_detection_opencv_cpp/data/cassini/issna/pan/images/co-iss-n1480614021.png,true,position_only
co-iss-n1488551713,cassini,issna,pan,CLEAR,0.68,2005-03-03T14:08:39.662,Pan,https://opus.pds-rings.seti.org/holdings/previews/COISS_2xxx/COISS_2010/data/1488302267_1488638384/N1488551713_1_full.png,1b8dfd804fd933691d4e7fa01847d59c5d59df982eae6fd6ffbc5c703a21281f,/Users/upadhyay/dev/ICES/object_detection_opencv_cpp/data/cassini/issna/pan/images/co-iss-n1488551713.png,true,position_only
co-iss-n1488887385,cassini,issna,pan,CLEAR,0.68,2005-03-07T11:23:09.428,Pan,https://opus.pds-rings.seti.org/holdings/previews/COISS_2xxx/COISS_2010/data/1488818242_1488893120/N1488887385_1_full.png,06d71f001c6e83622d86aaa835880455355986919e9aac1b7f6197d396997fcb,/Users/upadhyay/dev/ICES/object_detection_opencv_cpp/data/cassini/issna/pan/images/co-iss-n1488887385.png,true,position_only
co-iss-n1492024160,cassini,issna,pan,CLEAR,0.68,2005-04-12T18:42:24.329,Pan,https://opus.pds-rings.seti.org/holdings/previews/COISS_2xxx/COISS_2011/data/1491988345_1492054459/N1492024160_1_full.png,1424c9dda83aa238bd11ef8cb660f38b105bf05d21be10993c22fa776d4ce440,/Users/upadhyay/dev/ICES/object_detection_opencv_cpp/data/cassini/issna/pan/images/co-iss-n1492024160.png,true,position_only
co-iss-n1455662559,cassini,issna,pandora,CLEAR,0.68,2004-02-16T22:19:39.706,Pandora,https://opus.pds-rings.seti.org/holdings/previews/COISS_2xxx/COISS_2001/data/1455646698_1455855902/N1455662559_1_full.png,3b487f28f8bec76e48ccfc44e03dac83bd323a70c6a855722e2d1e1cd7d9cac4,/Users/upadhyay/dev/ICES/object_detection_opencv_cpp/data/cassini/issna/pandora/images/co-iss-n1455662559.png,true,position_only
co-iss-n1460285049,cassini,issna,pandora,CLEAR,0.68,2004-04-10T10:20:39.605,Pandora,https://opus.pds-rings.seti.org/holdings/previews/COISS_2xxx/COISS_2001/data/1460279735_1460416413/N1460285049_1_full.png,41855a9fc04ec183f3e12a33922662170898012e5d44dd49a56a2eb498c0dcfc,/Users/upadhyay/dev/ICES/object_detection_opencv_cpp/data/cassini/issna/pandora/images/co-iss-n1460285049.png,true,position_only
co-iss-n1463010777,cassini,issna,pandora,CLEAR,0.68,2004-05-11T23:29:09.852,Pandora,https://opus.pds-rings.seti.org/holdings/previews/COISS_2xxx/COISS_2002/data/1463010066_1463287615/N1463010777_1_full.png,5bd14e80278605500a3f573c947bab9020e6bb3a17ca086cbb753b4a9870257c,/Users/upadhyay/dev/ICES/object_detection_opencv_cpp/data/cassini/issna/pandora/images/co-iss-n1463010777.png,true,position_only
co-iss-n1464189439,cassini,issna,pandora,CLEAR,0.68,2004-05-25T14:53:24.176,Pandora,https://opus.pds-rings.seti.org/holdings/previews/COISS_2xxx/COISS_2003/data/1464104283_1464242370/N1464189439_1_full.png,bc8556f9f4b6fc50bc7a75b2134cd68779c33b37d824ea4540335ddd61eb34e1,/Users/upadhyay/dev/ICES/object_detection_opencv_cpp/data/cassini/issna/pandora/images/co-iss-n1464189439.png,true,position_only
co-iss-n1557223765,cassini,issna,skathi,CLEAR,82,2007-05-07T09:34:11.483,Skathi,https://opus.pds-rings.seti.org/holdings/previews/COISS_2xxx/COISS_2031/data/1557164967_1557237088/N1557223765_1_full.png,98f4fa63105289f98573757e18ca442d58ce19be8de9847f608ca6a9876d701c,/Users/upadhyay/dev/ICES/object_detection_opencv_cpp/data/cassini/issna/skathi/images/co-iss-n1557223765.png,true,false
co-iss-n1557224350,cassini,issna,skathi,RED,82,2007-05-07T09:43:56.479,Skathi,https://opus.pds-rings.seti.org/holdings/previews/COISS_2xxx/COISS_2031/data/1557164967_1557237088/N1557224350_1_full.png,89990f1e8a389bee881045a3566dbcb3e925f0084cc4e092a82377ef341652cd,/Users/upadhyay/dev/ICES/object_detection_opencv_cpp/data/cassini/issna/skathi/images/co-iss-n1557224350.png,true,false
co-iss-n1557224878,cassini,issna,skathi,GRN,82,2007-05-07T09:52:44.479,Skathi,https://opus.pds-rings.seti.org/holdings/previews/COISS_2xxx/COISS_2031/data/1557164967_1557237088/N1557224878_1_full.png,e361da70fbcaaffbfec9dee40fc0334735de914313026872438650cf73f7de05,/Users/upadhyay/dev/ICES/object_detection_opencv_cpp/data/cassini/issna/skathi/images/co-iss-n1557224878.png,true,false
co-iss-n1557225368,cassini,issna,skathi,CLEAR,82,2007-05-07T10:00:54.484,Skathi,https://opus.pds-rings.seti.org/holdings/previews/COISS_2xxx/COISS_2031/data/1557164967_1557237088/N1557225368_1_full.png,c1b8ce612a6af5262ab53ab4a69455fa82039efa4323b5c2a9c52660f770238f,/Users/upadhyay/dev/ICES/object_detection_opencv_cpp/data/cassini/issna/skathi/images/co-iss-n1557225368.png,true,false
co-iss-n1557223882,cassini,issna,skathi,UV3,82,2007-05-07T09:36:08.482,Skathi,https://opus.pds-rings.seti.org/holdings/previews/COISS_2xxx/COISS_2031/data/1557164967_1557237088/N1557223882_1_full.png,412852701497c37274157b4486c78c09ec3651c9de843eaa04a3dc92172dada1,/Users/upadhyay/dev/ICES/object_detection_opencv_cpp/data/cassini/issna/skathi/images/co-iss-n1557223882.png,true,false
co-iss-n1557223999,cassini,issna,skathi,GRN,82,2007-05-07T09:38:05.481,Skathi,https://opus.pds-rings.seti.org/holdings/previews/COISS_2xxx/COISS_2031/data/1557164967_1557237088/N1557223999_1_full.png,f491ff1f099938631a482124dc450471545a1ab24df7ff2aee63f2699820505f,/Users/upadhyay/dev/ICES/object_detection_opencv_cpp/data/cassini/issna/skathi/images/co-iss-n1557223999.png,true,false
co-iss-n1557224116,cassini,issna,skathi,IR1,82,2007-05-07T09:40:02.480,Skathi,https://opus.pds-rings.seti.org/holdings/previews/COISS_2xxx/COISS_2031/data/1557164967_1557237088/N1557224116_1_full.png,2692c9bb9acda6a5608f9709ec745de535a8bdb4da7cdd46d81d0a4d7b00a3b3,/Users/upadhyay/dev/ICES/object_detection_opencv_cpp/data/cassini/issna/skathi/images/co-iss-n1557224116.png,true,false
co-iss-n1691766147,cassini,issna,tarqeq,CLEAR,460,2011-08-11T14:05:28.436,Tarqeq,https://opus.pds-rings.seti.org/holdings/previews/COISS_2xxx/COISS_2069/data/1691726338_1691810867/N1691766147_1_full.png,d4811a7dea474981802808f7d8ff3cda8913bb8c27cf9880a5690ef279377645,/Users/upadhyay/dev/ICES/object_detection_opencv_cpp/data/cassini/issna/tarqeq/images/co-iss-n1691766147.png,true,false
co-iss-n1691768747,cassini,issna,tarqeq,CLEAR,460,2011-08-11T14:48:48.419,Tarqeq,https://opus.pds-rings.seti.org/holdings/previews/COISS_2xxx/COISS_2069/data/1691726338_1691810867/N1691768747_1_full.png,55fcf7b9f3cf9e9c474c1301c76c15d64934025b8354cf62942bd69be287df2c,/Users/upadhyay/dev/ICES/object_detection_opencv_cpp/data/cassini/issna/tarqeq/images/co-iss-n1691768747.png,true,false
co-iss-n1691771347,cassini,issna,tarqeq,CLEAR,460,2011-08-11T15:32:08.403,Tarqeq,https://opus.pds-rings.seti.org/holdings/previews/COISS_2xxx/COISS_2069/data/1691726338_1691810867/N1691771347_1_full.png,034bfebb33496faceb7d1effec72c720866b5682754b85690cac118301acdf30,/Users/upadhyay/dev/ICES/object_detection_opencv_cpp/data/cassini/issna/tarqeq/images/co-iss-n1691771347.png,true,false
co-iss-n1691773947,cassini,issna,tarqeq,CLEAR,460,2011-08-11T16:15:28.386,Tarqeq,https://opus.pds-rings.seti.org/holdings/previews/COISS_2xxx/COISS_2069/data/1691726338_1691810867/N1691773947_1_full.png,c6e40652d3f81a11fa7c7e6d7eab03d4807b36d499dd2c7a204512d14ba34621,/Users/upadhyay/dev/ICES/object_detection_opencv_cpp/data/cassini/issna/tarqeq/images/co-iss-n1691773947.png,true,false
co-iss-n1691766667,cassini,issna,tarqeq,CLEAR,460,2011-08-11T14:14:08.432,Tarqeq,https://opus.pds-rings.seti.org/holdings/previews/COISS_2xxx/COISS_2069/data/1691726338_1691810867/N1691766667_1_full.png,34dec56076d8e8bf6504a3e7df504ba3420fb9f92844660358d0f10fbc4992ee,/Users/upadhyay/dev/ICES/object_detection_opencv_cpp/data/cassini/issna/tarqeq/images/co-iss-n1691766667.png,true,false
co-iss-n1691767187,cassini,issna,tarqeq,CLEAR,460,2011-08-11T14:22:48.429,Tarqeq,https://opus.pds-rings.seti.org/holdings/previews/COISS_2xxx/COISS_2069/data/1691726338_1691810867/N1691767187_1_full.png,5f4d760158a8918333903b7444f47707ee7d654faeef78be90b0bb968bd8248a,/Users/upadhyay/dev/ICES/object_detection_opencv_cpp/data/cassini/issna/tarqeq/images/co-iss-n1691767187.png,true,false
co-iss-n1691767707,cassini,issna,tarqeq,CLEAR,460,2011-08-11T14:31:28.426,Tarqeq,https://opus.pds-rings.seti.org/holdings/previews/COISS_2xxx/COISS_2069/data/1691726338_1691810867/N1691767707_1_full.png,93190e47e46896e86512dda32df0d7372e0a802d7a27150eca43f9271bbf3c45,/Users/upadhyay/dev/ICES/object_detection_opencv_cpp/data/cassini/issna/tarqeq/images/co-iss-n1691767707.png,true,false
co-iss-n1463731771,cassini,issna,telesto,CLEAR,0.68,2004-05-20T07:45:39.156,Telesto,https://opus.pds-rings.seti.org/holdings/previews/COISS_2xxx/COISS_2003/data/1463538487_1463784347/N1463731771_1_full.png,4664a99336bf10bd70ad6b8e0af06136e7ffa7bb4ecdc4f1fe3b406f35e66b9d,/Users/upadhyay/dev/ICES/object_detection_opencv_cpp/data/cassini/issna/telesto/images/co-iss-n1463731771.png,true,position_only
co-iss-n1465956031,cassini,issna,telesto,CLEAR,0.68,2004-06-15T01:36:24.670,Telesto,https://opus.pds-rings.seti.org/holdings/previews/COISS_2xxx/COISS_2004/data/1465872648_1465993901/N1465956031_1_full.png,cf6652df4aecd61d8f7114090f3951a9f64659ea2ab11e7b319c2e073da390ef,/Users/upadhyay/dev/ICES/object_detection_opencv_cpp/data/cassini/issna/telesto/images/co-iss-n1465956031.png,true,position_only
co-iss-n1476593320,cassini,issna,telesto,CLEAR,0.68,2004-10-16T04:23:24.338,Telesto,https://opus.pds-rings.seti.org/holdings/previews/COISS_2xxx/COISS_2007/data/1476578713_1476652907/N1476593320_1_full.png,6494b6e9497b539dce6d4f1b73a1fa544e32709c8cfa558f663f996f3aeeb257,/Users/upadhyay/dev/ICES/object_detection_opencv_cpp/data/cassini/issna/telesto/images/co-iss-n1476593320.png,true,position_only
co-iss-n1479721530,cassini,issna,telesto,CLEAR,0.68,2004-11-21T09:19:53.923,Telesto,https://opus.pds-rings.seti.org/holdings/previews/COISS_2xxx/COISS_2008/data/1479575527_1479918643/N1479721530_1_full.png,d389e376ed6d62cbda59c8303ec131da019beb02429287de53c83cf14ad9cffa,/Users/upadhyay/dev/ICES/object_detection_opencv_cpp/data/cassini/issna/telesto/images/co-iss-n1479721530.png,true,position_only
co-iss-w1643264167,cassini,issna,aegaeon,CLEAR,0.46,2010-01-27T05:32:14.751,Aegaeon,https://opus.pds-rings.seti.org/holdings/previews/COISS_2xxx/COISS_2060/data/1643188892_1643282464/W1643264167_1_full.png,bccc727ad81e10cd6941b6ecaa8267ee7eaafc2c575802e9fc268321f7cebd7c,/Users/upadhyay/dev/ICES/object_detection_opencv_cpp/data/cassini/issna/aegaeon/images/co-iss-w1643264167.png,true,position_only
co-iss-w1643264504,cassini,issna,aegaeon,CLEAR,10,2010-01-27T05:37:42.221,Aegaeon,https://opus.pds-rings.seti.org/holdings/previews/COISS_2xxx/COISS_2060/data/1643188892_1643282464/W1643264504_1_full.png,63229815e5e4e66b93d1c844b9c2810d577b1aca58ce21f3fab5e4500a6626d9,/Users/upadhyay/dev/ICES/object_detection_opencv_cpp/data/cassini/issna/aegaeon/images/co-iss-w1643264504.png,true,position_only
co-iss-n1643264854,cassini,issna,aegaeon,IR3,2,2010-01-27T05:43:40.238,Aegaeon,https://opus.pds-rings.seti.org/holdings/previews/COISS_2xxx/COISS_2060/data/1643188892_1643282464/N1643264854_1_full.png,7b20220caf7aeec04bbe7167793abd69d6a6a63e47b1d8f9f9745e39d3869f7e,/Users/upadhyay/dev/ICES/object_detection_opencv_cpp/data/cassini/issna/aegaeon/images/co-iss-n1643264854.png,true,position_only
co-iss-n1643264167,cassini,issna,aegaeon,CLEAR,0.1,2010-01-27T05:32:15.111,Aegaeon,https://opus.pds-rings.seti.org/holdings/previews/COISS_2xxx/COISS_2060/data/1643188892_1643282464/N1643264167_1_full.png,7590327abbcfe1a23754278f482cec66c2213bb7f0b4c57d4534422aded6629e,/Users/upadhyay/dev/ICES/object_detection_opencv_cpp/data/cassini/issna/aegaeon/images/co-iss-n1643264167.png,true,position_only
co-iss-w1643264273,cassini,issna,aegaeon,CLEAR,0.1,2010-01-27T05:34:01.115,Aegaeon,https://opus.pds-rings.seti.org/holdings/previews/COISS_2xxx/COISS_2060/data/1643188892_1643282464/W1643264273_1_full.png,01e4a097aba3514cdc53cbe1210eacd89820aba493de191c98f1735fb88fe4b5,/Users/upadhyay/dev/ICES/object_detection_opencv_cpp/data/cassini/issna/aegaeon/images/co-iss-w1643264273.png,true,position_only
co-iss-n1643264273,cassini,issna,aegaeon,CLEAR,0.02,2010-01-27T05:34:01.195,Aegaeon,https://opus.pds-rings.seti.org/holdings/previews/COISS_2xxx/COISS_2060/data/1643188892_1643282464/N1643264273_1_full.png,2ba2be1cf441d0a749a045f9a644c3179370219b56681a9dd5269c2109ffa677,/Users/upadhyay/dev/ICES/object_detection_opencv_cpp/data/cassini/issna/aegaeon/images/co-iss-n1643264273.png,true,position_only
co-iss-n1577213293,cassini,issna,anthe,CLEAR,0.68,2007-12-24T18:12:09.309,Anthe,https://opus.pds-rings.seti.org/holdings/previews/COISS_2xxx/COISS_2040/data/1577179689_1577437700/N1577213293_1_full.png,83f030dff9b6bafb03daff5174165d43d759986bea02d5f702d20fc16ad8bbe8,/Users/upadhyay/dev/ICES/object_detection_opencv_cpp/data/cassini/issna/anthe/images/co-iss-n1577213293.png,true,position_only
co-iss-n1577762117,cassini,issna,anthe,CLEAR,0.68,2007-12-31T02:39:09.432,Anthe,https://opus.pds-rings.seti.org/holdings/previews/COISS_2xxx/COISS_2040/data/1577641616_1577838933/N1577762117_1_full.png,593ceb614e410bad9015bc4a8610066af31b380c2963ac40abed90891a16dd34,/Users/upadhyay/dev/ICES/object_detection_opencv_cpp/data/cassini/issna/anthe/images/co-iss-n1577762117.png,true,position_only
co-iss-n1579321873,cassini,issna,anthe,CLEAR,0.68,2008-01-18T03:54:54.412,Anthe,https://opus.pds-rings.seti.org/holdings/previews/COISS_2xxx/COISS_2041/data/1579318049_1579446912/N1579321873_1_full.png,39070b038fcd7ca2468cce0d5f8b5f3dd1f9c51994fcef49e768090784cf1f7c,/Users/upadhyay/dev/ICES/object_detection_opencv_cpp/data/cassini/issna/anthe/images/co-iss-n1579321873.png,true,position_only
co-iss-n1577457495,cassini,issna,anthe,CLEAR,0.68,2007-12-27T14:02:09.584,Anthe,https://opus.pds-rings.seti.org/holdings/previews/COISS_2xxx/COISS_2040/data/1577451795_1577641583/N1577457495_1_full.png,478ecd941814152e56adfec5e3fccc8a9f3ae8ba33ef9226221c4d255c3dd058,/Users/upadhyay/dev/ICES/object_detection_opencv_cpp/data/cassini/issna/anthe/images/co-iss-n1577457495.png,true,position_only
co-iss-n1577457538,cassini,issna,anthe,CLEAR,0.12,2007-12-27T14:02:53.128,Anthe,https://opus.pds-rings.seti.org/holdings/previews/COISS_2xxx/COISS_2040/data/1577451795_1577641583/N1577457538_1_full.png,091dd1949bab52601bf0b508a88f9e3119afbea421bf60d832e57111165b706a,/Users/upadhyay/dev/ICES/object_detection_opencv_cpp/data/cassini/issna/anthe/images/co-iss-n1577457538.png,true,position_only
co-iss-w1577457538,cassini,issna,anthe,CLEAR,0.1,2007-12-27T14:02:53.148,Anthe,https://opus.pds-rings.seti.org/holdings/previews/COISS_2xxx/COISS_2040/data/1577451795_1577641583/W1577457538_1_full.png,1f18bb2d50b845614b5de58e8d460f2a7a5bd43de57254613577100be69bc654,/Users/upadhyay/dev/ICES/object_detection_opencv_cpp/data/cassini/issna/anthe/images/co-iss-w1577457538.png,true,position_only
co-iss-n1667128256,cassini,issna,bergelmir,CLEAR,220,2010-10-30T10:20:33.428,Bergelmir,https://opus.pds-rings.seti.org/holdings/previews/COISS_2xxx/COISS_2066/data/1667090208_1667151746/N1667128256_1_full.png,d357a1d7c118cac95e7a5cae0d4cef8a8cc7e4056399c526fd46daf0d4f69454,/Users/upadhyay/dev/ICES/object_detection_opencv_cpp/data/cassini/issna/bergelmir/images/co-iss-n1667128256.png,true,false
co-iss-n1667131376,cassini,issna,bergelmir,GRN,1000,2010-10-30T10:59:33.437,Bergelmir,https://opus.pds-rings.seti.org/holdings/previews/COISS_2xxx/COISS_2066/data/1667090208_1667151746/N1667131376_1_full.png,8e6be45bb558e3b7bd36d18082e1ff2d1251f0cc15e492bd101c5f79e965b994,/Users/upadhyay/dev/ICES/object_detection_opencv_cpp/data/cassini/issna/bergelmir/images/co-iss-n1667131376.png,true,false
co-iss-n1667135008,cassini,issna,bergelmir,RED,1000,2010-10-30T12:00:05.434,Bergelmir,https://opus.pds-rings.seti.org/holdings/previews/COISS_2xxx/COISS_2066/data/1667090208_1667151746/N1667135008_1_full.png,49967bbc6ff5009592d9febda94bcb57ffcf7f9fd13a6f7e3f0c83796a5f6472,/Users/upadhyay/dev/ICES/object_detection_opencv_cpp/data/cassini/issna/bergelmir/images/co-iss-n1667135008.png,true,false
co-iss-n1667128776,cassini,issna,bergelmir,CLEAR,460,2010-10-30T10:25:13.432,Bergelmir,https://opus.pds-rings.seti.org/holdings/previews/COISS_2xxx/COISS_2066/data/1667090208_1667151746/N1667128776_1_full.png,7a3fcb97f63770b870b3b0f7522ba9aab3fe320b8b64656632b528c988dd6ab0,/Users/upadhyay/dev/ICES/object_detection_opencv_cpp/data/cassini/issna/bergelmir/images/co-iss-n1667128776.png,true,false
co-iss-n1667129040,cassini,issna,bergelmir,CLEAR,220,2010-10-30T10:33:37.434,Bergelmir,https://opus.pds-rings.seti.org/holdings/previews/COISS_2xxx/COISS_2066/data/1667090208_1667151746/N1667129040_1_full.png,aefa87a6f5db4194e536aeca5366d8059ff2118cfe419f611a7ac0b1e2781af0,/Users/upadhyay/dev/ICES/object_detection_opencv_cpp/data/cassini/issna/bergelmir/images/co-iss-n1667129040.png,true,false
co-iss-n1667129560,cassini,issna,bergelmir,CLEAR,460,2010-10-30T10:38:17.435,Bergelmir,https://opus.pds-rings.seti.org/holdings/previews/COISS_2xxx/COISS_2066/data/1667090208_1667151746/N1667129560_1_full.png,e6389a99df40b5822ee5839400574fd89b0fa319903188d026eaabe9e001cca0,/Users/upadhyay/dev/ICES/object_detection_opencv_cpp/data/cassini/issna/bergelmir/images/co-iss-n1667129560.png,true,false
co-iss-n1455059735,cassini,issna,calypso,CLEAR,0.68,2004-02-09T22:52:39.639,Calypso,https://opus.pds-rings.seti.org/holdings/previews/COISS_2xxx/COISS_2001/data/1455008823_1455194311/N1455059735_1_full.png,21036ef55711ac419ceba962ba2ec22d6ab028433d7991fc1d4fb3d2bbf58cec,/Users/upadhyay/dev/ICES/object_detection_opencv_cpp/data/cassini/issna/calypso/images/co-iss-n1455059735.png,true,position_only
co-iss-n1465282901,cassini,issna,calypso,CLEAR,0.68,2004-06-07T06:37:39.054,Calypso,https://opus.pds-rings.seti.org/holdings/previews/COISS_2xxx/COISS_2003/data/1465220516_1465356985/N1465282901_1_full.png,2613ffd2012a3514be5bd65731ff224edd9856d384a0c3fe31dbef57973edece,/Users/upadhyay/dev/ICES/object_detection_opencv_cpp/data/cassini/issna/calypso/images/co-iss-n1465282901.png,true,position_only
co-iss-n1478411947,cassini,issna,calypso,CLEAR,0.68,2004-11-06T05:33:39.470,Calypso,https://opus.pds-rings.seti.org/holdings/previews/COISS_2xxx/COISS_2008/data/1477891263_1478560609/N1478411947_1_full.png,4dad5519ecaabff1e0e8774dfcd33d69aeaf614c97af74d0a596fb3736d02305,/Users/upadhyay/dev/ICES/object_detection_opencv_cpp/data/cassini/issna/calypso/images/co-iss-n1478411947.png,true,position_only
co-iss-n1521540615,cassini,issna,daphnis,CLEAR,0.09,2006-03-20T09:40:10.405,Daphnis,https://opus.pds-rings.seti.org/holdings/previews/COISS_2xxx/COISS_2021/data/1521526123_1521584811/N1521540615_1_full.png,0955da42e3f899690d6821b91a4dca18f2a1b05ccc8a315a96c1c76f996507f6,/Users/upadhyay/dev/ICES/object_detection_opencv_cpp/data/cassini/issna/daphnis/images/co-iss-n1521540615.png,true,position_only
co-iss-n1521540830,cassini,issna,daphnis,CLEAR,0.09,2006-03-20T09:43:45.388,Daphnis,https://opus.pds-rings.seti.org/holdings/previews/COISS_2xxx/COISS_2021/data/1521526123_1521584811/N1521540830_1_full.png,5b6d2763e557c3509b8193773fd23fe3a5fe311f4f60915e92be192f40ccf2a9,/Users/upadhyay/dev/ICES/object_detection_opencv_cpp/data/cassini/issna/daphnis/images/co-iss-n1521540830.png,true,position_only
co-iss-n1521541049,cassini,issna,daphnis,CLEAR,0.09,2006-03-20T09:47:24.387,Daphnis,https://opus.pds-rings.seti.org/holdings/previews/COISS_2xxx/COISS_2021/data/1521526123_1521584811/N1521541049_1_full.png,1c124f1c13a4920756b1da7f47b58489648ea04056489de2a452937fdb2ccdf9,/Users/upadhyay/dev/ICES/object_detection_opencv_cpp/data/cassini/issna/daphnis/images/co-iss-n1521541049.png,true,position_only
co-iss-n1521540651,cassini,issna,daphnis,CLEAR,0.09,2006-03-20T09:40:46.389,Daphnis,https://opus.pds-rings.seti.org/holdings/previews/COISS_2xxx/COISS_2021/data/1521526123_1521584811/N1521540651_1_full.png,e07783ca8096ad86461a3892f3a5ebf13794a860a28e624af6cca02aca75c6a2,/Users/upadhyay/dev/ICES/object_detection_opencv_cpp/data/cassini/issna/daphnis/images/co-iss-n1521540651.png,true,position_only
co-iss-n1521540684,cassini,issna,daphnis,CLEAR,0.09,2006-03-20T09:41:19.389,Daphnis,https://opus.pds-rings.seti.org/holdings/previews/COISS_2xxx/COISS_2021/data/1521526123_1521584811/N1521540684_1_full.png,88fe013bb127395df3a11e933cf5ff395787c5958af4b3c8b99ded3e4604f981,/Users/upadhyay/dev/ICES/object_detection_opencv_cpp/data/cassini/issna/daphnis/images/co-iss-n1521540684.png,true,position_only
co-iss-n1521540724,cassini,issna,daphnis,CLEAR,0.09,2006-03-20T09:41:59.389,Daphnis,https://opus.pds-rings.seti.org/holdings/previews/COISS_2xxx/COISS_2021/data/1521526123_1521584811/N1521540724_1_full.png,90a06e88b6450a0cdaa8709fb3925d80c2cc4cfab12db0920e87aebb3f2850a6,/Users/upadhyay/dev/ICES/object_detection_opencv_cpp/data/cassini/issna/daphnis/images/co-iss-n1521540724.png,true,position_only
co-iss-n1559278691,cassini,issna,fornjot,UV3,82,2007-05-31T04:22:44.455,Fornjot,https://opus.pds-rings.seti.org/holdings/previews/COISS_2xxx/COISS_2032/data/1559211372_1559302672/N1559278691_1_full.png,c8c0669fab825859ab1b37d2f1a34791854ecbef92fe9fcee0e2edd1b43dbaa7,/Users/upadhyay/dev/ICES/object_detection_opencv_cpp/data/cassini/issna/fornjot/images/co-iss-n1559278691.png,true,false
co-iss-n1559279279,cassini,issna,fornjot,UV3,82,2007-05-31T04:32:32.451,Fornjot,https://opus.pds-rings.seti.org/holdings/previews/COISS_2xxx/COISS_2032/data/1559211372_1559302672/N1559279279_1_full.png,6f9bf9e594321dd467426f7fab4c39b015a184f95c9da18e41469ac625508ae8,/Users/upadhyay/dev/ICES/object_detection_opencv_cpp/data/cassini/issna/fornjot/images/co-iss-n1559279279.png,true,false
co-iss-n1559279867,cassini,issna,fornjot,UV3,82,2007-05-31T04:42:20.448,Fornjot,https://opus.pds-rings.seti.org/holdings/previews/COISS_2xxx/COISS_2032/data/1559211372_1559302672/N1559279867_1_full.png,b959a146ca2212341c3b53547bc7249aeb2246312b0d6fcfa4f51726b938db19,/Users/upadhyay/dev/ICES/object_detection_opencv_cpp/data/cassini/issna/fornjot/images/co-iss-n1559279867.png,true,false
co-iss-n1559278789,cassini,issna,fornjot,GRN,82,2007-05-31T04:24:22.454,Fornjot,https://opus.pds-rings.seti.org/holdings/previews/COISS_2xxx/COISS_2032/data/1559211372_1559302672/N1559278789_1_full.png,1f17f509302765fdfd15ee9c821803e7da6410fc4212f63885cf19b038b3cfeb,/Users/upadhyay/dev/ICES/object_detection_opencv_cpp/data/cassini/issna/fornjot/images/co-iss-n1559278789.png,true,false
co-iss-n1559278887,cassini,issna,fornjot,IR1,82,2007-05-31T04:26:00.454,Fornjot,https://opus.pds-rings.seti.org/holdings/previews/COISS_2xxx/COISS_2032/data/1559211372_1559302672/N1559278887_1_full.png,9a09496d9b9d1554311aa6370f4a6e2d17f7bb18e2f8841ec7433905b1ad336e,/Users/upadhyay/dev/ICES/object_detection_opencv_cpp/data/cassini/issna/fornjot/images/co-iss-n1559278887.png,true,false
co-iss-n1559278985,cassini,issna,fornjot,BL1,82,2007-05-31T04:27:38.453,Fornjot,https://opus.pds-rings.seti.org/holdings/previews/COISS_2xxx/COISS_2032/data/1559211372_1559302672/N1559278985_1_full.png,18272c5f38490a0da14213884aaaf832b5b75813e1ff7316ae78d379d9103f0b,/Users/upadhyay/dev/ICES/object_detection_opencv_cpp/data/cassini/issna/fornjot/images/co-iss-n1559278985.png,true,false
co-iss-n1355702131,cassini,issna,io,CLEAR,2,2000-12-16T23:43:59.773,Io,https://opus.pds-rings.seti.org/holdings/previews/COISS_1xxx/COISS_1004/data/1355692742_1355710382/N1355702131_2_full.png,ef4441a875d7b333b160a626a6a9d9b414f758b508e2f4bb4d35d8ed8486a1d5,/Users/upadhyay/dev/ICES/object_detection_opencv_cpp/data/cassini/issna/io/images/co-iss-n1355702131.png,true,true
co-iss-n1355702341,cassini,issna,io,UV3,2,2000-12-16T23:47:29.338,Io,https://opus.pds-rings.seti.org/holdings/previews/COISS_1xxx/COISS_1004/data/1355692742_1355710382/N1355702341_1_full.png,1b950a619b9f6616b2006cef1a5ded5cb729f8cefd64433acb06ddf99a3dcb9b,/Users/upadhyay/dev/ICES/object_detection_opencv_cpp/data/cassini/issna/io/images/co-iss-n1355702341.png,true,true
co-iss-n1355702585,cassini,issna,io,CB1,12,2000-12-16T23:51:23.754,Io,https://opus.pds-rings.seti.org/holdings/previews/COISS_1xxx/COISS_1004/data/1355692742_1355710382/N1355702585_1_full.png,1e7820b4f6d5dc652806027882d6a7d056f739f68c6b3b2cc0eeb5d4db9328ae,/Users/upadhyay/dev/ICES/object_detection_opencv_cpp/data/cassini/issna/io/images/co-iss-n1355702585.png,true,true
co-iss-n1355702179,cassini,issna,io,CLEAR,12,2000-12-16T23:44:37.777,Io,https://opus.pds-rings.seti.org/holdings/previews/COISS_1xxx/COISS_1004/data/1355692742_1355710382/N1355702179_1_full.png,ef2a4c8949cdab1ef24e678bdb88cc276b1fd75e62066e47011c2ce53996efe6,/Users/upadhyay/dev/ICES/object_detection_opencv_cpp/data/cassini/issna/io/images/co-iss-n1355702179.png,true,true
co-iss-n1355702203,cassini,issna,io,UV1,4.6,2000-12-16T23:45:09.184,Io,https://opus.pds-rings.seti.org/holdings/previews/COISS_1xxx/COISS_1004/data/1355692742_1355710382/N1355702203_1_full.png,fa6a58104de61e7296abd7b461e88648c81f6520fc6dbbfa2306841a3e08084f,/Users/upadhyay/dev/ICES/object_detection_opencv_cpp/data/cassini/issna/io/images/co-iss-n1355702203.png,true,true
co-iss-n1355702251,cassini,issna,io,UV1,12,2000-12-16T23:45:49.788,Io,https://opus.pds-rings.seti.org/holdings/previews/COISS_1xxx/COISS_1004/data/1355692742_1355710382/N1355702251_1_full.png,a43da79e3b7345aedf3f9a2d9de636c6d580cb9c77122578a3ea7a129126ce32,/Users/upadhyay/dev/ICES/object_detection_opencv_cpp/data/cassini/issna/io/images/co-iss-n1355702251.png,true,true
co-iss-n1611809839,cassini,issna,loge,CLEAR,1,2009-01-28T04:17:09.606,Loge,https://opus.pds-rings.seti.org/holdings/previews/COISS_2xxx/COISS_2052/data/1611761759_1611809839/N1611809839_1_full.png,ea2e7bb8a48700fbd82c11f8db6c16000cfda1f23b38b7d552292e3111294c8d,/Users/upadhyay/dev/ICES/object_detection_opencv_cpp/data/cassini/issna/loge/images/co-iss-n1611809839.png,true,false
co-iss-n1697869850,cassini,issna,loge,CLEAR,460,2011-10-21T05:33:12.806,Loge,https://opus.pds-rings.seti.org/holdings/previews/COISS_2xxx/COISS_2071/data/1697829504_1697961728/N1697869850_1_full.png,26195af2a5bb74329bfe2d341a798ca06b95c0dd0abdef7af2bc65a01c2afbde,/Users/upadhyay/dev/ICES/object_detection_opencv_cpp/data/cassini/issna/loge/images/co-iss-n1697869850.png,true,false
co-iss-n1697872970,cassini,issna,loge,CLEAR,460,2011-10-21T06:25:12.786,Loge,https://opus.pds-rings.seti.org/holdings/previews/COISS_2xxx/COISS_2071/data/1697829504_1697961728/N1697872970_1_full.png,8564248977177cc6e9c6a264c0287efef3b919c49525f15e87ff7389c08fcc40,/Users/upadhyay/dev/ICES/object_detection_opencv_cpp/data/cassini/issna/loge/images/co-iss-n1697872970.png,true,false
co-iss-n1697867770,cassini,issna,loge,CLEAR,220,2011-10-21T05:02:32.815,Loge,https://opus.pds-rings.seti.org/holdings/previews/COISS_2xxx/COISS_2071/data/1697829504_1697961728/N1697867770_1_full.png,aa7e7eff7089744138394aa695005a2a194f39299f77fd6db19c41cbe2061129,/Users/upadhyay/dev/ICES/object_detection_opencv_cpp/data/cassini/issna/loge/images/co-iss-n1697867770.png,true,false
co-iss-n1697868290,cassini,issna,loge,CLEAR,460,2011-10-21T05:07:12.815,Loge,https://opus.pds-rings.seti.org/holdings/previews/COISS_2xxx/COISS_2071/data/1697829504_1697961728/N1697868290_1_full.png,72fc6d10756482ec30255fb3960d903c0b01d4ed670373fd4d8e97b3680827d5,/Users/upadhyay/dev/ICES/object_detection_opencv_cpp/data/cassini/issna/loge/images/co-iss-n1697868290.png,true,false
co-iss-n1697868810,cassini,issna,loge,CLEAR,460,2011-10-21T05:15:52.812,Loge,https://opus.pds-rings.seti.org/holdings/previews/COISS_2xxx/COISS_2071/data/1697829504_1697961728/N1697868810_1_full.png,760972180ac29d2b558f8fbcfa33166733dddffbf9c6920439b6927680263e0a,/Users/upadhyay/dev/ICES/object_detection_opencv_cpp/data/cassini/issna/loge/images/co-iss-n1697868810.png,true,false
co-iss-n1495207156,cassini,issna,pallene,CLEAR,0.26,2005-05-19T14:52:00.349,Pallene,https://opus.pds-rings.seti.org/holdings/previews/COISS_2xxx/COISS_2012/data/1495113947_1495209323/N1495207156_1_full.png,b7018dd78e72f5638748064b4e4214c85045b1f0e53f0c023fdb63e4f31945b5,/Users/upadhyay/dev/ICES/object_detection_opencv_cpp/data/cassini/issna/pallene/images/co-iss-n1495207156.png,true,position_only
co-iss-n1501557414,cassini,issna,pallene,IR3,2.6,2005-08-01T02:48:55.445,Pallene,https://opus.pds-rings.seti.org/holdings/previews/COISS_2xxx/COISS_2014/data/1501553932_1501618391/N1501557414_1_full.png,1a0cdff9b867b86b27661e86f71f7a311c00acd6aa9db384ee7fae14ecaab1fe,/Users/upadhyay/dev/ICES/object_detection_opencv_cpp/data/cassini/issna/pallene/images/co-iss-n1501557414.png,true,position_only
co-iss-n1502795579,cassini,issna,pallene,CLEAR,0.68,2005-08-15T10:44:54.452,Pallene,https://opus.pds-rings.seti.org/holdings/previews/COISS_2xxx/COISS_2014/data/1502581803_1502849943/N1502795579_1_full.png,c953a0fdfb07e3e64003c89abf6dfc93f293ed00feb14efae312e83c4696dbfc,/Users/upadhyay/dev/ICES/object_detection_opencv_cpp/data/cassini/issna/pallene/images/co-iss-n1502795579.png,true,position_only
co-iss-n1496910452,cassini,issna,pallene,BL1,2,2005-06-08T08:00:03.759,Pallene,https://opus.pds-rings.seti.org/holdings/previews/COISS_2xxx/COISS_2012/data/1496877151_1496974774/N1496910452_1_full.png,6da309e9d9d3a0bdd216eb2617ef7c2b9886b4c7a21ea1538bfe3cda0f2e8134,/Users/upadhyay/dev/ICES/object_detection_opencv_cpp/data/cassini/issna/pallene/images/co-iss-n1496910452.png,true,position_only
co-iss-n1496910541,cassini,issna,pallene,RED,0.38,2005-06-08T08:01:34.386,Pallene,https://opus.pds-rings.seti.org/holdings/previews/COISS_2xxx/COISS_2012/data/1496877151_1496974774/N1496910541_1_full.png,ddcef58597ac2d355d2f165946f718dd5bba7c7f988739b06ef78477254d8877,/Users/upadhyay/dev/ICES/object_detection_opencv_cpp/data/cassini/issna/pallene/images/co-iss-n1496910541.png,true,position_only
co-iss-n1496910582,cassini,issna,pallene,GRN,0.46,2005-06-08T08:02:15.306,Pallene,https://opus.pds-rings.seti.org/holdings/previews/COISS_2xxx/COISS_2012/data/1496877151_1496974774/N1496910582_1_full.png,a994700c98c2be1f460b940ffcb1fa8952eb0b7dc898d831d863bc65cb0b3317,/Users/upadhyay/dev/ICES/object_detection_opencv_cpp/data/cassini/issna/pallene/images/co-iss-n1496910582.png,true,position_only
co-iss-n1495210661,cassini,issna,polydeuces,CLEAR,0.22,2005-05-19T15:50:25.351,Polydeuces,https://opus.pds-rings.seti.org/holdings/previews/COISS_2xxx/COISS_2012/data/1495209871_1495270901/N1495210661_1_full.png,2c316f87512192f484aa940a9f2825e42d872b61bb66bde9e5f5ebd2a268683e,/Users/upadhyay/dev/ICES/object_detection_opencv_cpp/data/cassini/issna/polydeuces/images/co-iss-n1495210661.png,true,position_only
co-iss-n1496908032,cassini,issna,polydeuces,BL1,2,2005-06-08T07:19:43.774,Polydeuces,https://opus.pds-rings.seti.org/holdings/previews/COISS_2xxx/COISS_2012/data/1496877151_1496974774/N1496908032_1_full.png,c977f76d3ef43f65cda5237d37f5d28bc3deed2679e7e2183266a1a397af9fd2,/Users/upadhyay/dev/ICES/object_detection_opencv_cpp/data/cassini/issna/polydeuces/images/co-iss-n1496908032.png,true,position_only
co-iss-n1502795147,cassini,issna,polydeuces,CLEAR,0.12,2005-08-15T10:37:43.018,Polydeuces,https://opus.pds-rings.seti.org/holdings/previews/COISS_2xxx/COISS_2014/data/1502581803_1502849943/N1502795147_2_full.png,21d5ce435a54e03f59749c23d2bdc410f6f9da47cb9e9d4d412425a22a743ffe,/Users/upadhyay/dev/ICES/object_detection_opencv_cpp/data/cassini/issna/polydeuces/images/co-iss-n1502795147.png,true,position_only
co-iss-n1496870357,cassini,issna,polydeuces,BL1,1.5,2005-06-07T20:51:49.515,Polydeuces,https://opus.pds-rings.seti.org/holdings/previews/COISS_2xxx/COISS_2012/data/1496756061_1496877117/N1496870357_1_full.png,5300a044480da80f8fbb1a3e63010176879b1e4db10dc029cb4c6a7a5b9b3a26,/Users/upadhyay/dev/ICES/object_detection_opencv_cpp/data/cassini/issna/polydeuces/images/co-iss-n1496870357.png,true,position_only
co-iss-n1496870390,cassini,issna,polydeuces,RED,0.32,2005-06-07T20:52:23.702,Polydeuces,https://opus.pds-rings.seti.org/holdings/previews/COISS_2xxx/COISS_2012/data/1496756061_1496877117/N1496870390_1_full.png,cf2a0c265a0bcf7da2fead1772648b4fc8a15dd8eb9b4856954ebadf8fc75392,/Users/upadhyay/dev/ICES/object_detection_opencv_cpp/data/cassini/issna/polydeuces/images/co-iss-n1496870390.png,true,position_only
co-iss-n1496870423,cassini,issna,polydeuces,GRN,0.38,2005-06-07T20:52:56.642,Polydeuces,https://opus.pds-rings.seti.org/holdings/previews/COISS_2xxx/COISS_2012/data/1496756061_1496877117/N1496870423_1_full.png,f8604c8bab458e822ab6436f07eae10e2074ca10b13509f33ed1f5ab00e3f3a5,/Users/upadhyay/dev/ICES/object_detection_opencv_cpp/data/cassini/issna/polydeuces/images/co-iss-n1496870423.png,true,position_only
co-iss-n1620679652,cassini,issna,skoll,CLEAR,5.6,2009-05-10T20:06:14.933,Skoll,https://opus.pds-rings.seti.org/holdings/previews/COISS_2xxx/COISS_2054/data/1620671702_1620911619/N1620679652_1_full.png,151ec9bc9fd2ff473e6108c97a0a59129514d8739339318a464a72c48c07419a,/Users/upadhyay/dev/ICES/object_detection_opencv_cpp/data/cassini/issna/skoll/images/co-iss-n1620679652.png,true,false
co-iss-n1644268128,cassini,issna,skoll,CLEAR,180,2010-02-07T20:21:49.052,Skoll,https://opus.pds-rings.seti.org/holdings/previews/COISS_2xxx/COISS_2060/data/1643965551_1644273190/N1644268128_1_full.png,b3a903c3e404ece36413f98763d41661a16888835b5a51bef4f4151af72adc0f,/Users/upadhyay/dev/ICES/object_detection_opencv_cpp/data/cassini/issna/skoll/images/co-iss-n1644268128.png,true,false
co-iss-n1644269343,cassini,issna,skoll,CLEAR,180,2010-02-07T20:42:04.043,Skoll,https://opus.pds-rings.seti.org/holdings/previews/COISS_2xxx/COISS_2060/data/1643965551_1644273190/N1644269343_1_full.png,bb018b1d5caf2be25311084a7280d632e46b1b036b5b02c88fd686cd9452b874,/Users/upadhyay/dev/ICES/object_detection_opencv_cpp/data/cassini/issna/skoll/images/co-iss-n1644269343.png,true,false
co-iss-n1644267520,cassini,issna,skoll,CLEAR,180,2010-02-07T20:11:41.056,Skoll,https://opus.pds-rings.seti.org/holdings/previews/COISS_2xxx/COISS_2060/data/1643965551_1644273190/N1644267520_1_full.png,8f60d032f30bc371f14063f0e2513ddadf97ec169271e8c73a9016a6b6b608df,/Users/upadhyay/dev/ICES/object_detection_opencv_cpp/data/cassini/issna/skoll/images/co-iss-n1644267520.png,true,false
co-iss-n1644267723,cassini,issna,skoll,CLEAR,180,2010-02-07T20:15:04.055,Skoll,https://opus.pds-rings.seti.org/holdings/previews/COISS_2xxx/COISS_2060/data/1643965551_1644273190/N1644267723_1_full.png,0d66b5f0e6ef4058f81c591899867bd712c4a85a8bf7841863e9a6776e66ec43,/Users/upadhyay/dev/ICES/object_detection_opencv_cpp/data/cassini/issna/skoll/images/co-iss-n1644267723.png,true,false
co-iss-n1644267925,cassini,issna,skoll,CLEAR,180,2010-02-07T20:18:26.053,Skoll,https://opus.pds-rings.seti.org/holdings/previews/COISS_2xxx/COISS_2060/data/1643965551_1644273190/N1644267925_1_full.png,bb8bb801a0d3d1651264130e2157b8ba458e9a8ef4d877bf5bd3bdc8574997fe,/Users/upadhyay/dev/ICES/object_detection_opencv_cpp/data/cassini/issna/skoll/images/co-iss-n1644267925.png,true,false
co-iss-n1347928997,cassini,issna,unknown,UV1,2.6,2000-09-18T00:32:38.930,Alp PsA (Fomalhaut),https://opus.pds-rings.seti.org/holdings/previews/COISS_1xxx/COISS_1001/data/1339271046_1347931867/N1347928997_3_full.png,a70173b3027f8356ff9a4c6d34d0fa075802ae5158d553e21cd25f12360cb088,/Users/upadhyay/dev/ICES/object_detection_opencv_cpp/data/cassini/issna/unknown/images/co-iss-n1347928997.png,true,false
co-iss-n1347929382,cassini,issna,unknown,GRN,0.05,2000-09-18T00:39:06.477,Alp PsA (Fomalhaut),https://opus.pds-rings.seti.org/holdings/previews/COISS_1xxx/COISS_1001/data/1339271046_1347931867/N1347929382_3_full.png,824812452f976c1cfb2c73eeb8ee0870063aef280a632a29773086037ff9b978,/Users/upadhyay/dev/ICES/object_detection_opencv_cpp/data/cassini/issna/unknown/images/co-iss-n1347929382.png,true,false
co-iss-n1347929052,cassini,issna,unknown,UV1,2,2000-09-18T00:33:34.529,Alp PsA (Fomalhaut),https://opus.pds-rings.seti.org/holdings/previews/COISS_1xxx/COISS_1001/data/1339271046_1347931867/N1347929052_3_full.png,afc1feafcd2aa0f5628999db65a0ac9886041012e4f904bcd0d19811f7a61d95,/Users/upadhyay/dev/ICES/object_detection_opencv_cpp/data/cassini/issna/unknown/images/co-iss-n1347929052.png,true,false
co-iss-n1347929107,cassini,issna,unknown,UV1,1.8,2000-09-18T00:34:29.729,Alp PsA (Fomalhaut),https://opus.pds-rings.seti.org/holdings/previews/COISS_1xxx/COISS_1001/data/1339271046_1347931867/N1347929107_3_full.png,128a1b295aa83eb1b8767ba637b61579775079ca0d69f791e1191630c041b9c3,/Users/upadhyay/dev/ICES/object_detection_opencv_cpp/data/cassini/issna/unknown/images/co-iss-n1347929107.png,true,false
co-iss-n1347929162,cassini,issna,unknown,BL1,0.15,2000-09-18T00:35:26.379,Alp PsA (Fomalhaut),https://opus.pds-rings.seti.org/holdings/previews/COISS_1xxx/COISS_1001/data/1339271046_1347931867/N1347929162_3_full.png,287c2e0d75f77c728b9a87b50b765256eaf856765ef5255db4e7935f73c139d4,/Users/upadhyay/dev/ICES/object_detection_opencv_cpp/data/cassini/issna/unknown/images/co-iss-n1347929162.png,true,false
co-iss-n1295204353,cassini,issna,unknown,UV1,0.03,1999-01-16T18:54:27.419,Alp Vir (Spica),https://opus.pds-rings.seti.org/holdings/previews/COISS_1xxx/COISS_1001/data/1294561143_1295221348/N1295204353_1_full.png,7618c01dd566f9b761c8e179f57de025cdd8a516d6a1206992e83e610d3553d2,/Users/upadhyay/dev/ICES/object_detection_opencv_cpp/data/cassini/issna/unknown/images/co-iss-n1295204353.png,true,false
co-iss-w1295204814,cassini,issna,unknown,VIO,3.8,1999-01-16T19:02:08.876,Alp Vir (Spica),https://opus.pds-rings.seti.org/holdings/previews/COISS_1xxx/COISS_1001/data/1294561143_1295221348/W1295204814_1_full.png,65975de003530fa3f6ad50b40fbb86317d60efd873b05a7e8812ab8f8b0e3735,/Users/upadhyay/dev/ICES/object_detection_opencv_cpp/data/cassini/issna/unknown/images/co-iss-w1295204814.png,true,false
co-iss-w1295204353,cassini,issna,unknown,VIO,1,1999-01-16T18:54:27.419,Alp Vir (Spica),https://opus.pds-rings.seti.org/holdings/previews/COISS_1xxx/COISS_1001/data/1294561143_1295221348/W1295204353_1_full.png,f80e54f7ef5211c68410ab23e6db9f47aaeab3c8980c1faf9cb7c6a4d3c92686,/Users/upadhyay/dev/ICES/object_detection_opencv_cpp/data/cassini/issna/unknown/images/co-iss-w1295204353.png,true,false
co-iss-n1295204467,cassini,issna,unknown,UV1,0.03,1999-01-16T18:56:21.422,Alp Vir (Spica),https://opus.pds-rings.seti.org/holdings/previews/COISS_1xxx/COISS_1001/data/1294561143_1295221348/N1295204467_1_full.png,2e1471c084d3b9585749f2f0e2fb22d6b4ae6b0eea80fc4f9ae0c88731644424,/Users/upadhyay/dev/ICES/object_detection_opencv_cpp/data/cassini/issna/unknown/images/co-iss-n1295204467.png,true,false
co-iss-w1295204467,cassini,issna,unknown,VIO,1,1999-01-16T18:56:21.422,Alp Vir (Spica),https://opus.pds-rings.seti.org/holdings/previews/COISS_1xxx/COISS_1001/data/1294561143_1295221348/W1295204467_1_full.png,cabdb8919be469bd62d0fad0535d2165b24fa3a2a7d2803664aaab9d70b37438,/Users/upadhyay/dev/ICES/object_detection_opencv_cpp/data/cassini/issna/unknown/images/co-iss-w1295204467.png,true,false
co-iss-n1647938851,cassini,issna,unknown,RED,100,2010-03-22T08:03:05.910,Dark,https://opus.pds-rings.seti.org/holdings/previews/COISS_2xxx/COISS_2061/data/1647019391_1648041857/N1647938851_1_full.png,45f1bd171aacbc6ab616839fc05602da456895fc869689f6f4620f595149e205,/Users/upadhyay/dev/ICES/object_detection_opencv_cpp/data/cassini/issna/unknown/images/co-iss-n1647938851.png,true,false
co-iss-n1665576052,cassini,issna,unknown,RED,100,2010-10-12T11:14:20.578,Dark,https://opus.pds-rings.seti.org/holdings/previews/COISS_2xxx/COISS_2066/data/1665246267_1665733602/N1665576052_1_full.png,cc4ce768a7f362602991339729b961e668e5ac4ac604841b7570d3225bcdaa2a,/Users/upadhyay/dev/ICES/object_detection_opencv_cpp/data/cassini/issna/unknown/images/co-iss-n1665576052.png,true,false
co-iss-n1357536343,cassini,issna,unknown,UV2,1,2001-01-07T05:14:00.017,Dark Sky,https://opus.pds-rings.seti.org/holdings/previews/COISS_1xxx/COISS_1004/data/1357456832_1357539422/N1357536343_1_full.png,dc024688075a690492906f35e54aace18afdc9f2296469a5216591acc78ef08b,/Users/upadhyay/dev/ICES/object_detection_opencv_cpp/data/cassini/issna/unknown/images/co-iss-n1357536343.png,true,false
co-iss-n1357536574,cassini,issna,unknown,UV2,2,2001-01-07T05:17:50.050,Dark Sky,https://opus.pds-rings.seti.org/holdings/previews/COISS_1xxx/COISS_1004/data/1357456832_1357539422/N1357536574_1_full.png,ea4334f3d591d5cbdf3b4dc3e21b2894047fd87eec949f875c88b0fa505dcfd8,/Users/upadhyay/dev/ICES/object_detection_opencv_cpp/data/cassini/issna/unknown/images/co-iss-n1357536574.png,true,false
co-iss-n1357536376,cassini,issna,unknown,UV2,1,2001-01-07T05:14:33.024,Dark Sky,https://opus.pds-rings.seti.org/holdings/previews/COISS_1xxx/COISS_1004/data/1357456832_1357539422/N1357536376_1_full.png,cce522caca2deab155fe7081ec22e9ba386143282d56c90926732c9ef0e04154,/Users/upadhyay/dev/ICES/object_detection_opencv_cpp/data/cassini/issna/unknown/images/co-iss-n1357536376.png,true,false
co-iss-n1357536409,cassini,issna,unknown,UV2,2,2001-01-07T05:15:05.028,Dark Sky,https://opus.pds-rings.seti.org/holdings/previews/COISS_1xxx/COISS_1004/data/1357456832_1357539422/N1357536409_1_full.png,9459c27d291aac4784d559f751074e43fe8ba1f414af29a010b1d0b9b9eb9e8d,/Users/upadhyay/dev/ICES/object_detection_opencv_cpp/data/cassini/issna/unknown/images/co-iss-n1357536409.png,true,false
co-iss-n1357536442,cassini,issna,unknown,UV2,2,2001-01-07T05:15:38.032,Dark Sky,https://opus.pds-rings.seti.org/holdings/previews/COISS_1xxx/COISS_1004/data/1357456832_1357539422/N1357536442_1_full.png,fddb4a37eb8c589f83593498746e0b81a78b10caa3a10b4073af1837c5399b2b,/Users/upadhyay/dev/ICES/object_detection_opencv_cpp/data/cassini/issna/unknown/images/co-iss-n1357536442.png,true,false
co-iss-n1327288147,cassini,issna,unknown,CLEAR,1.2,2000-01-23T03:00:49.560,Masursky,https://opus.pds-rings.seti.org/holdings/previews/COISS_1xxx/COISS_1001/data/1313633670_1327290527/N1327288147_1_full.png,4624924e492f142772cd2929e5e1e908cc6322873f2351d845a8a4f4fd462b42,/Users/upadhyay/dev/ICES/object_detection_opencv_cpp/data/cassini/issna/unknown/images/co-iss-n1327288147.png,true,false
co-iss-n1327288542,cassini,issna,unknown,GRN+P60,3.2,2000-01-23T03:07:24.667,Masursky,https://opus.pds-rings.seti.org/holdings/previews/COISS_1xxx/COISS_1001/data/1313633670_1327290527/N1327288542_1_full.png,e6e533cdf27d5c52e9fa91f866db3fe637cd90071685be30eb1132a024e21191,/Users/upadhyay/dev/ICES/object_detection_opencv_cpp/data/cassini/issna/unknown/images/co-iss-n1327288542.png,true,false
co-iss-w1327288147,cassini,issna,unknown,RED,32,2000-01-23T03:00:49.560,Masursky,https://opus.pds-rings.seti.org/holdings/previews/COISS_1xxx/COISS_1001/data/1313633670_1327290527/W1327288147_1_full.png,89154ae7e80dea85b056127bc5adf2f63cfccbaa890210e24b1b04e8fb14a359,/Users/upadhyay/dev/ICES/object_detection_opencv_cpp/data/cassini/issna/unknown/images/co-iss-w1327288147.png,true,false
co-iss-n1327288252,cassini,issna,unknown,CLEAR,0.26,2000-01-23T03:02:34.559,Masursky,https://opus.pds-rings.seti.org/holdings/previews/COISS_1xxx/COISS_1001/data/1313633670_1327290527/N1327288252_1_full.png,60c38feef96a9642bc20582cf0e87c06082329eeb306190849d95b1c5541cebc,/Users/upadhyay/dev/ICES/object_detection_opencv_cpp/data/cassini/issna/unknown/images/co-iss-n1327288252.png,true,false
co-iss-n1327288307,cassini,issna,unknown,CLEAR,0.56,2000-01-23T03:03:29.559,Masursky,https://opus.pds-rings.seti.org/holdings/previews/COISS_1xxx/COISS_1001/data/1313633670_1327290527/N1327288307_1_full.png,31cfde1b507485b0fb807f80845ccfbb21b61a910ffbf2bde6d561a2230893f6,/Users/upadhyay/dev/ICES/object_detection_opencv_cpp/data/cassini/issna/unknown/images/co-iss-n1327288307.png,true,false
co-iss-n1294639340,cassini,issna,unknown,MT3+P120,0.005,1999-01-10T05:57:38.167,Sky,https://opus.pds-rings.seti.org/holdings/previews/COISS_1xxx/COISS_1001/data/1294561143_1295221348/N1294639340_1_full.png,b1bb9b58a08b8941bc6c98fa4aaeca138afc7ccbf2b1047af5f14ace41b918cd,/Users/upadhyay/dev/ICES/object_detection_opencv_cpp/data/cassini/issna/unknown/images/co-iss-n1294639340.png,true,false
co-iss-w1294639598,cassini,issna,unknown,CLEAR,2,1999-01-10T06:01:56.166,Sky,https://opus.pds-rings.seti.org/holdings/previews/COISS_1xxx/COISS_1001/data/1294561143_1295221348/W1294639598_1_full.png,d6e6d0a82ee84f53c210edec358fb3c7d2b8df7fe601cbface86c0d4a620cd8b,/Users/upadhyay/dev/ICES/object_detection_opencv_cpp/data/cassini/issna/unknown/images/co-iss-w1294639598.png,true,false
co-iss-w1294639340,cassini,issna,unknown,HAL+CB3,0.06,1999-01-10T05:57:38.167,Sky,https://opus.pds-rings.seti.org/holdings/previews/COISS_1xxx/COISS_1001/data/1294561143_1295221348/W1294639340_1_full.png,7ed89e85343aac96a58477548d44db5eb3e8581939897464853ec7a9666bfe84,/Users/upadhyay/dev/ICES/object_detection_opencv_cpp/data/cassini/issna/unknown/images/co-iss-w1294639340.png,true,false
co-iss-n1294639426,cassini,issna,unknown,CLEAR,0.32,1999-01-10T05:59:04.167,Sky,https://opus.pds-rings.seti.org/holdings/previews/COISS_1xxx/COISS_1001/data/1294561143_1295221348/N1294639426_1_full.png,b073f2f7f0a9af0f463065885a52a704329f7d49ec6adb8a45f162f1c0516ae2,/Users/upadhyay/dev/ICES/object_detection_opencv_cpp/data/cassini/issna/unknown/images/co-iss-n1294639426.png,true,false
co-iss-w1294639426,cassini,issna,unknown,CLEAR,2,1999-01-10T05:59:04.167,Sky,https://opus.pds-rings.seti.org/holdings/previews/COISS_1xxx/COISS_1001/data/1294561143_1295221348/W1294639426_1_full.png,9fbe62d2725c8edbc1bbceeed4f5330b1835c8937bc51df7c3926a4d2379fad7,/Users/upadhyay/dev/ICES/object_detection_opencv_cpp/data/cassini/issna/unknown/images/co-iss-w1294639426.png,true,false
co-iss-n1521879918,cassini,issna,unknown,CLEAR,1,2006-03-24T07:55:10.333,Star,https://opus.pds-rings.seti.org/holdings/previews/COISS_2xxx/COISS_2021/data/1521798868_1521893025/N1521879918_2_full.png,ac05b7422a9b9867120d94f09eba9e3384bd05276ca40c9d826ace9e9147dbc9,/Users/upadhyay/dev/ICES/object_detection_opencv_cpp/data/cassini/issna/unknown/images/co-iss-n1521879918.png,true,false
co-iss-w1521880998,cassini,issna,unknown,CLEAR,1,2006-03-24T08:13:10.326,Star,https://opus.pds-rings.seti.org/holdings/previews/COISS_2xxx/COISS_2021/data/1521798868_1521893025/W1521880998_2_full.png,f6def9e48bbdd5a24676bf3e385752a28e64984a71d4ee9a09f577cd38052e97,/Users/upadhyay/dev/ICES/object_detection_opencv_cpp/data/cassini/issna/unknown/images/co-iss-w1521880998.png,true,false
co-iss-w1521879918,cassini,issna,unknown,CLEAR,1,2006-03-24T07:55:10.333,Star,https://opus.pds-rings.seti.org/holdings/previews/COISS_2xxx/COISS_2021/data/1521798868_1521893025/W1521879918_2_full.png,31d49ee1461a6ee41366ecff1f0c0281a5e99fc494a18c2fc9bb9aa32b9b60e8,/Users/upadhyay/dev/ICES/object_detection_opencv_cpp/data/cassini/issna/unknown/images/co-iss-w1521879918.png,true,false
co-iss-n1521880278,cassini,issna,unknown,CLEAR,1,2006-03-24T08:01:10.331,Star,https://opus.pds-rings.seti.org/holdings/previews/COISS_2xxx/COISS_2021/data/1521798868_1521893025/N1521880278_2_full.png,24c84a970e5ff847b22ba8ce053af9ebf44b29a4a21777cc4d3798fa8b45ac62,/Users/upadhyay/dev/ICES/object_detection_opencv_cpp/data/cassini/issna/unknown/images/co-iss-n1521880278.png,true,false
co-iss-w1521880278,cassini,issna,unknown,CLEAR,1,2006-03-24T08:01:10.331,Star,https://opus.pds-rings.seti.org/holdings/previews/COISS_2xxx/COISS_2021/data/1521798868_1521893025/W1521880278_2_full.png,01e3af917b50bb1dd94a136a29bcb6cd19cebb058b70accbb7101f77cc620fe0,/Users/upadhyay/dev/ICES/object_detection_opencv_cpp/data/cassini/issna/unknown/images/co-iss-w1521880278.png,true,false
co-iss-n1405398456,cassini,issna,unknown,CLEAR,4.6,2002-07-15T04:10:13.382,Sun,https://opus.pds-rings.seti.org/holdings/previews/COISS_1xxx/COISS_1008/data/1405160033_1405415729/N1405398456_1_full.png,39b5b22ee2fb0b67f046bcc5229a4ba3d9a6fa71669652122d38bb1b6d85411b,/Users/upadhyay/dev/ICES/object_detection_opencv_cpp/data/cassini/issna/unknown/images/co-iss-n1405398456.png,true,false
co-iss-w1405398611,cassini,issna,unknown,CLEAR,1.2,2002-07-15T04:12:51.796,Sun,https://opus.pds-rings.seti.org/holdings/previews/COISS_1xxx/COISS_1008/data/1405160033_1405415729/W1405398611_1_full.png,e6e0bd64d2d0bf341bc9740c42987bd180ab00647ddfa8cceb13b0a80b5fbc62,/Users/upadhyay/dev/ICES/object_detection_opencv_cpp/data/cassini/issna/unknown/images/co-iss-w1405398611.png,true,false
co-iss-w1405398456,cassini,issna,unknown,CLEAR,0.32,2002-07-15T04:10:17.662,Sun,https://opus.pds-rings.seti.org/holdings/previews/COISS_1xxx/COISS_1008/data/1405160033_1405415729/W1405398456_1_full.png,1cfffd8fbd6a6c2e01c997980496de095fb3074507be7509521d3e8629019cc7,/Users/upadhyay/dev/ICES/object_detection_opencv_cpp/data/cassini/issna/unknown/images/co-iss-w1405398456.png,true,false
co-iss-n1405398505,cassini,issna,unknown,BL1,10,2002-07-15T04:10:56.985,Sun,https://opus.pds-rings.seti.org/holdings/previews/COISS_1xxx/COISS_1008/data/1405160033_1405415729/N1405398505_1_full.png,9b251c41c2878ac31fb23c82fa030e93fa2b26853684a8be6978a01da659a725,/Users/upadhyay/dev/ICES/object_detection_opencv_cpp/data/cassini/issna/unknown/images/co-iss-n1405398505.png,true,false
co-iss-w1405398505,cassini,issna,unknown,BL1,1.2,2002-07-15T04:11:05.785,Sun,https://opus.pds-rings.seti.org/holdings/previews/COISS_1xxx/COISS_1008/data/1405160033_1405415729/W1405398505_1_full.png,a0977285e5e95a6e922f9e79eb3acd35a9ed6c8361c722a7721e8fa6efc34769,/Users/upadhyay/dev/ICES/object_detection_opencv_cpp/data/cassini/issna/unknown/images/co-iss-w1405398505.png,true,false
co-iss-w1294561143,cassini,issna,unknown,VIO,46,1999-01-09T08:14:21.687,None,https://opus.pds-rings.seti.org/holdings/previews/COISS_1xxx/COISS_1001/data/1294561143_1295221348/W1294561143_1_full.png,f8dd8dc86c28e9ed96aa5ef78d54c9276290be8fd1b74a08d3736608ff9a99e4,/Users/upadhyay/dev/ICES/object_detection_opencv_cpp/data/cassini/issna/unknown/images/co-iss-w1294561143.png,true,false
co-iss-w1294561873,cassini,issna,unknown,CLEAR,100,1999-01-09T08:26:31.694,None,https://opus.pds-rings.seti.org/holdings/previews/COISS_1xxx/COISS_1001/data/1294561143_1295221348/W1294561873_1_full.png,67ec04fee0fcd347135e1f1e81aad2f4d6aeeddaff2e18e34b0ac037f578ac22,/Users/upadhyay/dev/ICES/object_detection_opencv_cpp/data/cassini/issna/unknown/images/co-iss-w1294561873.png,true,false
co-iss-w1294561202,cassini,issna,unknown,RED,0.04,1999-01-09T08:15:20.687,None,https://opus.pds-rings.seti.org/holdings/previews/COISS_1xxx/COISS_1001/data/1294561143_1295221348/W1294561202_1_full.png,e9e0c5d66928dd5a3f4d7d203e35855285c4c0a09e01cc714a1bb469eecd3434,/Users/upadhyay/dev/ICES/object_detection_opencv_cpp/data/cassini/issna/unknown/images/co-iss-w1294561202.png,true,false
co-iss-w1294561261,cassini,issna,unknown,IR4,0.12,1999-01-09T08:16:19.687,None,https://opus.pds-rings.seti.org/holdings/previews/COISS_1xxx/COISS_1001/data/1294561143_1295221348/W1294561261_1_full.png,60361969908ca6c9bf8291b486bb9a7127d4bdce5f273774f7c8e5d58bcf66ab,/Users/upadhyay/dev/ICES/object_detection_opencv_cpp/data/cassini/issna/unknown/images/co-iss-w1294561261.png,true,false
co-iss-w1294561333,cassini,issna,unknown,CLEAR,46,1999-01-09T08:17:31.686,None,https://opus.pds-rings.seti.org/holdings/previews/COISS_1xxx/COISS_1001/data/1294561143_1295221348/W1294561333_1_full.png,a821d6eddb6bc06b0405e5f95ac293d008f212ad12f570e853ab18c7d4d8e7b5,/Users/upadhyay/dev/ICES/object_detection_opencv_cpp/data/cassini/issna/unknown/images/co-iss-w1294561333.png,true,false
co-iss-n1356766598,cassini,issna,callisto,UV3+P0,1.8,2000-12-29T07:24:59.602,Callisto,https://opus.pds-rings.seti.org/holdings/previews/COISS_1xxx/COISS_1004/data/1356766598_1356776825/N1356766598_1_full.png,03322f7c7064c63ba09a446a19cb674f39ef62ad8e02161fe6066c716074d385,/Users/upadhyay/dev/ICES/object_detection_opencv_cpp/data/cassini/issna/callisto/images/co-iss-n1356766598.png,true,true
co-iss-n1356766829,cassini,issna,callisto,GRN+P120,0.03,2000-12-29T07:28:52.405,Callisto,https://opus.pds-rings.seti.org/holdings/previews/COISS_1xxx/COISS_1004/data/1356766598_1356776825/N1356766829_1_full.png,84cc2ff8cf9881cb3683fa921e07103e88e7583adebdd74b2290abf1c1b667b3,/Users/upadhyay/dev/ICES/object_detection_opencv_cpp/data/cassini/issna/callisto/images/co-iss-n1356766829.png,true,true
co-iss-n1356766631,cassini,issna,callisto,GRN+P0,0.03,2000-12-29T07:25:34.375,Callisto,https://opus.pds-rings.seti.org/holdings/previews/COISS_1xxx/COISS_1004/data/1356766598_1356776825/N1356766631_1_full.png,24b905466b29781da852aa91b88bda30bd03ad7178a762cb372af4ac553bb40c,/Users/upadhyay/dev/ICES/object_detection_opencv_cpp/data/cassini/issna/callisto/images/co-iss-n1356766631.png,true,true
co-iss-n1356766664,cassini,issna,callisto,MT2+P0,0.56,2000-12-29T07:26:06.853,Callisto,https://opus.pds-rings.seti.org/holdings/previews/COISS_1xxx/COISS_1004/data/1356766598_1356776825/N1356766664_1_full.png,2a5f56db0e31992a177e04e96d220b5741b135a94d253865108e8e8fed9aeed2,/Users/upadhyay/dev/ICES/object_detection_opencv_cpp/data/cassini/issna/callisto/images/co-iss-n1356766664.png,true,true
co-iss-n1356766697,cassini,issna,callisto,UV3+P60,2,2000-12-29T07:26:38.417,Callisto,https://opus.pds-rings.seti.org/holdings/previews/COISS_1xxx/COISS_1004/data/1356766598_1356776825/N1356766697_1_full.png,c4b13b804e2f4faf461c0c565685c32ad4692e1940ed7461d5b0c8218e61cc2b,/Users/upadhyay/dev/ICES/object_detection_opencv_cpp/data/cassini/issna/callisto/images/co-iss-n1356766697.png,true,true
co-iss-n1355377888,cassini,issna,europa,GRN+P0,0.005,2000-12-13T05:40:00.978,Europa,https://opus.pds-rings.seti.org/holdings/previews/COISS_1xxx/COISS_1004/data/1355363121_1355381570/N1355377888_1_full.png,92d9a81c8ccbed07e0ee0164e70ca2c0b3b40774c42b3ccc5909b2328436b9f5,/Users/upadhyay/dev/ICES/object_detection_opencv_cpp/data/cassini/issna/europa/images/co-iss-n1355377888.png,true,true
co-iss-n1355379238,cassini,issna,europa,GRN+P0,0.005,2000-12-13T06:02:30.950,Europa,https://opus.pds-rings.seti.org/holdings/previews/COISS_1xxx/COISS_1004/data/1355363121_1355381570/N1355379238_1_full.png,0ee4abd43a2eedfccab3a67f235f1b9959088b42341ad6c203080edeea9c0787,/Users/upadhyay/dev/ICES/object_detection_opencv_cpp/data/cassini/issna/europa/images/co-iss-n1355379238.png,true,true
co-iss-n1355377921,cassini,issna,europa,GRN+P60,0.005,2000-12-13T05:40:33.986,Europa,https://opus.pds-rings.seti.org/holdings/previews/COISS_1xxx/COISS_1004/data/1355363121_1355381570/N1355377921_1_full.png,8ae6be2f137c80cdfb43232a689dc28bd494e419c9b6ce868997aff84ef68aab,/Users/upadhyay/dev/ICES/object_detection_opencv_cpp/data/cassini/issna/europa/images/co-iss-n1355377921.png,true,true
co-iss-n1355377954,cassini,issna,europa,GRN+P120,0.005,2000-12-13T05:41:06.990,Europa,https://opus.pds-rings.seti.org/holdings/previews/COISS_1xxx/COISS_1004/data/1355363121_1355381570/N1355377954_1_full.png,401093dd3c8c88d6fcefe12f4ad54275620030173e0b0fed10584bfcfbc7eab0,/Users/upadhyay/dev/ICES/object_detection_opencv_cpp/data/cassini/issna/europa/images/co-iss-n1355377954.png,true,true
co-iss-n1355377994,cassini,issna,europa,UV1,4.6,2000-12-13T05:41:42.398,Europa,https://opus.pds-rings.seti.org/holdings/previews/COISS_1xxx/COISS_1004/data/1355363121_1355381570/N1355377994_1_full.png,70b604f7563e22f613d9e3d92f2ed2ac388408f01d8d69917de5a63f74d429fe,/Users/upadhyay/dev/ICES/object_detection_opencv_cpp/data/cassini/issna/europa/images/co-iss-n1355377994.png,true,true
co-iss-n1356764498,cassini,issna,ganymede,UV3+P0,0.68,2000-12-29T06:50:00.787,Ganymede,https://opus.pds-rings.seti.org/holdings/previews/COISS_1xxx/COISS_1004/data/1356758702_1356765306/N1356764498_1_full.png,0caa7f3238f373aacfbac1e356ee0ddee0ebf91039cb38a7aa4fa627f4e167f0,/Users/upadhyay/dev/ICES/object_detection_opencv_cpp/data/cassini/issna/ganymede/images/co-iss-n1356764498.png,true,true
co-iss-n1356764729,cassini,issna,ganymede,GRN+P120,0.01,2000-12-29T06:53:52.456,Ganymede,https://opus.pds-rings.seti.org/holdings/previews/COISS_1xxx/COISS_1004/data/1356758702_1356765306/N1356764729_1_full.png,1ac0a97df41e1010762004cda7ff2b4022d43b3d3311fb894a1c5596c1ff052e,/Users/upadhyay/dev/ICES/object_detection_opencv_cpp/data/cassini/issna/ganymede/images/co-iss-n1356764729.png,true,true
co-iss-n1356764531,cassini,issna,ganymede,GRN+P0,0.01,2000-12-29T06:50:34.457,Ganymede,https://opus.pds-rings.seti.org/holdings/previews/COISS_1xxx/COISS_1004/data/1356758702_1356765306/N1356764531_1_full.png,8b9ab1e34e30dde41dc38da85ae5875b27cb15bbf5f9e3ec7b3d904d25cc74b0,/Users/upadhyay/dev/ICES/object_detection_opencv_cpp/data/cassini/issna/ganymede/images/co-iss-n1356764531.png,true,true
co-iss-n1356764564,cassini,issna,ganymede,MT2+P0,0.26,2000-12-29T06:51:07.207,Ganymede,https://opus.pds-rings.seti.org/holdings/previews/COISS_1xxx/COISS_1004/data/1356758702_1356765306/N1356764564_1_full.png,b74a88fbada2c6a1767a935bcc01c7060e28334ae97ca63a1ca9df32f83e7e89,/Users/upadhyay/dev/ICES/object_detection_opencv_cpp/data/cassini/issna/ganymede/images/co-iss-n1356764564.png,true,true
co-iss-n1356764597,cassini,issna,ganymede,UV3+P60,0.68,2000-12-29T06:51:39.786,Ganymede,https://opus.pds-rings.seti.org/holdings/previews/COISS_1xxx/COISS_1004/data/1356758702_1356765306/N1356764597_1_full.png,b74adffbb2e7451f5d75e1e69a8f575a6aa3b903a5c27a77f8db6a0fe9abe95f,/Users/upadhyay/dev/ICES/object_detection_opencv_cpp/data/cassini/issna/ganymede/images/co-iss-n1356764597.png,true,true
co-iss-n1661582175,cassini,issna,greip,CLEAR,220,2010-08-27T05:46:32.281,Greip,https://opus.pds-rings.seti.org/holdings/previews/COISS_2xxx/COISS_2064/data/1661563857_1661594479/N1661582175_1_full.png,70efd27dedce9ff2c7ebcb3469ffab9966590dae73f9ef2bc6dbc5d0000d76ba,/Users/upadhyay/dev/ICES/object_detection_opencv_cpp/data/cassini/issna/greip/images/co-iss-n1661582175.png,true,false
co-iss-n1661584026,cassini,issna,greip,CLEAR,220,2010-08-27T06:17:23.252,Greip,https://opus.pds-rings.seti.org/holdings/previews/COISS_2xxx/COISS_2064/data/1661563857_1661594479/N1661584026_1_full.png,01d0e6879ed994b965df11d5b3634d75326fa0126c83fdd8f46b2c36948d11f6,/Users/upadhyay/dev/ICES/object_detection_opencv_cpp/data/cassini/issna/greip/images/co-iss-n1661584026.png,true,false
co-iss-n1661582439,cassini,issna,greip,CLEAR,220,2010-08-27T05:50:56.280,Greip,https://opus.pds-rings.seti.org/holdings/previews/COISS_2xxx/COISS_2064/data/1661563857_1661594479/N1661582439_1_full.png,ce7ad8c76248d63ef3bc574c12cca4ecf16a620abac3aee600175b285903630c,/Users/upadhyay/dev/ICES/object_detection_opencv_cpp/data/cassini/issna/greip/images/co-iss-n1661582439.png,true,false
co-iss-n1661582703,cassini,issna,greip,CLEAR,220,2010-08-27T05:55:20.278,Greip,https://opus.pds-rings.seti.org/holdings/previews/COISS_2xxx/COISS_2064/data/1661563857_1661594479/N1661582703_1_full.png,b10c68fdddefade34bff02c4c2907ca8292322cb201ce44b36b728e4db37db44,/Users/upadhyay/dev/ICES/object_detection_opencv_cpp/data/cassini/issna/greip/images/co-iss-n1661582703.png,true,false
co-iss-n1661582967,cassini,issna,greip,CLEAR,220,2010-08-27T05:59:44.276,Greip,https://opus.pds-rings.seti.org/holdings/previews/COISS_2xxx/COISS_2064/data/1661563857_1661594479/N1661582967_1_full.png,e26e79443d89437ec87b23aae209fe05f4ac054037d6faf685fa8ee8ce85eaad,/Users/upadhyay/dev/ICES/object_detection_opencv_cpp/data/cassini/issna/greip/images/co-iss-n1661582967.png,true,false
co-iss-n1559970239,cassini,issna,hati,CLEAR,82,2007-06-08T04:28:28.076,Hati,https://opus.pds-rings.seti.org/holdings/previews/COISS_2xxx/COISS_2032/data/1559931859_1560139498/N1559970239_1_full.png,367212d1000074116048b1bc5389abf699af3551f1eee862689b9522e9a93030,/Users/upadhyay/dev/ICES/object_detection_opencv_cpp/data/cassini/issna/hati/images/co-iss-n1559970239.png,true,false
co-iss-n1559970902,cassini,issna,hati,BL1,82,2007-06-08T04:39:31.092,Hati,https://opus.pds-rings.seti.org/holdings/previews/COISS_2xxx/COISS_2032/data/1559931859_1560139498/N1559970902_1_full.png,b450bdae5ff9cb75cb15b169ba9ce0fb54f7f12b6cca9d74d5926582146c04a9,/Users/upadhyay/dev/ICES/object_detection_opencv_cpp/data/cassini/issna/hati/images/co-iss-n1559970902.png,true,false
co-iss-n1559970324,cassini,issna,hati,CLEAR,46,2007-06-08T04:30:29.083,Hati,https://opus.pds-rings.seti.org/holdings/previews/COISS_2xxx/COISS_2032/data/1559931859_1560139498/N1559970324_1_full.png,0d8ec8e7b5014535d46070b01ed3d25f23eff84c3d80117a498629e886772e57,/Users/upadhyay/dev/ICES/object_detection_opencv_cpp/data/cassini/issna/hati/images/co-iss-n1559970324.png,true,false
co-iss-n1559970441,cassini,issna,hati,CLEAR,82,2007-06-08T04:31:50.087,Hati,https://opus.pds-rings.seti.org/holdings/previews/COISS_2xxx/COISS_2032/data/1559931859_1560139498/N1559970441_1_full.png,ebc3d9ed181859aead8419f8b608b20a8a28a822634f3b2d738c5a10a3ae39a0,/Users/upadhyay/dev/ICES/object_detection_opencv_cpp/data/cassini/issna/hati/images/co-iss-n1559970441.png,true,false
co-iss-n1559970510,cassini,issna,hati,CLEAR,32,2007-06-08T04:33:49.090,Hati,https://opus.pds-rings.seti.org/holdings/previews/COISS_2xxx/COISS_2032/data/1559931859_1560139498/N1559970510_1_full.png,d3068e2f8e684a1cc422e1bf7c725438efc768c4928ff9062cb7eb93e7f32b65,/Users/upadhyay/dev/ICES/object_detection_opencv_cpp/data/cassini/issna/hati/images/co-iss-n1559970510.png,true,false
co-iss-n1355863292,cassini,issna,himalia,BL1,0.46,2000-12-18T20:30:01.162,Himalia,https://opus.pds-rings.seti.org/holdings/previews/COISS_1xxx/COISS_1004/data/1355727016_1355896892/N1355863292_2_full.png,d6903c43a6ac13a8d41dd2557829aa3a2079f414eae98d8ef08b8c671dec2c61,/Users/upadhyay/dev/ICES/object_detection_opencv_cpp/data/cassini/issna/himalia/images/co-iss-n1355863292.png,true,true
co-iss-n1355863544,cassini,issna,himalia,MT2,3.2,2000-12-18T20:34:10.455,Himalia,https://opus.pds-rings.seti.org/holdings/previews/COISS_1xxx/COISS_1004/data/1355727016_1355896892/N1355863544_2_full.png,b630fdca74dac3184d8097138d68eb90ee342d691905cc3ff43c9be67827a4e7,/Users/upadhyay/dev/ICES/object_detection_opencv_cpp/data/cassini/issna/himalia/images/co-iss-n1355863544.png,true,true
co-iss-n1355863332,cassini,issna,himalia,IR4,3.8,2000-12-18T20:30:37.830,Himalia,https://opus.pds-rings.seti.org/holdings/previews/COISS_1xxx/COISS_1004/data/1355727016_1355896892/N1355863332_2_full.png,a87487e9d48b8977c0809b824337cbf74074d70668f043fde70e957c93d599a2,/Users/upadhyay/dev/ICES/object_detection_opencv_cpp/data/cassini/issna/himalia/images/co-iss-n1355863332.png,true,true
co-iss-n1355863365,cassini,issna,himalia,IR1+IR2,1,2000-12-18T20:31:13.633,Himalia,https://opus.pds-rings.seti.org/holdings/previews/COISS_1xxx/COISS_1004/data/1355727016_1355896892/N1355863365_2_full.png,0f795df1f8c09768b976cb97cd8f82347f39f252325f88e87ba83ad4182fc0e6,/Users/upadhyay/dev/ICES/object_detection_opencv_cpp/data/cassini/issna/himalia/images/co-iss-n1355863365.png,true,true
co-iss-n1355863398,cassini,issna,himalia,IR1,0.1,2000-12-18T20:31:47.537,Himalia,https://opus.pds-rings.seti.org/holdings/previews/COISS_1xxx/COISS_1004/data/1355727016_1355896892/N1355863398_2_full.png,4410857a4bb9ec5dea29d1bb44d0edf0ae22001f2e204ed1082c2969c3a0134c,/Users/upadhyay/dev/ICES/object_detection_opencv_cpp/data/cassini/issna/himalia/images/co-iss-n1355863398.png,true,true
co-iss-n1709935063,cassini,issna,jarnsaxa,CLEAR,460,2012-03-08T20:58:49.384,Jarnsaxa,https://opus.pds-rings.seti.org/holdings/previews/COISS_2xxx/COISS_2072/data/1709858198_1709957102/N1709935063_1_full.png,c0c8c3083cb91cf0ef2b3e6e66c165d5d7b389fc1a2cec6fddd680561bafbf8a,/Users/upadhyay/dev/ICES/object_detection_opencv_cpp/data/cassini/issna/jarnsaxa/images/co-iss-n1709935063.png,true,false
co-iss-n1709938703,cassini,issna,jarnsaxa,CLEAR,460,2012-03-08T21:59:29.361,Jarnsaxa,https://opus.pds-rings.seti.org/holdings/previews/COISS_2xxx/COISS_2072/data/1709858198_1709957102/N1709938703_1_full.png,d542a0a38f5bda318f4084c5915363bc2679ba75328ca1900110fcfdd1d13a72,/Users/upadhyay/dev/ICES/object_detection_opencv_cpp/data/cassini/issna/jarnsaxa/images/co-iss-n1709938703.png,true,false
co-iss-n1709935583,cassini,issna,jarnsaxa,CLEAR,460,2012-03-08T21:07:29.381,Jarnsaxa,https://opus.pds-rings.seti.org/holdings/previews/COISS_2xxx/COISS_2072/data/1709858198_1709957102/N1709935583_1_full.png,c9cad389373173b8f36125d1929eef328156e26f0dc61ef16118eebc4f3b9683,/Users/upadhyay/dev/ICES/object_detection_opencv_cpp/data/cassini/issna/jarnsaxa/images/co-iss-n1709935583.png,true,false
co-iss-n1709936103,cassini,issna,jarnsaxa,CLEAR,460,2012-03-08T21:16:09.377,Jarnsaxa,https://opus.pds-rings.seti.org/holdings/previews/COISS_2xxx/COISS_2072/data/1709858198_1709957102/N1709936103_1_full.png,d5a8ad23c99b211befceef9da6ef7f4bdf2ae566c8b734c26a4b13f4be03d059,/Users/upadhyay/dev/ICES/object_detection_opencv_cpp/data/cassini/issna/jarnsaxa/images/co-iss-n1709936103.png,true,false
co-iss-n1709936623,cassini,issna,jarnsaxa,CLEAR,460,2012-03-08T21:24:49.374,Jarnsaxa,https://opus.pds-rings.seti.org/holdings/previews/COISS_2xxx/COISS_2072/data/1709858198_1709957102/N1709936623_1_full.png,43570b80c745f69eeb98d5cadead93c5a6da854fcd7c8add44cf5632701dac51,/Users/upadhyay/dev/ICES/object_detection_opencv_cpp/data/cassini/issna/jarnsaxa/images/co-iss-n1709936623.png,true,false
co-iss-n1630722164,cassini,issna,kari,CLEAR,5.6,2009-09-04T01:40:15.556,Kari,https://opus.pds-rings.seti.org/holdings/previews/COISS_2xxx/COISS_2057/data/1630719879_1630786457/N1630722164_1_full.png,2f32b0909c265633c74f53a79a0601f8b44697cf4002d81a70322fe223609f8d,/Users/upadhyay/dev/ICES/object_detection_opencv_cpp/data/cassini/issna/kari/images/co-iss-n1630722164.png,true,false
co-iss-n1632806885,cassini,issna,kari,CLEAR,56,2009-09-28T04:44:31.542,Kari,https://opus.pds-rings.seti.org/holdings/previews/COISS_2xxx/COISS_2057/data/1632534127_1633029787/N1632806885_1_full.png,59f7f14d88f090197d10c8ef7d54aa7fb128be380d7e290b550dd018031200e7,/Users/upadhyay/dev/ICES/object_detection_opencv_cpp/data/cassini/issna/kari/images/co-iss-n1632806885.png,true,false
co-iss-n1630960936,cassini,issna,kari,CLEAR,5.6,2009-09-06T19:59:45.857,Kari,https://opus.pds-rings.seti.org/holdings/previews/COISS_2xxx/COISS_2057/data/1630941775_1631036118/N1630960936_1_full.png,adf217d36335d18a3c3ec0aad3cac073df8216f4b6289f68ef4fc6866845b7d8,/Users/upadhyay/dev/ICES/object_detection_opencv_cpp/data/cassini/issna/kari/images/co-iss-n1630960936.png,true,false
co-iss-n1630961062,cassini,issna,kari,CLEAR,56,2009-09-06T20:01:01.440,Kari,https://opus.pds-rings.seti.org/holdings/previews/COISS_2xxx/COISS_2057/data/1630941775_1631036118/N1630961062_1_full.png,2a951492f38374f85d9eec2c67c9e94df31b2ea90ae3841262e9c690b752ae72,/Users/upadhyay/dev/ICES/object_detection_opencv_cpp/data/cassini/issna/kari/images/co-iss-n1630961062.png,true,false
co-iss-w1630961062,cassini,issna,kari,CLEAR,0.56,2009-09-06T20:01:56.880,Kari,https://opus.pds-rings.seti.org/holdings/previews/COISS_2xxx/COISS_2057/data/1630941775_1631036118/W1630961062_1_full.png,21fda595a11b9f1535deee9a56cf7a661df42b5a956292a629c4dbbf952063cc,/Users/upadhyay/dev/ICES/object_detection_opencv_cpp/data/cassini/issna/kari/images/co-iss-w1630961062.png,true,false
co-iss-n1313633721,cassini,issna,moon,UV2,0.82,1999-08-18T02:08:33.851,Moon,https://opus.pds-rings.seti.org/holdings/previews/COISS_1xxx/COISS_1001/data/1313633670_1327290527/N1313633721_1_full.png,370f037642cbe1d8b23711f9d026f9d9946fad0d642df58f3a125b938bd34264,/Users/upadhyay/dev/ICES/object_detection_opencv_cpp/data/cassini/issna/moon/images/co-iss-n1313633721.png,true,true
co-iss-n1313633890,cassini,issna,moon,GRN+P60,0.08,1999-08-18T02:11:22.869,Moon,https://opus.pds-rings.seti.org/holdings/previews/COISS_1xxx/COISS_1001/data/1313633670_1327290527/N1313633890_1_full.png,8e285c807a1d04e8525addfb7314376fd868cfd55f5db379b0e3269803db093e,/Users/upadhyay/dev/ICES/object_detection_opencv_cpp/data/cassini/issna/moon/images/co-iss-n1313633890.png,true,true
co-iss-n1313633738,cassini,issna,moon,UV1,0.38,1999-08-18T02:08:50.854,Moon,https://opus.pds-rings.seti.org/holdings/previews/COISS_1xxx/COISS_1001/data/1313633670_1327290527/N1313633738_1_full.png,91b9b78e79a3507f7b97c1432531ae2f5f2cf2ac1f80eb6908cd84caced06ecd,/Users/upadhyay/dev/ICES/object_detection_opencv_cpp/data/cassini/issna/moon/images/co-iss-n1313633738.png,true,true
co-iss-n1313633756,cassini,issna,moon,GRN,0.04,1999-08-18T02:09:08.858,Moon,https://opus.pds-rings.seti.org/holdings/previews/COISS_1xxx/COISS_1001/data/1313633670_1327290527/N1313633756_1_full.png,93da53589e5bc8a47491613a78bf51f314aaf29a427a8c7e3bf58cbbff4b2f54,/Users/upadhyay/dev/ICES/object_detection_opencv_cpp/data/cassini/issna/moon/images/co-iss-n1313633756.png,true,true
co-iss-n1313633773,cassini,issna,moon,IR1,0.04,1999-08-18T02:09:25.858,Moon,https://opus.pds-rings.seti.org/holdings/previews/COISS_1xxx/COISS_1001/data/1313633670_1327290527/N1313633773_1_full.png,d51e51cecc705c177a82f9612967dcce440f5afa156ed468451eef5fe922974a,/Users/upadhyay/dev/ICES/object_detection_opencv_cpp/data/cassini/issna/moon/images/co-iss-n1313633773.png,true,true
co-iss-n1557225940,cassini,issna,mundilfari,UV3,82,2007-05-07T10:10:26.453,Mundilfari,https://opus.pds-rings.seti.org/holdings/previews/COISS_2xxx/COISS_2031/data/1557164967_1557237088/N1557225940_1_full.png,23c0c2283142815e45d4c53984e6f0215080c3fb7233baabd6231d025161c523,/Users/upadhyay/dev/ICES/object_detection_opencv_cpp/data/cassini/issna/mundilfari/images/co-iss-n1557225940.png,true,false
co-iss-n1557226724,cassini,issna,mundilfari,RED,82,2007-05-07T10:23:30.448,Mundilfari,https://opus.pds-rings.seti.org/holdings/previews/COISS_2xxx/COISS_2031/data/1557164967_1557237088/N1557226724_1_full.png,1ee64f4a3c59d6c20d61122c787dfeb46f2a45260c34abcb7adfce0bc4a32e27,/Users/upadhyay/dev/ICES/object_detection_opencv_cpp/data/cassini/issna/mundilfari/images/co-iss-n1557226724.png,true,false
co-iss-n1557226038,cassini,issna,mundilfari,GRN,82,2007-05-07T10:12:04.452,Mundilfari,https://opus.pds-rings.seti.org/holdings/previews/COISS_2xxx/COISS_2031/data/1557164967_1557237088/N1557226038_1_full.png,86d8a16c600a0cbe46632eba6422f6fde3041f7c92c57bf10c621d5db14654fb,/Users/upadhyay/dev/ICES/object_detection_opencv_cpp/data/cassini/issna/mundilfari/images/co-iss-n1557226038.png,true,false
co-iss-n1557226136,cassini,issna,mundilfari,IR1,82,2007-05-07T10:13:42.452,Mundilfari,https://opus.pds-rings.seti.org/holdings/previews/COISS_2xxx/COISS_2031/data/1557164967_1557237088/N1557226136_1_full.png,7e2dac2537102ef7f80c491557e32370b79729652d60a3122e6372b2551406e2,/Users/upadhyay/dev/ICES/object_detection_opencv_cpp/data/cassini/issna/mundilfari/images/co-iss-n1557226136.png,true,false
co-iss-n1557226234,cassini,issna,mundilfari,BL1,82,2007-05-07T10:15:20.451,Mundilfari,https://opus.pds-rings.seti.org/holdings/previews/COISS_2xxx/COISS_2031/data/1557164967_1557237088/N1557226234_1_full.png,ae087da0d01f3a6ddea99cb4c63e880409815e41ff142f56a0884f1edda97ab2,/Users/upadhyay/dev/ICES/object_detection_opencv_cpp/data/cassini/issna/mundilfari/images/co-iss-n1557226234.png,true,false
co-iss-n1743016244,cassini,issna,narvi,CLEAR,460,2013-03-26T18:08:19.415,Narvi,https://opus.pds-rings.seti.org/holdings/previews/COISS_2xxx/COISS_2081/data/1742505792_1743037624/N1743016244_1_full.png,beb7cfb31205cc0a5959431f71348d29351c5c4ff167876f2e0164d55bee8353,/Users/upadhyay/dev/ICES/object_detection_opencv_cpp/data/cassini/issna/narvi/images/co-iss-n1743016244.png,true,false
co-iss-n1743019884,cassini,issna,narvi,CLEAR,460,2013-03-26T19:08:59.392,Narvi,https://opus.pds-rings.seti.org/holdings/previews/COISS_2xxx/COISS_2081/data/1742505792_1743037624/N1743019884_1_full.png,e93077028406f66c121bca68eb29ad44b1621e3a9a8fa44b8f992bfce80c05d4,/Users/upadhyay/dev/ICES/object_detection_opencv_cpp/data/cassini/issna/narvi/images/co-iss-n1743019884.png,true,false
co-iss-n1743016764,cassini,issna,narvi,CLEAR,460,2013-03-26T18:16:59.412,Narvi,https://opus.pds-rings.seti.org/holdings/previews/COISS_2xxx/COISS_2081/data/1742505792_1743037624/N1743016764_1_full.png,357993e64fed272a52a4696b4ae28ffd456cbf84e4c9eab69d36035080037f15,/Users/upadhyay/dev/ICES/object_detection_opencv_cpp/data/cassini/issna/narvi/images/co-iss-n1743016764.png,true,false
co-iss-n1743017284,cassini,issna,narvi,CLEAR,460,2013-03-26T18:25:39.409,Narvi,https://opus.pds-rings.seti.org/holdings/previews/COISS_2xxx/COISS_2081/data/1742505792_1743037624/N1743017284_1_full.png,c188657778d396247d67b2a04ec39e06ccbb7e781a4e768c89deeb080fffb52b,/Users/upadhyay/dev/ICES/object_detection_opencv_cpp/data/cassini/issna/narvi/images/co-iss-n1743017284.png,true,false
co-iss-n1743017804,cassini,issna,narvi,CLEAR,460,2013-03-26T18:34:19.405,Narvi,https://opus.pds-rings.seti.org/holdings/previews/COISS_2xxx/COISS_2081/data/1742505792_1743037624/N1743017804_1_full.png,7c4dbc069bdb7b1f986d5ca34894b4a97c00421efa818c2d62709e74d8df98c7,/Users/upadhyay/dev/ICES/object_detection_opencv_cpp/data/cassini/issna/narvi/images/co-iss-n1743017804.png,true,false
co-iss-n1554021513,cassini,issna,pluto,RED,46,2007-03-31T08:04:15.762,Pluto,https://opus.pds-rings.seti.org/holdings/previews/COISS_2xxx/COISS_2030/data/1553898219_1554036373/N1554021513_2_full.png,ac5e66f70117c60e28c8034030340d9966dcf0ca7dd4ea6a8a17822805773d56,/Users/upadhyay/dev/ICES/object_detection_opencv_cpp/data/cassini/issna/pluto/images/co-iss-n1554021513.png,true,position_only
co-iss-n1554023709,cassini,issna,pluto,GRN,180,2007-03-31T08:38:37.748,Pluto,https://opus.pds-rings.seti.org/holdings/previews/COISS_2xxx/COISS_2030/data/1553898219_1554036373/N1554023709_2_full.png,2145d1768b1c81c0622336e6b921c600f79cccf4aaa5321210b0433da60149c8,/Users/upadhyay/dev/ICES/object_detection_opencv_cpp/data/cassini/issna/pluto/images/co-iss-n1554023709.png,true,position_only
co-iss-n1554021731,cassini,issna,pluto,RED,180,2007-03-31T08:05:39.761,Pluto,https://opus.pds-rings.seti.org/holdings/previews/COISS_2xxx/COISS_2030/data/1553898219_1554036373/N1554021731_2_full.png,cb39e863e70358dde58dbd0839da43746353f8f78aaea35b9bcaa5b8cd85023d,/Users/upadhyay/dev/ICES/object_detection_opencv_cpp/data/cassini/issna/pluto/images/co-iss-n1554021731.png,true,position_only
co-iss-n1554021811,cassini,issna,pluto,GRN,46,2007-03-31T08:09:13.760,Pluto,https://opus.pds-rings.seti.org/holdings/previews/COISS_2xxx/COISS_2030/data/1553898219_1554036373/N1554021811_2_full.png,7816f9d397d65444d6e7f179e27ffbcf67517d3a2b04c777d2c6ad68034e710e,/Users/upadhyay/dev/ICES/object_detection_opencv_cpp/data/cassini/issna/pluto/images/co-iss-n1554021811.png,true,position_only
co-iss-n1554022029,cassini,issna,pluto,GRN,180,2007-03-31T08:10:37.759,Pluto,https://opus.pds-rings.seti.org/holdings/previews/COISS_2xxx/COISS_2030/data/1553898219_1554036373/N1554022029_2_full.png,a9eaf64beea1b397d3f1a074eab1820160e9b9cd65249239238f084dbf598b55,/Users/upadhyay/dev/ICES/object_detection_opencv_cpp/data/cassini/issna/pluto/images/co-iss-n1554022029.png,true,position_only
co-iss-n1684083403,cassini,issna,s_2004_s_12,CLEAR,220,2011-05-14T16:04:33.054,S/2004 S 12,https://opus.pds-rings.seti.org/holdings/previews/COISS_2xxx/COISS_2068/data/1684083403_1684178967/N1684083403_1_full.png,749c285a3f0c9e02dbd2776cc7d864c3443265a12244beda062b3666d77e0daa,/Users/upadhyay/dev/ICES/object_detection_opencv_cpp/data/cassini/issna/s_2004_s_12/images/co-iss-n1684083403.png,true,false
co-iss-n1684085251,cassini,issna,s_2004_s_12,CLEAR,220,2011-05-14T16:35:21.042,S/2004 S 12,https://opus.pds-rings.seti.org/holdings/previews/COISS_2xxx/COISS_2068/data/1684083403_1684178967/N1684085251_1_full.png,9f4c299eadf932a90aac50eacda7afe31f12a39e5b0dfee0070e46713255b014,/Users/upadhyay/dev/ICES/object_detection_opencv_cpp/data/cassini/issna/s_2004_s_12/images/co-iss-n1684085251.png,true,false
co-iss-n1684083667,cassini,issna,s_2004_s_12,CLEAR,220,2011-05-14T16:08:57.052,S/2004 S 12,https://opus.pds-rings.seti.org/holdings/previews/COISS_2xxx/COISS_2068/data/1684083403_1684178967/N1684083667_1_full.png,5a42d18021110558759cf3b508baf78b4062629916f6cfe5142acdbabd2c7cb6,/Users/upadhyay/dev/ICES/object_detection_opencv_cpp/data/cassini/issna/s_2004_s_12/images/co-iss-n1684083667.png,true,false
co-iss-n1684083931,cassini,issna,s_2004_s_12,CLEAR,220,2011-05-14T16:13:21.051,S/2004 S 12,https://opus.pds-rings.seti.org/holdings/previews/COISS_2xxx/COISS_2068/data/1684083403_1684178967/N1684083931_1_full.png,5d6805f0ebc58b4dbbbb25330b36cbb7d8b236d71928705bf0a642615e806163,/Users/upadhyay/dev/ICES/object_detection_opencv_cpp/data/cassini/issna/s_2004_s_12/images/co-iss-n1684083931.png,true,false
co-iss-n1684084195,cassini,issna,s_2004_s_12,CLEAR,220,2011-05-14T16:17:45.049,S/2004 S 12,https://opus.pds-rings.seti.org/holdings/previews/COISS_2xxx/COISS_2068/data/1684083403_1684178967/N1684084195_1_full.png,fb2457f70771f74e74a60cf1664517720971c8644dfb0799a0a965bb2411e9bb,/Users/upadhyay/dev/ICES/object_detection_opencv_cpp/data/cassini/issna/s_2004_s_12/images/co-iss-n1684084195.png,true,false
co-iss-n1734874982,cassini,issna,surtur,CLEAR,460,2012-12-22T12:41:29.079,Surtur,https://opus.pds-rings.seti.org/holdings/previews/COISS_2xxx/COISS_2079/data/1734646304_1734911368/N1734874982_1_full.png,7f3278e971f96b5fabf2438c9d726bc247e8a530c8716b75a5d67f4c1520b2c7,/Users/upadhyay/dev/ICES/object_detection_opencv_cpp/data/cassini/issna/surtur/images/co-iss-n1734874982.png,true,false
co-iss-n1734878622,cassini,issna,surtur,CLEAR,460,2012-12-22T13:42:09.056,Surtur,https://opus.pds-rings.seti.org/holdings/previews/COISS_2xxx/COISS_2079/data/1734646304_1734911368/N1734878622_1_full.png,c6b5f06c5be17e0f10a21afe0618277f25a8ca3cf5b4032cc1719dce476b0feb,/Users/upadhyay/dev/ICES/object_detection_opencv_cpp/data/cassini/issna/surtur/images/co-iss-n1734878622.png,true,false
co-iss-n1734875502,cassini,issna,surtur,CLEAR,460,2012-12-22T12:50:09.076,Surtur,https://opus.pds-rings.seti.org/holdings/previews/COISS_2xxx/COISS_2079/data/1734646304_1734911368/N1734875502_1_full.png,ddb479e7b21622f365c9392b6c411b4a87a1c9572dd00a4f50d048a84a4cb190,/Users/upadhyay/dev/ICES/object_detection_opencv_cpp/data/cassini/issna/surtur/images/co-iss-n1734875502.png,true,false
co-iss-n1734876022,cassini,issna,surtur,CLEAR,460,2012-12-22T12:58:49.073,Surtur,https://opus.pds-rings.seti.org/holdings/previews/COISS_2xxx/COISS_2079/data/1734646304_1734911368/N1734876022_1_full.png,98cf6a27e3bc4e5faa250c8b905cdcf1fa294d8a28b0cb2516f9ba707b629c82,/Users/upadhyay/dev/ICES/object_detection_opencv_cpp/data/cassini/issna/surtur/images/co-iss-n1734876022.png,true,false
co-iss-n1734876542,cassini,issna,surtur,CLEAR,460,2012-12-22T13:07:29.070,Surtur,https://opus.pds-rings.seti.org/holdings/previews/COISS_2xxx/COISS_2079/data/1734646304_1734911368/N1734876542_1_full.png,957c1ea8957aa2063f2fdee979edde103b0343db0e2509fc810c38be9ad5e163,/Users/upadhyay/dev/ICES/object_detection_opencv_cpp/data/cassini/issna/surtur/images/co-iss-n1734876542.png,true,false
co-iss-n1610125007,cassini,issna,suttungr,CLEAR,5.6,2009-01-08T16:16:44.987,Suttungr,https://opus.pds-rings.seti.org/holdings/previews/COISS_2xxx/COISS_2052/data/1609906195_1610170084/N1610125007_1_full.png,5635922800f7b17dec1dd0bf917b47cbb25c801d7301fc0cd875726a60798178,/Users/upadhyay/dev/ICES/object_detection_opencv_cpp/data/cassini/issna/suttungr/images/co-iss-n1610125007.png,true,false
co-iss-n1683976518,cassini,issna,suttungr,CLEAR,220,2011-05-13T10:23:08.713,Suttungr,https://opus.pds-rings.seti.org/holdings/previews/COISS_2xxx/COISS_2068/data/1683934406_1684008198/N1683976518_1_full.png,d2a27661b23998997b78e925fdb7faadeb3d9e46c95fded59b0792c9a775afdf,/Users/upadhyay/dev/ICES/object_detection_opencv_cpp/data/cassini/issna/suttungr/images/co-iss-n1683976518.png,true,false
co-iss-n1683975462,cassini,issna,suttungr,CLEAR,220,2011-05-13T10:05:32.720,Suttungr,https://opus.pds-rings.seti.org/holdings/previews/COISS_2xxx/COISS_2068/data/1683934406_1684008198/N1683975462_1_full.png,b70dec4021a10bdee4e46593b91c09d9b62a15cba3c6dbf01aa4d4cc9f47365b,/Users/upadhyay/dev/ICES/object_detection_opencv_cpp/data/cassini/issna/suttungr/images/co-iss-n1683975462.png,true,false
co-iss-n1683975726,cassini,issna,suttungr,CLEAR,220,2011-05-13T10:09:56.718,Suttungr,https://opus.pds-rings.seti.org/holdings/previews/COISS_2xxx/COISS_2068/data/1683934406_1684008198/N1683975726_1_full.png,cc8ed7985c0a5ae6e6525f327ff52a8c44af4246c2d031ba27bec970f835d25a,/Users/upadhyay/dev/ICES/object_detection_opencv_cpp/data/cassini/issna/suttungr/images/co-iss-n1683975726.png,true,false
co-iss-n1683975990,cassini,issna,suttungr,CLEAR,220,2011-05-13T10:14:20.717,Suttungr,https://opus.pds-rings.seti.org/holdings/previews/COISS_2xxx/COISS_2068/data/1683934406_1684008198/N1683975990_1_full.png,a56d02eb70723f12aa7e246b63c2d8d4a13d47b8721651edf7d4ba0a8ae92a6b,/Users/upadhyay/dev/ICES/object_detection_opencv_cpp/data/cassini/issna/suttungr/images/co-iss-n1683975990.png,true,false
co-iss-w1308947228,cassini,issna,venus,RED,0.005,1999-06-24T20:20:51.615,Venus,https://opus.pds-rings.seti.org/holdings/previews/COISS_1xxx/COISS_1001/data/1295221411_1313633653/W1308947228_1_full.png,6a531440eca814a9fe31620d27ea49e90754bbc60cab48368fc533b18c02049c,/Users/upadhyay/dev/ICES/object_detection_opencv_cpp/data/cassini/issna/venus/images/co-iss-w1308947228.png,true,true
co-iss-n1308947440,cassini,issna,venus,UV1,2,1999-06-24T20:24:23.606,Venus,https://opus.pds-rings.seti.org/holdings/previews/COISS_1xxx/COISS_1001/data/1295221411_1313633653/N1308947440_1_full.png,0ccf04ef577a58afc9c5289c43768d2146b3300509d9945cbe8458b9899d594e,/Users/upadhyay/dev/ICES/object_detection_opencv_cpp/data/cassini/issna/venus/images/co-iss-n1308947440.png,true,true
co-iss-n1308947228,cassini,issna,venus,RED,0.04,1999-06-24T20:20:51.623,Venus,https://opus.pds-rings.seti.org/holdings/previews/COISS_1xxx/COISS_1001/data/1295221411_1313633653/N1308947228_1_full.png,95c1cd8733163fb04e55308ab8b3bfce4ef6546a41a2897a1bc4c254e7e153fa,/Users/upadhyay/dev/ICES/object_detection_opencv_cpp/data/cassini/issna/venus/images/co-iss-n1308947228.png,true,true
co-iss-n1308947273,cassini,issna,venus,GRN,0.005,1999-06-24T20:21:36.626,Venus,https://opus.pds-rings.seti.org/holdings/previews/COISS_1xxx/COISS_1001/data/1295221411_1313633653/N1308947273_1_full.png,e83da0a8038f99feea25ff2699f047b1346bdce9cafaba097a0e4885f5f33386,/Users/upadhyay/dev/ICES/object_detection_opencv_cpp/data/cassini/issna/venus/images/co-iss-n1308947273.png,true,true
co-iss-n1308947314,cassini,issna,venus,UV2,0.56,1999-06-24T20:22:17.595,Venus,https://opus.pds-rings.seti.org/holdings/previews/COISS_1xxx/COISS_1001/data/1295221411_1313633653/N1308947314_1_full.png,265aa6dbcdfaabf92264f07e5687985266afc2b7d0b51b5930a622e8f66014d9,/Users/upadhyay/dev/ICES/object_detection_opencv_cpp/data/cassini/issna/venus/images/co-iss-n1308947314.png,true,true
co-iss-n1413902105,cassini,issna,saturn,MT2,15,2002-10-21T14:16:31.595,Saturn,https://opus.pds-rings.seti.org/holdings/previews/COISS_1xxx/COISS_1008/data/1413823163_1413923799/N1413902105_1_full.png,4a2b4604eb7305f71e1f4474ea8acff505d9240e4289b7700f25c3db311261b9,/Users/upadhyay/dev/ICES/object_detection_opencv_cpp/data/cassini/issna/saturn/images/co-iss-n1413902105.png,true,true
co-iss-n1413902565,cassini,issna,saturn,CB3,22,2002-10-21T14:24:04.611,Saturn,https://opus.pds-rings.seti.org/holdings/previews/COISS_1xxx/COISS_1008/data/1413823163_1413923799/N1413902565_1_full.png,b71d77eac242d0eecc3cc574df03be24e6f0cb2e1e175b12511a5b8dbd9d6f65,/Users/upadhyay/dev/ICES/object_detection_opencv_cpp/data/cassini/issna/saturn/images/co-iss-n1413902565.png,true,true
co-iss-n1413902863,cassini,issna,saturn,IR3,2.6,2002-10-21T14:29:21.966,Saturn,https://opus.pds-rings.seti.org/holdings/previews/COISS_1xxx/COISS_1008/data/1413823163_1413923799/N1413902863_1_full.png,65e39233c2c10ff1f02754a69bec0280adfbb2b0c100520fa8feaa527bf66673,/Users/upadhyay/dev/ICES/object_detection_opencv_cpp/data/cassini/issna/saturn/images/co-iss-n1413902863.png,true,true
co-iss-n1413903497,cassini,issna,saturn,UV2,32,2002-10-21T14:39:26.577,Saturn,https://opus.pds-rings.seti.org/holdings/previews/COISS_1xxx/COISS_1008/data/1413823163_1413923799/N1413903497_1_full.png,dab13b6a2516d7bded52da40d148d1c2ad7cbb26aa8dcc1612f5b7a236133359,/Users/upadhyay/dev/ICES/object_detection_opencv_cpp/data/cassini/issna/saturn/images/co-iss-n1413903497.png,true,true
co-iss-n1413903960,cassini,issna,saturn,UV3+P120,22,2002-10-21T14:47:19.555,Saturn,https://opus.pds-rings.seti.org/holdings/previews/COISS_1xxx/COISS_1008/data/1413823163_1413923799/N1413903960_1_full.png,d03e8fdedfa779984e8f3ca13c76c546f541a69ed0498f2417cb9e414b2684bd,/Users/upadhyay/dev/ICES/object_detection_opencv_cpp/data/cassini/issna/saturn/images/co-iss-n1413903960.png,true,true
co-iss-n1413904398,cassini,issna,saturn,CB1+P0,2.6,2002-10-21T14:54:56.951,Saturn,https://opus.pds-rings.seti.org/holdings/previews/COISS_1xxx/COISS_1008/data/1413823163_1413923799/N1413904398_1_full.png,3e8af35193e21818ead266b42b1dba9a0eff74e0b7bbfc6b2451f2844f6ae170,/Users/upadhyay/dev/ICES/object_detection_opencv_cpp/data/cassini/issna/saturn/images/co-iss-n1413904398.png,true,true
co-iss-n1413904850,cassini,issna,saturn,CB3,22,2002-10-21T15:02:09.556,Saturn,https://opus.pds-rings.seti.org/holdings/previews/COISS_1xxx/COISS_1008/data/1413823163_1413923799/N1413904850_1_full.png,72764d46d17b0f509a0d139925ab0e65bcd24d03ea9b5d62dbf3e2630f4b77db,/Users/upadhyay/dev/ICES/object_detection_opencv_cpp/data/cassini/issna/saturn/images/co-iss-n1413904850.png,true,true
co-iss-n1413905556,cassini,issna,saturn,UV1,68,2002-10-21T15:13:09.555,Saturn,https://opus.pds-rings.seti.org/holdings/previews/COISS_1xxx/COISS_1008/data/1413823163_1413923799/N1413905556_1_full.png,2d7774d35acbe2693c29d30dc44c735a603ace163c33479654860680906640cd,/Users/upadhyay/dev/ICES/object_detection_opencv_cpp/data/cassini/issna/saturn/images/co-iss-n1413905556.png,true,true
co-iss-n1488295215,cassini,issna,saturn,MT2,4.6,2005-02-28T14:53:39.351,Saturn,https://opus.pds-rings.seti.org/holdings/previews/COISS_2xxx/COISS_2010/data/1488278467_1488302221/N1488295215_1_full.png,a539f8aa8f8c0ce529f765f862e21486c4fc0915bf6bed18234232b1abed39ee,/Users/upadhyay/dev/ICES/object_detection_opencv_cpp/data/cassini/issna/saturn/images/co-iss-n1488295215.png,true,position_only
co-iss-w1488295511,cassini,issna,saturn,MT3,38,2005-02-28T14:58:01.941,Saturn,https://opus.pds-rings.seti.org/holdings/previews/COISS_2xxx/COISS_2010/data/1488278467_1488302221/W1488295511_1_full.png,983263d958ad9cb741102229a65fc0e2eeb58b07f58750c4be0d9153e02fa45c,/Users/upadhyay/dev/ICES/object_detection_opencv_cpp/data/cassini/issna/saturn/images/co-iss-w1488295511.png,true,position_only
co-iss-w1488295598,cassini,issna,saturn,CB2,0.32,2005-02-28T15:00:06.632,Saturn,https://opus.pds-rings.seti.org/holdings/previews/COISS_2xxx/COISS_2010/data/1488278467_1488302221/W1488295598_1_full.png,93d2dd407d7fbca1cc0dfcb52ccf157b1d67ee9d85a3f600cbf6ff4387b62aac,/Users/upadhyay/dev/ICES/object_detection_opencv_cpp/data/cassini/issna/saturn/images/co-iss-w1488295598.png,true,position_only
co-iss-w1488301564,cassini,issna,saturn,MT2,1.5,2005-02-28T16:39:31.423,Saturn,https://opus.pds-rings.seti.org/holdings/previews/COISS_2xxx/COISS_2010/data/1488278467_1488302221/W1488301564_3_full.png,e8ccb636ba2101026f10a20376bf29cb361a638dbb29c7d68857907741782bb9,/Users/upadhyay/dev/ICES/object_detection_opencv_cpp/data/cassini/issna/saturn/images/co-iss-w1488301564.png,true,position_only
co-iss-n1488301900,cassini,issna,saturn,MT2,4.6,2005-02-28T16:45:04.309,Saturn,https://opus.pds-rings.seti.org/holdings/previews/COISS_2xxx/COISS_2010/data/1488278467_1488302221/N1488301900_1_full.png,5a9f02344e57ddb87beb6abcb75168a86a137390f027fb18df427d9088340b37,/Users/upadhyay/dev/ICES/object_detection_opencv_cpp/data/cassini/issna/saturn/images/co-iss-n1488301900.png,true,position_only
co-iss-w1488302180,cassini,issna,saturn,MT3,38,2005-02-28T16:49:10.899,Saturn,https://opus.pds-rings.seti.org/holdings/previews/COISS_2xxx/COISS_2010/data/1488278467_1488302221/W1488302180_1_full.png,b42a89488eab9862eaa170bc1b84eac3dc7540798931a74deae43dcb97eac6ce,/Users/upadhyay/dev/ICES/object_detection_opencv_cpp/data/cassini/issna/saturn/images/co-iss-w1488302180.png,true,position_only
co-iss-w1488302267,cassini,issna,saturn,CB2,0.32,2005-02-28T16:51:15.590,Saturn,https://opus.pds-rings.seti.org/holdings/previews/COISS_2xxx/COISS_2010/data/1488302267_1488638384/W1488302267_1_full.png,a0e9b88f88b6df3f45cfb053b5e8884dec622d3f4ab92536c65db94bdc5b07e3,/Users/upadhyay/dev/ICES/object_detection_opencv_cpp/data/cassini/issna/saturn/images/co-iss-w1488302267.png,true,position_only
co-iss-n1488302574,cassini,issna,saturn,MT2,4.6,2005-02-28T16:56:18.305,Saturn,https://opus.pds-rings.seti.org/holdings/previews/COISS_2xxx/COISS_2010/data/1488302267_1488638384/N1488302574_1_full.png,76ea088be91aaf1f9a9f0c2edb8bf839e04a884be1674473280e85e8955d9a8b,/Users/upadhyay/dev/ICES/object_detection_opencv_cpp/data/cassini/issna/saturn/images/co-iss-n1488302574.png,true,position_only
co-iss-w1488302854,cassini,issna,saturn,MT3,38,2005-02-28T17:00:24.895,Saturn,https://opus.pds-rings.seti.org/holdings/previews/COISS_2xxx/COISS_2010/data/1488302267_1488638384/W1488302854_1_full.png,36b632292689513cc2d8439dd116d23f187a7a45adbe29da153aebe9ba14c7e6,/Users/upadhyay/dev/ICES/object_detection_opencv_cpp/data/cassini/issna/saturn/images/co-iss-w1488302854.png,true,position_only
co-iss-w1488302941,cassini,issna,saturn,CB2,0.32,2005-02-28T17:02:29.586,Saturn,https://opus.pds-rings.seti.org/holdings/previews/COISS_2xxx/COISS_2010/data/1488302267_1488638384/W1488302941_1_full.png,7b0cbfb530cc9acab42617343335fe96097da095268e1a798b2d668c0fa83c0d,/Users/upadhyay/dev/ICES/object_detection_opencv_cpp/data/cassini/issna/saturn/images/co-iss-w1488302941.png,true,position_only
co-iss-w1488303232,cassini,issna,saturn,MT2,1.5,2005-02-28T17:07:19.400,Saturn,https://opus.pds-rings.seti.org/holdings/previews/COISS_2xxx/COISS_2010/data/1488302267_1488638384/W1488303232_1_full.png,428b1fbcc62876e1c9cf5926a4af9b575654e27fd8dbc4b0b15092935856dbcc,/Users/upadhyay/dev/ICES/object_detection_opencv_cpp/data/cassini/issna/saturn/images/co-iss-w1488303232.png,true,position_only
co-iss-n1488309244,cassini,issna,saturn,MT2,4.6,2005-02-28T18:47:28.274,Saturn,https://opus.pds-rings.seti.org/holdings/previews/COISS_2xxx/COISS_2010/data/1488302267_1488638384/N1488309244_1_full.png,8288372d7869c57c717a7ff57d7f2ea2982f798b5d4022d394cb0c14bd10330f,/Users/upadhyay/dev/ICES/object_detection_opencv_cpp/data/cassini/issna/saturn/images/co-iss-n1488309244.png,true,position_only
co-iss-w1488309523,cassini,issna,saturn,MT3,38,2005-02-28T18:51:33.853,Saturn,https://opus.pds-rings.seti.org/holdings/previews/COISS_2xxx/COISS_2010/data/1488302267_1488638384/W1488309523_1_full.png,c3c6166fb1ed5b488c4a1f029eed81996e521c91cd208cc4d57fce52672466d8,/Users/upadhyay/dev/ICES/object_detection_opencv_cpp/data/cassini/issna/saturn/images/co-iss-w1488309523.png,true,position_only
co-iss-w1488309626,cassini,issna,saturn,CB2,0.32,2005-02-28T18:53:54.544,Saturn,https://opus.pds-rings.seti.org/holdings/previews/COISS_2xxx/COISS_2010/data/1488302267_1488638384/W1488309626_1_full.png,8d52135f39c55d7a1e0d5ee1d75dfdae4d80abe78907fe08141bd9327adf5df9,/Users/upadhyay/dev/ICES/object_detection_opencv_cpp/data/cassini/issna/saturn/images/co-iss-w1488309626.png,true,position_only
co-iss-w1488309901,cassini,issna,saturn,MT2,1.5,2005-02-28T18:58:28.358,Saturn,https://opus.pds-rings.seti.org/holdings/previews/COISS_2xxx/COISS_2010/data/1488302267_1488638384/W1488309901_1_full.png,dfe44f4f99e5eaf43c069719926acf8c6caa480bbae7507343c8c2a1902cf7b8,/Users/upadhyay/dev/ICES/object_detection_opencv_cpp/data/cassini/issna/saturn/images/co-iss-w1488309901.png,true,position_only
co-iss-w1488310197,cassini,issna,saturn,MT3,38,2005-02-28T19:02:47.849,Saturn,https://opus.pds-rings.seti.org/holdings/previews/COISS_2xxx/COISS_2010/data/1488302267_1488638384/W1488310197_1_full.png,931c90909315ae4aa9a9a64e26d87c5474d0618e7f30cf026768023d35ef8e02,/Users/upadhyay/dev/ICES/object_detection_opencv_cpp/data/cassini/issna/saturn/images/co-iss-w1488310197.png,true,position_only
co-iss-w1488310300,cassini,issna,saturn,CB2,0.32,2005-02-28T19:05:08.540,Saturn,https://opus.pds-rings.seti.org/holdings/previews/COISS_2xxx/COISS_2010/data/1488302267_1488638384/W1488310300_1_full.png,94fc0cb11b02125d350a211b875362a8ce64f8f9b02eac48600dcc8e89887c3c,/Users/upadhyay/dev/ICES/object_detection_opencv_cpp/data/cassini/issna/saturn/images/co-iss-w1488310300.png,true,position_only
co-iss-w1488310575,cassini,issna,saturn,MT2,1.5,2005-02-28T19:09:42.354,Saturn,https://opus.pds-rings.seti.org/holdings/previews/COISS_2xxx/COISS_2010/data/1488302267_1488638384/W1488310575_1_full.png,9c091e76c8503fbb8712810101b6c8fc09e59857d503a09a92eacf56c1e41327,/Users/upadhyay/dev/ICES/object_detection_opencv_cpp/data/cassini/issna/saturn/images/co-iss-w1488310575.png,true,position_only
co-iss-n1488310912,cassini,issna,saturn,MT2,4.6,2005-02-28T19:15:16.252,Saturn,https://opus.pds-rings.seti.org/holdings/previews/COISS_2xxx/COISS_2010/data/1488302267_1488638384/N1488310912_1_full.png,36f7fd3df9f0a2cbf8dd30e4baab6174cfe40d5a58509bd435695fa932a601c8,/Users/upadhyay/dev/ICES/object_detection_opencv_cpp/data/cassini/issna/saturn/images/co-iss-n1488310912.png,true,position_only
co-iss-n1488799939,cassini,issna,saturn,MT2,26,2005-03-06T11:05:18.670,Saturn,https://opus.pds-rings.seti.org/holdings/previews/COISS_2xxx/COISS_2010/data/1488792273_1488818205/N1488799939_1_full.png,26dfea0e6586b989bf2cff3b5b6b42c04cad25a8ef19f8e8ce3eb1f78a2b7d62,/Users/upadhyay/dev/ICES/object_detection_opencv_cpp/data/cassini/issna/saturn/images/co-iss-n1488799939.png,true,position_only
co-iss-n1488800291,cassini,issna,saturn,MT2,26,2005-03-06T11:11:10.653,Saturn,https://opus.pds-rings.seti.org/holdings/previews/COISS_2xxx/COISS_2010/data/1488792273_1488818205/N1488800291_1_full.png,fce2490ae9feab107deaafc9c34e7ddc0ad7310cc4a22e878193ceb60c6b3ee3,/Users/upadhyay/dev/ICES/object_detection_opencv_cpp/data/cassini/issna/saturn/images/co-iss-n1488800291.png,true,position_only
co-iss-n1488800644,cassini,issna,saturn,MT2,26,2005-03-06T11:17:03.650,Saturn,https://opus.pds-rings.seti.org/holdings/previews/COISS_2xxx/COISS_2010/data/1488792273_1488818205/N1488800644_1_full.png,2adc6a16ee548eaff071c88710ebe9e24765d4e8faf002a54f21c902fd14ac17,/Users/upadhyay/dev/ICES/object_detection_opencv_cpp/data/cassini/issna/saturn/images/co-iss-n1488800644.png,true,position_only
co-iss-w1564349661,cassini,issna,saturn,MT2,1.2,2007-07-28T20:59:43.173,Saturn,https://opus.pds-rings.seti.org/holdings/previews/COISS_2xxx/COISS_2034/data/1564349047_1564356963/W1564349661_1_full.png,08d4dfc395caf3ab3b6803be7b2ecd1f40fa52ea053b794f8e40df317b11470f,/Users/upadhyay/dev/ICES/object_detection_opencv_cpp/data/cassini/issna/saturn/images/co-iss-w1564349661.png,true,position_only
co-iss-w1564349857,cassini,issna,saturn,RED,0.015,2007-07-28T21:03:00.337,Saturn,https://opus.pds-rings.seti.org/holdings/previews/COISS_2xxx/COISS_2034/data/1564349047_1564356963/W1564349857_1_full.png,1b2908bb08805556e6bfcf533c8a72beedcc1d17e3a9244d0242a5b50cce3e74,/Users/upadhyay/dev/ICES/object_detection_opencv_cpp/data/cassini/issna/saturn/images/co-iss-w1564349857.png,true,position_only
co-iss-n1564350011,cassini,issna,saturn,CB3,3.8,2007-07-28T21:05:30.559,Saturn,https://opus.pds-rings.seti.org/holdings/previews/COISS_2xxx/COISS_2034/data/1564349047_1564356963/N1564350011_1_full.png,8de3ea6f480903747c3fafbd9f18ffe78007bd8927f02e64d0eb55e4621bb201,/Users/upadhyay/dev/ICES/object_detection_opencv_cpp/data/cassini/issna/saturn/images/co-iss-n1564350011.png,true,position_only
co-iss-n1564350264,cassini,issna,saturn,CB1,0.32,2007-07-28T21:09:47.022,Saturn,https://opus.pds-rings.seti.org/holdings/previews/COISS_2xxx/COISS_2034/data/1564349047_1564356963/N1564350264_1_full.png,af1064794228b486a0afe37a7abbe16968548c21c11cddbb9baf99726fba6964,/Users/upadhyay/dev/ICES/object_detection_opencv_cpp/data/cassini/issna/saturn/images/co-iss-n1564350264.png,true,position_only
co-iss-w1564350399,cassini,issna,saturn,MT3,26,2007-07-28T21:11:36.353,Saturn,https://opus.pds-rings.seti.org/holdings/previews/COISS_2xxx/COISS_2034/data/1564349047_1564356963/W1564350399_1_full.png,3fbc887cb7872f69ae7e042381472a79f6bb6eee0124242ff9990cd71b9431ac,/Users/upadhyay/dev/ICES/object_detection_opencv_cpp/data/cassini/issna/saturn/images/co-iss-w1564350399.png,true,position_only
co-iss-w1564350510,cassini,issna,saturn,CB2,0.26,2007-07-28T21:13:53.100,Saturn,https://opus.pds-rings.seti.org/holdings/previews/COISS_2xxx/COISS_2034/data/1564349047_1564356963/W1564350510_1_full.png,8ea0af3d15b4a14c147766970f78072be8f329ce78f0bae2833fc1b0a27e95eb,/Users/upadhyay/dev/ICES/object_detection_opencv_cpp/data/cassini/issna/saturn/images/co-iss-w1564350510.png,true,position_only
co-iss-n1564350717,cassini,issna,saturn,CB1,0.32,2007-07-28T21:17:20.019,Saturn,https://opus.pds-rings.seti.org/holdings/previews/COISS_2xxx/COISS_2034/data/1564349047_1564356963/N1564350717_1_full.png,369d4e25e85c6bd179209a8da2430223b7dde4c871eb10c2a34c801b9515072b,/Users/upadhyay/dev/ICES/object_detection_opencv_cpp/data/cassini/issna/saturn/images/co-iss-n1564350717.png,true,position_only
co-iss-n1564350852,cassini,issna,saturn,MT3,18,2007-07-28T21:19:17.350,Saturn,https://opus.pds-rings.seti.org/holdings/previews/COISS_2xxx/COISS_2034/data/1564349047_1564356963/N1564350852_1_full.png,be2e041b4db54a53e65890090c062ba4242b7c2382f2df5a3f0cdb734bc8437f,/Users/upadhyay/dev/ICES/object_detection_opencv_cpp/data/cassini/issna/saturn/images/co-iss-n1564350852.png,true,position_only
co-iss-w1564350963,cassini,issna,saturn,CB2,0.26,2007-07-28T21:21:26.097,Saturn,https://opus.pds-rings.seti.org/holdings/previews/COISS_2xxx/COISS_2034/data/1564349047_1564356963/W1564350963_1_full.png,0e6b4ef59056dcac2aa5220b0080b027609bae68e3b3f21bbd30218ecfd126cc,/Users/upadhyay/dev/ICES/object_detection_opencv_cpp/data/cassini/issna/saturn/images/co-iss-w1564350963.png,true,position_only
co-iss-w1564351170,cassini,issna,saturn,GRN,0.025,2007-07-28T21:24:53.311,Saturn,https://opus.pds-rings.seti.org/holdings/previews/COISS_2xxx/COISS_2034/data/1564349047_1564356963/W1564351170_1_full.png,edffe17184e1dd55165f6d588ae9953be82ff2926f248c34d87e07a918e7ed3f,/Users/upadhyay/dev/ICES/object_detection_opencv_cpp/data/cassini/issna/saturn/images/co-iss-w1564351170.png,true,position_only
co-iss-w1564351370,cassini,issna,saturn,CB3,8.2,2007-07-28T21:28:05.151,Saturn,https://opus.pds-rings.seti.org/holdings/previews/COISS_2xxx/COISS_2034/data/1564349047_1564356963/W1564351370_1_full.png,0993e8122bd28b0c0f129ed5f0cd088aa972366f23170b8211d941d7dff38973,/Users/upadhyay/dev/ICES/object_detection_opencv_cpp/data/cassini/issna/saturn/images/co-iss-w1564351370.png,true,position_only
co-iss-n1564351473,cassini,issna,saturn,MT2,3.8,2007-07-28T21:29:52.562,Saturn,https://opus.pds-rings.seti.org/holdings/previews/COISS_2xxx/COISS_2034/data/1564349047_1564356963/N1564351473_1_full.png,25894bcfcdfcdfaeff61f297ad9aabe06e714f2bf034f0a5dd0cc3a51def0cf5,/Users/upadhyay/dev/ICES/object_detection_opencv_cpp/data/cassini/issna/saturn/images/co-iss-n1564351473.png,true,position_only
co-iss-w1564354958,cassini,issna,saturn,RED,0.015,2007-07-28T22:28:01.317,Saturn,https://opus.pds-rings.seti.org/holdings/previews/COISS_2xxx/COISS_2034/data/1564349047_1564356963/W1564354958_1_full.png,36d84488958d0dc799876bfe15e8c0b74b86286b9d43781a20f4579a8a4a9ff4,/Users/upadhyay/dev/ICES/object_detection_opencv_cpp/data/cassini/issna/saturn/images/co-iss-w1564354958.png,true,position_only
co-iss-n1564355112,cassini,issna,saturn,CB3,3.8,2007-07-28T22:30:31.542,Saturn,https://opus.pds-rings.seti.org/holdings/previews/COISS_2xxx/COISS_2034/data/1564349047_1564356963/N1564355112_1_full.png,9539d7edf753cfcdf3f8f36ca7df610e4609d97e01d8796909191cf3599bd7fa,/Users/upadhyay/dev/ICES/object_detection_opencv_cpp/data/cassini/issna/saturn/images/co-iss-n1564355112.png,true,position_only
co-iss-n1564355358,cassini,issna,saturn,CB1,0.32,2007-07-28T22:34:40.990,Saturn,https://opus.pds-rings.seti.org/holdings/previews/COISS_2xxx/COISS_2034/data/1564349047_1564356963/N1564355358_1_full.png,9c4d76743b9c6602e3e3d838b5ddba6de20a083b503974a4e8a178d1ce38095f,/Users/upadhyay/dev/ICES/object_detection_opencv_cpp/data/cassini/issna/saturn/images/co-iss-n1564355358.png,true,position_only
co-iss-w1564355493,cassini,issna,saturn,MT3,26,2007-07-28T22:36:30.320,Saturn,https://opus.pds-rings.seti.org/holdings/previews/COISS_2xxx/COISS_2034/data/1564349047_1564356963/W1564355493_1_full.png,d4f79616fe6ad9e672749e5e81a9b203e1c892e0031e8d1fb416482cc112fdc1,/Users/upadhyay/dev/ICES/object_detection_opencv_cpp/data/cassini/issna/saturn/images/co-iss-w1564355493.png,true,position_only
co-iss-n1564355604,cassini,issna,saturn,CB2,0.68,2007-07-28T22:38:46.648,Saturn,https://opus.pds-rings.seti.org/holdings/previews/COISS_2xxx/COISS_2034/data/1564349047_1564356963/N1564355604_1_full.png,0c06f00b6e13d2b9f0759762ba4d3240f7607946644503f0f371bc80e51953eb,/Users/upadhyay/dev/ICES/object_detection_opencv_cpp/data/cassini/issna/saturn/images/co-iss-n1564355604.png,true,position_only
co-iss-w1564355811,cassini,issna,saturn,GRN,0.025,2007-07-28T22:42:14.282,Saturn,https://opus.pds-rings.seti.org/holdings/previews/COISS_2xxx/COISS_2034/data/1564349047_1564356963/W1564355811_1_full.png,cd376d8c5d4e89078fd53f8ff535dbf5b3bc66fc13f3cb7bf66270557c62931b,/Users/upadhyay/dev/ICES/object_detection_opencv_cpp/data/cassini/issna/saturn/images/co-iss-w1564355811.png,true,position_only
co-iss-n1564355946,cassini,issna,saturn,MT3,18,2007-07-28T22:44:11.318,Saturn,https://opus.pds-rings.seti.org/holdings/previews/COISS_2xxx/COISS_2034/data/1564349047_1564356963/N1564355946_1_full.png,472a5fa8f342b63bce088ca7feed32ae71851f6e33ff405f482d6a7699daeff3,/Users/upadhyay/dev/ICES/object_detection_opencv_cpp/data/cassini/issna/saturn/images/co-iss-n1564355946.png,true,position_only
co-iss-n1564356114,cassini,issna,saturn,MT2,3.8,2007-07-28T22:47:13.532,Saturn,https://opus.pds-rings.seti.org/holdings/previews/COISS_2xxx/COISS_2034/data/1564349047_1564356963/N1564356114_1_full.png,07bd7109991037611ae9b0e86e42334d58aad210fe04e527ba02dbcd6500bc49,/Users/upadhyay/dev/ICES/object_detection_opencv_cpp/data/cassini/issna/saturn/images/co-iss-n1564356114.png,true,position_only
co-iss-n1564356310,cassini,issna,saturn,MT1,2,2007-07-28T22:50:31.311,Saturn,https://opus.pds-rings.seti.org/holdings/previews/COISS_2xxx/COISS_2034/data/1564349047_1564356963/N1564356310_1_full.png,ec956999c3f7ba226ac6372c697b9859d21dbe2d9629ee91d53fc6dcf295ce8e,/Users/upadhyay/dev/ICES/object_detection_opencv_cpp/data/cassini/issna/saturn/images/co-iss-n1564356310.png,true,position_only
co-iss-n1564356464,cassini,issna,saturn,CB3,3.8,2007-07-28T22:53:03.518,Saturn,https://opus.pds-rings.seti.org/holdings/previews/COISS_2xxx/COISS_2034/data/1564349047_1564356963/N1564356464_1_full.png,fd0c87342d95c6cee3ff1b9c1b0d5b2407f9d637dd9ee77159df840b5ee37f93,/Users/upadhyay/dev/ICES/object_detection_opencv_cpp/data/cassini/issna/saturn/images/co-iss-n1564356464.png,true,position_only
co-iss-w1564356567,cassini,issna,saturn,MT2,1.2,2007-07-28T22:54:49.129,Saturn,https://opus.pds-rings.seti.org/holdings/previews/COISS_2xxx/COISS_2034/data/1564349047_1564356963/W1564356567_1_full.png,3ab1383ae9b9f4c43088d262a8dec283184c9c3a8b34c6aba4fc08c9d9684097,/Users/upadhyay/dev/ICES/object_detection_opencv_cpp/data/cassini/issna/saturn/images/co-iss-w1564356567.png,true,position_only
co-iss-n1636755624,cassini,issna,saturn,CLEAR,120,2009-11-12T21:35:18.522,Saturn,https://opus.pds-rings.seti.org/holdings/previews/COISS_2xxx/COISS_2058/data/1636752814_1636890977/N1636755624_1_full.png,32da565c7b06cec0e5d61acdaac228435fb8f8bfae07e338b64bd56cba4e5e34,/Users/upadhyay/dev/ICES/object_detection_opencv_cpp/data/cassini/issna/saturn/images/co-iss-n1636755624.png,true,position_only
co-iss-w1636757236,cassini,issna,saturn,CB2,0.07,2009-11-12T22:04:10.444,Saturn,https://opus.pds-rings.seti.org/holdings/previews/COISS_2xxx/COISS_2058/data/1636752814_1636890977/W1636757236_1_full.png,7e724550c6e251b921fba9bdcb84ff925d2790fe319d4423236984f28176bcbe,/Users/upadhyay/dev/ICES/object_detection_opencv_cpp/data/cassini/issna/saturn/images/co-iss-w1636757236.png,true,position_only
co-iss-n1636758375,cassini,issna,saturn,CLEAR,15,2009-11-12T22:22:54.506,Saturn,https://opus.pds-rings.seti.org/holdings/previews/COISS_2xxx/COISS_2058/data/1636752814_1636890977/N1636758375_1_full.png,5a2a943f96786d67239c2c6914575e6df15439be0373b5eec4fbdea1b700d49a,/Users/upadhyay/dev/ICES/object_detection_opencv_cpp/data/cassini/issna/saturn/images/co-iss-n1636758375.png,true,position_only
co-iss-w1636795863,cassini,issna,saturn,BL1,0.15,2009-11-13T08:47:57.093,Saturn,https://opus.pds-rings.seti.org/holdings/previews/COISS_2xxx/COISS_2058/data/1636752814_1636890977/W1636795863_1_full.png,e10df78ca65c75e1b8823abf7c68fc2bb1ec6ec64868f8a80c51fe8bcb3e6887,/Users/upadhyay/dev/ICES/object_detection_opencv_cpp/data/cassini/issna/saturn/images/co-iss-w1636795863.png,true,position_only
co-iss-w1636795981,cassini,issna,saturn,MT2+IRP90,2,2009-11-13T08:49:53.254,Saturn,https://opus.pds-rings.seti.org/holdings/previews/COISS_2xxx/COISS_2058/data/1636752814_1636890977/W1636795981_1_full.png,3c0d8989c2ad7ac126d6e07fb848e77591a2335e75f90a1590bbff34efd33cfd,/Users/upadhyay/dev/ICES/object_detection_opencv_cpp/data/cassini/issna/saturn/images/co-iss-w1636795981.png,true,position_only
co-iss-w1636796199,cassini,issna,saturn,CB3+IRP0,15,2009-11-13T08:53:18.261,Saturn,https://opus.pds-rings.seti.org/holdings/previews/COISS_2xxx/COISS_2058/data/1636752814_1636890977/W1636796199_1_full.png,36a38e22af3e89e6a0970a021543f770580ecfb8d8d8b91d9180cdcb874639a6,/Users/upadhyay/dev/ICES/object_detection_opencv_cpp/data/cassini/issna/saturn/images/co-iss-w1636796199.png,true,position_only
co-iss-n1636841635,cassini,issna,saturn,CLEAR,15,2009-11-13T21:30:33.918,Saturn,https://opus.pds-rings.seti.org/holdings/previews/COISS_2xxx/COISS_2058/data/1636752814_1636890977/N1636841635_1_full.png,81b0c13ce62dbc4ed6c293a951dbe542b34b95e5c3e4381ea9a3f95828589d35,/Users/upadhyay/dev/ICES/object_detection_opencv_cpp/data/cassini/issna/saturn/images/co-iss-n1636841635.png,true,position_only
co-iss-n1636842388,cassini,issna,saturn,CLEAR,120,2009-11-13T21:41:21.893,Saturn,https://opus.pds-rings.seti.org/holdings/previews/COISS_2xxx/COISS_2058/data/1636752814_1636890977/N1636842388_1_full.png,592a3abde076cc5b1805a9f78cd303fc3fcb7878781fc6a9e1487fec8bd56c42,/Users/upadhyay/dev/ICES/object_detection_opencv_cpp/data/cassini/issna/saturn/images/co-iss-n1636842388.png,true,position_only
co-iss-n1636842868,cassini,issna,saturn,CLEAR,120,2009-11-13T21:49:21.909,Saturn,https://opus.pds-rings.seti.org/holdings/previews/COISS_2xxx/COISS_2058/data/1636752814_1636890977/N1636842868_1_full.png,cd393046b6239534b2a4611253cce3731b650be6bb9e631af78fe71f30638537,/Users/upadhyay/dev/ICES/object_detection_opencv_cpp/data/cassini/issna/saturn/images/co-iss-n1636842868.png,true,position_only
co-iss-n1636843422,cassini,issna,saturn,CLEAR,120,2009-11-13T21:58:35.897,Saturn,https://opus.pds-rings.seti.org/holdings/previews/COISS_2xxx/COISS_2058/data/1636752814_1636890977/N1636843422_1_full.png,df3d461f12703805e7f4146d523e8d6b1c5bf65bf0731dcbba167411e424de6d,/Users/upadhyay/dev/ICES/object_detection_opencv_cpp/data/cassini/issna/saturn/images/co-iss-n1636843422.png,true,position_only
co-iss-n1636844016,cassini,issna,saturn,CLEAR,15,2009-11-13T22:10:14.889,Saturn,https://opus.pds-rings.seti.org/holdings/previews/COISS_2xxx/COISS_2058/data/1636752814_1636890977/N1636844016_1_full.png,413cb32f17c23f475ba95c2837b2108040c2417abe77b4c39ed5f27eb4665d14,/Users/upadhyay/dev/ICES/object_detection_opencv_cpp/data/cassini/issna/saturn/images/co-iss-n1636844016.png,true,position_only
co-iss-n1636844496,cassini,issna,saturn,CLEAR,15,2009-11-13T22:18:14.905,Saturn,https://opus.pds-rings.seti.org/holdings/previews/COISS_2xxx/COISS_2058/data/1636752814_1636890977/N1636844496_1_full.png,626e41ba960496d0b9b38a553da4ae8f240da9afa6e55cb6957fc7e8c7c4b0d8,/Users/upadhyay/dev/ICES/object_detection_opencv_cpp/data/cassini/issna/saturn/images/co-iss-n1636844496.png,true,position_only
co-iss-n1636845250,cassini,issna,saturn,CLEAR,120,2009-11-13T22:29:03.892,Saturn,https://opus.pds-rings.seti.org/holdings/previews/COISS_2xxx/COISS_2058/data/1636752814_1636890977/N1636845250_1_full.png,af6395197f63b73377d96404e1e2e36d340806080f862906680b26703060ee8a,/Users/upadhyay/dev/ICES/object_detection_opencv_cpp/data/cassini/issna/saturn/images/co-iss-n1636845250.png,true,position_only
co-iss-n1636845804,cassini,issna,saturn,CLEAR,120,2009-11-13T22:38:17.881,Saturn,https://opus.pds-rings.seti.org/holdings/previews/COISS_2xxx/COISS_2058/data/1636752814_1636890977/N1636845804_1_full.png,e91deb4d0db0cb8b631454004678936b45e8d0eeaca1ffe2e3f1cceaa21f26ee,/Users/upadhyay/dev/ICES/object_detection_opencv_cpp/data/cassini/issna/saturn/images/co-iss-n1636845804.png,true,position_only
co-iss-n1636880201,cassini,issna,saturn,UV3,18,2009-11-14T08:13:16.640,Saturn,https://opus.pds-rings.seti.org/holdings/previews/COISS_2xxx/COISS_2058/data/1636752814_1636890977/N1636880201_1_full.png,d4b812f732c06ea5ea97a7e7872fbd3e6c630cbe3bec8bb65bcd6e6769e549e1,/Users/upadhyay/dev/ICES/object_detection_opencv_cpp/data/cassini/issna/saturn/images/co-iss-n1636880201.png,true,position_only
co-iss-w1636880350,cassini,issna,saturn,RED,0.02,2009-11-14T08:16:03.623,Saturn,https://opus.pds-rings.seti.org/holdings/previews/COISS_2xxx/COISS_2058/data/1636752814_1636890977/W1636880350_1_full.png,f3f9b6e940f9a0d8df641aa0c4292e6a6406ce47971765b180c6501fcd55d60e,/Users/upadhyay/dev/ICES/object_detection_opencv_cpp/data/cassini/issna/saturn/images/co-iss-w1636880350.png,true,position_only
co-iss-w1636880436,cassini,issna,saturn,CB2+IRP0,0.38,2009-11-14T08:17:29.274,Saturn,https://opus.pds-rings.seti.org/holdings/previews/COISS_2xxx/COISS_2058/data/1636752814_1636890977/W1636880436_1_full.png,913c7dd4edde7a6c5b485eb0cb236d21f0be432e1d7c56274eb3b6055326693e,/Users/upadhyay/dev/ICES/object_detection_opencv_cpp/data/cassini/issna/saturn/images/co-iss-w1636880436.png,true,position_only
co-iss-w1636890977,cassini,issna,saturn,CB2,0.26,2009-11-14T11:13:10.303,Saturn,https://opus.pds-rings.seti.org/holdings/previews/COISS_2xxx/COISS_2058/data/1636752814_1636890977/W1636890977_1_full.png,e633474982e48732e3f3df435e756d97d5a7d352a4802c935e8114490d23cff9,/Users/upadhyay/dev/ICES/object_detection_opencv_cpp/data/cassini/issna/saturn/images/co-iss-w1636890977.png,true,position_only
co-iss-n1636891828,cassini,issna,saturn,CLEAR,120,2009-11-14T11:25:21.573,Saturn,https://opus.pds-rings.seti.org/holdings/previews/COISS_2xxx/COISS_2058/data/1636891388_1636981951/N1636891828_1_full.png,8a8be83ca91c38e9f3fe1061823117f00c67711ca895f2243e6d7b82fc28882a,/Users/upadhyay/dev/ICES/object_detection_opencv_cpp/data/cassini/issna/saturn/images/co-iss-n1636891828.png,true,position_only
co-iss-n1636892561,cassini,issna,saturn,CLEAR,120,2009-11-14T11:37:34.544,Saturn,https://opus.pds-rings.seti.org/holdings/previews/COISS_2xxx/COISS_2058/data/1636891388_1636981951/N1636892561_1_full.png,cbf7119c18f9d07c7ca7f505b6b0f8c3d59cad7b8e2a19b8e661ef75b040ada3,/Users/upadhyay/dev/ICES/object_detection_opencv_cpp/data/cassini/issna/saturn/images/co-iss-n1636892561.png,true,position_only
co-iss-n1636893041,cassini,issna,saturn,CLEAR,120,2009-11-14T11:45:34.560,Saturn,https://opus.pds-rings.seti.org/holdings/previews/COISS_2xxx/COISS_2058/data/1636891388_1636981951/N1636893041_1_full.png,1def312d5e06377539060adbeb4a861a8c1f2e873c5cf1f1a022e33240d9f57d,/Users/upadhyay/dev/ICES/object_detection_opencv_cpp/data/cassini/issna/saturn/images/co-iss-n1636893041.png,true,position_only
co-iss-n1636893775,cassini,issna,saturn,CLEAR,120,2009-11-14T11:57:48.543,Saturn,https://opus.pds-rings.seti.org/holdings/previews/COISS_2xxx/COISS_2058/data/1636891388_1636981951/N1636893775_1_full.png,fcaf3ef72059d06f13d8e486a051fc39d010c53cc061ca81787f13cc83d0e5d2,/Users/upadhyay/dev/ICES/object_detection_opencv_cpp/data/cassini/issna/saturn/images/co-iss-n1636893775.png,true,position_only
co-iss-w1723926971,cassini,issna,saturn,BL1,0.015,2012-08-17T19:43:27.595,Saturn,https://opus.pds-rings.seti.org/holdings/previews/COISS_2xxx/COISS_2076/data/1723604110_1724046535/W1723926971_1_full.png,982e359a338774562c46110c1833554895c50b079f8b980185be2810fd5e8510,/Users/upadhyay/dev/ICES/object_detection_opencv_cpp/data/cassini/issna/saturn/images/co-iss-w1723926971.png,true,position_only
co-iss-w1723936077,cassini,issna,saturn,BL1,0.015,2012-08-17T22:15:13.537,Saturn,https://opus.pds-rings.seti.org/holdings/previews/COISS_2xxx/COISS_2076/data/1723604110_1724046535/W1723936077_1_full.png,8a437d8042837cea2dc78bb456d063bf2a089fb8973fc884b18d434eeee38021,/Users/upadhyay/dev/ICES/object_detection_opencv_cpp/data/cassini/issna/saturn/images/co-iss-w1723936077.png,true,position_only
co-iss-w1723945162,cassini,issna,saturn,MT2,0.12,2012-08-18T00:46:38.375,Saturn,https://opus.pds-rings.seti.org/holdings/previews/COISS_2xxx/COISS_2076/data/1723604110_1724046535/W1723945162_1_full.png,147ce739503260041fb5ba885592a4b95afdb1d74789e5ad616c71efa9170acb,/Users/upadhyay/dev/ICES/object_detection_opencv_cpp/data/cassini/issna/saturn/images/co-iss-w1723945162.png,true,position_only
co-iss-w1724046207,cassini,issna,saturn,BL1,0.15,2012-08-19T04:50:42.723,Saturn,https://opus.pds-rings.seti.org/holdings/previews/COISS_2xxx/COISS_2076/data/1723604110_1724046535/W1724046207_1_full.png,f1eea60e9a3060865d7597235556928a2961eb9ffcc2d660a3b8c8194af7de1d,/Users/upadhyay/dev/ICES/object_detection_opencv_cpp/data/cassini/issna/saturn/images/co-iss-w1724046207.png,true,position_only
co-iss-w1724046373,cassini,issna,saturn,MT2+IRP0,0.68,2012-08-19T04:53:28.207,Saturn,https://opus.pds-rings.seti.org/holdings/previews/COISS_2xxx/COISS_2076/data/1723604110_1724046535/W1724046373_1_full.png,a7a024b935ceb33302ad7c9c3b434c19673174dd5b5f24ee9fe18ae2e0a87eed,/Users/upadhyay/dev/ICES/object_detection_opencv_cpp/data/cassini/issna/saturn/images/co-iss-w1724046373.png,true,position_only
co-iss-w1724046478,cassini,issna,saturn,MT3+IRP0,15,2012-08-19T04:54:58.898,Saturn,https://opus.pds-rings.seti.org/holdings/previews/COISS_2xxx/COISS_2076/data/1723604110_1724046535/W1724046478_1_full.png,310b2eed2c11da077b2991b6d8b97bb9a156999a703effdc1dc89e44fcd86139,/Users/upadhyay/dev/ICES/object_detection_opencv_cpp/data/cassini/issna/saturn/images/co-iss-w1724046478.png,true,position_only
co-iss-n1724046799,cassini,issna,saturn,MT2,18,2012-08-19T05:00:16.888,Saturn,https://opus.pds-rings.seti.org/holdings/previews/COISS_2xxx/COISS_2076/data/1724046623_1724088827/N1724046799_1_full.png,3806dccd34dddc13b11ba2fef1e6df597cc702b9d0dbf730e2e17d745bbecf21,/Users/upadhyay/dev/ICES/object_detection_opencv_cpp/data/cassini/issna/saturn/images/co-iss-n1724046799.png,true,position_only
co-iss-n1724047406,cassini,issna,saturn,MT2,18,2012-08-19T05:10:23.884,Saturn,https://opus.pds-rings.seti.org/holdings/previews/COISS_2xxx/COISS_2076/data/1724046623_1724088827/N1724047406_1_full.png,d4d87f37356c3c1d3f2fdfba4c6490f7fe848cb714e7d3c3b62aab4488de1bda,/Users/upadhyay/dev/ICES/object_detection_opencv_cpp/data/cassini/issna/saturn/images/co-iss-n1724047406.png,true,position_only
co-iss-n1724048013,cassini,issna,saturn,MT2,18,2012-08-19T05:20:30.881,Saturn,https://opus.pds-rings.seti.org/holdings/previews/COISS_2xxx/COISS_2076/data/1724046623_1724088827/N1724048013_1_full.png,30e17d714c1d1069a77f53f4d5cd71fa4e9351745883705d110b8c1a16f174dd,/Users/upadhyay/dev/ICES/object_detection_opencv_cpp/data/cassini/issna/saturn/images/co-iss-n1724048013.png,true,position_only
co-iss-n1724048708,cassini,issna,saturn,MT3,22,2012-08-19T05:32:01.876,Saturn,https://opus.pds-rings.seti.org/holdings/previews/COISS_2xxx/COISS_2076/data/1724046623_1724088827/N1724048708_1_full.png,b9a8d5bae4f32373b49d5996f215f34f478df08ea5672d39849af33cf71aeb9b,/Users/upadhyay/dev/ICES/object_detection_opencv_cpp/data/cassini/issna/saturn/images/co-iss-n1724048708.png,true,position_only
co-iss-n1724049315,cassini,issna,saturn,MT3,22,2012-08-19T05:42:08.872,Saturn,https://opus.pds-rings.seti.org/holdings/previews/COISS_2xxx/COISS_2076/data/1724046623_1724088827/N1724049315_1_full.png,6eea8efb53266f533e9bed53576f35a8bbbd09014b9ab09ea322ca29f7999592,/Users/upadhyay/dev/ICES/object_detection_opencv_cpp/data/cassini/issna/saturn/images/co-iss-n1724049315.png,true,position_only
co-iss-n1724050265,cassini,issna,saturn,BL1,0.38,2012-08-19T05:58:20.486,Saturn,https://opus.pds-rings.seti.org/holdings/previews/COISS_2xxx/COISS_2076/data/1724046623_1724088827/N1724050265_1_full.png,02c10b7a50b9c63b858edc623e7adef72bf3933beca123fa74af115103a58231,/Users/upadhyay/dev/ICES/object_detection_opencv_cpp/data/cassini/issna/saturn/images/co-iss-n1724050265.png,true,position_only
co-iss-n1724050872,cassini,issna,saturn,BL1,0.38,2012-08-19T06:08:27.482,Saturn,https://opus.pds-rings.seti.org/holdings/previews/COISS_2xxx/COISS_2076/data/1724046623_1724088827/N1724050872_1_full.png,cda4ca647e796b3f65b031a30100b61f9bf5dcb3c3c506d1c14198e6df348332,/Users/upadhyay/dev/ICES/object_detection_opencv_cpp/data/cassini/issna/saturn/images/co-iss-n1724050872.png,true,position_only
co-iss-n1724051567,cassini,issna,saturn,CB2,2.6,2012-08-19T06:20:00.258,Saturn,https://opus.pds-rings.seti.org/holdings/previews/COISS_2xxx/COISS_2076/data/1724046623_1724088827/N1724051567_1_full.png,61e7e07181d35ba1d76abff7f4e69f5f56f33a40fbcd2d7a688c367397fa659b,/Users/upadhyay/dev/ICES/object_detection_opencv_cpp/data/cassini/issna/saturn/images/co-iss-n1724051567.png,true,position_only
co-iss-w1724053074,cassini,issna,saturn,CB2,0.26,2012-08-19T06:45:09.565,Saturn,https://opus.pds-rings.seti.org/holdings/previews/COISS_2xxx/COISS_2076/data/1724046623_1724088827/W1724053074_1_full.png,2de4736b8b5bccb2f3fb92a8883d04a85740441f9adb6649e90652e88bf2ad95,/Users/upadhyay/dev/ICES/object_detection_opencv_cpp/data/cassini/issna/saturn/images/co-iss-w1724053074.png,true,position_only
co-iss-n1724053769,cassini,issna,saturn,BL1,0.38,2012-08-19T06:56:44.445,Saturn,https://opus.pds-rings.seti.org/holdings/previews/COISS_2xxx/COISS_2076/data/1724046623_1724088827/N1724053769_1_full.png,6e28a222da9cb97916d39ba38a1b9b6950eca0bffa97c06b1017441067f1e54f,/Users/upadhyay/dev/ICES/object_detection_opencv_cpp/data/cassini/issna/saturn/images/co-iss-n1724053769.png,true,position_only
co-iss-n1724054376,cassini,issna,saturn,BL1,0.38,2012-08-19T07:06:51.441,Saturn,https://opus.pds-rings.seti.org/holdings/previews/COISS_2xxx/COISS_2076/data/1724046623_1724088827/N1724054376_1_full.png,5ad917561d436efddfc077365b3853073b4a7bbaa4ee9f61d5c830b7db3bbc35,/Users/upadhyay/dev/ICES/object_detection_opencv_cpp/data/cassini/issna/saturn/images/co-iss-n1724054376.png,true,position_only
co-iss-n1724054983,cassini,issna,saturn,BL1,0.38,2012-08-19T07:16:58.437,Saturn,https://opus.pds-rings.seti.org/holdings/previews/COISS_2xxx/COISS_2076/data/1724046623_1724088827/N1724054983_1_full.png,5dc3b2569d88fabf8cc1466ec4f072ad96f5f879eb5fa0bdf6d80362e8626d50,/Users/upadhyay/dev/ICES/object_detection_opencv_cpp/data/cassini/issna/saturn/images/co-iss-n1724054983.png,true,position_only
co-iss-n1724055678,cassini,issna,saturn,CB2,2.6,2012-08-19T07:28:31.212,Saturn,https://opus.pds-rings.seti.org/holdings/previews/COISS_2xxx/COISS_2076/data/1724046623_1724088827/N1724055678_1_full.png,b2817f9a586d9c437090d3d7f70e78b2602c061ece83397bbf002aee261d5188,/Users/upadhyay/dev/ICES/object_detection_opencv_cpp/data/cassini/issna/saturn/images/co-iss-n1724055678.png,true,position_only
co-iss-n1724056285,cassini,issna,saturn,CB2,2.6,2012-08-19T07:38:38.209,Saturn,https://opus.pds-rings.seti.org/holdings/previews/COISS_2xxx/COISS_2076/data/1724046623_1724088827/N1724056285_1_full.png,d4311ca4d76e4baf2d9680d78f833b17b992b65fe4e6759a94b74d530f4724e6,/Users/upadhyay/dev/ICES/object_detection_opencv_cpp/data/cassini/issna/saturn/images/co-iss-n1724056285.png,true,position_only
co-iss-n1724056980,cassini,issna,saturn,MT2,8.2,2012-08-19T07:50:07.604,Saturn,https://opus.pds-rings.seti.org/holdings/previews/COISS_2xxx/COISS_2076/data/1724046623_1724088827/N1724056980_1_full.png,5437472a38e68b3291c14000c427e3f8003aaa0dae97d0a964355a1b45f2d0e3,/Users/upadhyay/dev/ICES/object_detection_opencv_cpp/data/cassini/issna/saturn/images/co-iss-n1724056980.png,true,position_only
co-iss-n1724057587,cassini,issna,saturn,MT2,8.2,2012-08-19T08:00:14.600,Saturn,https://opus.pds-rings.seti.org/holdings/previews/COISS_2xxx/COISS_2076/data/1724046623_1724088827/N1724057587_1_full.png,b3d429ba4d2bb9055110ccab2b04d86cf4134e2424982be8787da5cc40f784a1,/Users/upadhyay/dev/ICES/object_detection_opencv_cpp/data/cassini/issna/saturn/images/co-iss-n1724057587.png,true,position_only
co-iss-n1724058282,cassini,issna,saturn,MT3,22,2012-08-19T08:11:35.796,Saturn,https://opus.pds-rings.seti.org/holdings/previews/COISS_2xxx/COISS_2076/data/1724046623_1724088827/N1724058282_1_full.png,d2d018bd0804273b1a1be20101d265bdd66e10396c4f1ecb5d73b291e9d1b56c,/Users/upadhyay/dev/ICES/object_detection_opencv_cpp/data/cassini/issna/saturn/images/co-iss-n1724058282.png,true,position_only
co-iss-w1820353986,cassini,issna,saturn,GRN,0.005,2015-09-07T20:50:08.404,Saturn,https://opus.pds-rings.seti.org/holdings/previews/COISS_2xxx/COISS_2098/data/1820342918_1820356795/W1820353986_1_full.png,99653f0a81581562bb31a075015a73b4486788c386cc3ee8fd317d0144d2a313,/Users/upadhyay/dev/ICES/object_detection_opencv_cpp/data/cassini/issna/saturn/images/co-iss-w1820353986.png,true,position_only
co-iss-w1820354427,cassini,issna,saturn,CB3,1,2015-09-07T20:57:28.371,Saturn,https://opus.pds-rings.seti.org/holdings/previews/COISS_2xxx/COISS_2098/data/1820342918_1820356795/W1820354427_1_full.png,bf6d571629d5d4d79247e5b25ce0138e8d91950c0e1bcaeee59a513673595e14,/Users/upadhyay/dev/ICES/object_detection_opencv_cpp/data/cassini/issna/saturn/images/co-iss-w1820354427.png,true,position_only
co-iss-w1820354984,cassini,issna,saturn,MT2,0.15,2015-09-07T21:06:46.218,Saturn,https://opus.pds-rings.seti.org/holdings/previews/COISS_2xxx/COISS_2098/data/1820342918_1820356795/W1820354984_1_full.png,ed19a5f9d164ff12459676bd96dbc8051ca1e329118538b8c99b9306390c2f0e,/Users/upadhyay/dev/ICES/object_detection_opencv_cpp/data/cassini/issna/saturn/images/co-iss-w1820354984.png,true,position_only
co-iss-w1820355559,cassini,issna,saturn,MT2,0.15,2015-09-07T21:16:21.214,Saturn,https://opus.pds-rings.seti.org/holdings/previews/COISS_2xxx/COISS_2098/data/1820342918_1820356795/W1820355559_1_full.png,540a365b6358350fb4166aa8ccfe515ab2dcbe7be908c6346950fdff265b7f1c,/Users/upadhyay/dev/ICES/object_detection_opencv_cpp/data/cassini/issna/saturn/images/co-iss-w1820355559.png,true,position_only
co-iss-w1820356244,cassini,issna,saturn,CB3,1,2015-09-07T21:27:45.387,Saturn,https://opus.pds-rings.seti.org/holdings/previews/COISS_2xxx/COISS_2098/data/1820342918_1820356795/W1820356244_1_full.png,d57cb36e0e1a3de066984a2bc060f8cefc3a4a2d5c0df2eed05282042cefd8be,/Users/upadhyay/dev/ICES/object_detection_opencv_cpp/data/cassini/issna/saturn/images/co-iss-w1820356244.png,true,position_only
co-iss-w1820356313,cassini,issna,saturn,MT2,0.12,2015-09-07T21:28:55.274,Saturn,https://opus.pds-rings.seti.org/holdings/previews/COISS_2xxx/COISS_2098/data/1820342918_1820356795/W1820356313_1_full.png,e8201bba3f9a080f583821d5c0f32b0c3dcc6089478cf2fc173148d009fa0924,/Users/upadhyay/dev/ICES/object_detection_opencv_cpp/data/cassini/issna/saturn/images/co-iss-w1820356313.png,true,position_only
co-iss-w1820356778,cassini,issna,saturn,MT3,2.6,2015-09-07T21:36:37.764,Saturn,https://opus.pds-rings.seti.org/holdings/previews/COISS_2xxx/COISS_2098/data/1820342918_1820356795/W1820356778_1_full.png,8575ade04366e2374a38eb1d492a7baea212ae4255d0b1094018f9c3ad5fd180,/Users/upadhyay/dev/ICES/object_detection_opencv_cpp/data/cassini/issna/saturn/images/co-iss-w1820356778.png,true,position_only
co-iss-w1820357318,cassini,issna,saturn,MT3,3.2,2015-09-07T21:45:37.161,Saturn,https://opus.pds-rings.seti.org/holdings/previews/COISS_2xxx/COISS_2098/data/1820357277_1820408543/W1820357318_1_full.png,02aa10fdb16a0120f1369acf472f9700ae064c51168887736a9adbdab9367d22,/Users/upadhyay/dev/ICES/object_detection_opencv_cpp/data/cassini/issna/saturn/images/co-iss-w1820357318.png,true,position_only
co-iss-w1820357893,cassini,issna,saturn,MT3,3.2,2015-09-07T21:55:12.157,Saturn,https://opus.pds-rings.seti.org/holdings/previews/COISS_2xxx/COISS_2098/data/1820357277_1820408543/W1820357893_1_full.png,2a1508d06da3885719958ba52d521b9e91bc69a0a0c2f16d48b81779efc8fdcb,/Users/upadhyay/dev/ICES/object_detection_opencv_cpp/data/cassini/issna/saturn/images/co-iss-w1820357893.png,true,position_only
co-iss-w1820358572,cassini,issna,saturn,VIO,0.18,2015-09-07T22:06:34.196,Saturn,https://opus.pds-rings.seti.org/holdings/previews/COISS_2xxx/COISS_2098/data/1820357277_1820408543/W1820358572_1_full.png,9c72142c7431e0e1cac72c0928d09da7b33bf71a7dab848c2d250aef8ff083be,/Users/upadhyay/dev/ICES/object_detection_opencv_cpp/data/cassini/issna/saturn/images/co-iss-w1820358572.png,true,position_only
co-iss-w1820358647,cassini,issna,saturn,MT3,2.6,2015-09-07T22:07:46.783,Saturn,https://opus.pds-rings.seti.org/holdings/previews/COISS_2xxx/COISS_2098/data/1820357277_1820408543/W1820358647_1_full.png,7c06e67ac1793875070b2c0ef5a340f5b069c0bebfc77e8fbaed279767c91156,/Users/upadhyay/dev/ICES/object_detection_opencv_cpp/data/cassini/issna/saturn/images/co-iss-w1820358647.png,true,position_only
co-iss-w1820359105,cassini,issna,saturn,CB2,0.03,2015-09-07T22:15:27.323,Saturn,https://opus.pds-rings.seti.org/holdings/previews/COISS_2xxx/COISS_2098/data/1820357277_1820408543/W1820359105_1_full.png,bdb409e78de150a1398097144693f202c4a8cafb6b6b980ae705db4ee647026e,/Users/upadhyay/dev/ICES/object_detection_opencv_cpp/data/cassini/issna/saturn/images/co-iss-w1820359105.png,true,position_only
co-iss-w1820359645,cassini,issna,saturn,CB2,0.035,2015-09-07T22:24:27.315,Saturn,https://opus.pds-rings.seti.org/holdings/previews/COISS_2xxx/COISS_2098/data/1820357277_1820408543/W1820359645_1_full.png,655419f20ad404612f9cfbeb950720e756c5b82991225c956ab1489a79875c3d,/Users/upadhyay/dev/ICES/object_detection_opencv_cpp/data/cassini/issna/saturn/images/co-iss-w1820359645.png,true,position_only
co-iss-w1820360828,cassini,issna,saturn,IR3,0.1,2015-09-07T22:44:10.246,Saturn,https://opus.pds-rings.seti.org/holdings/previews/COISS_2xxx/COISS_2098/data/1820357277_1820408543/W1820360828_1_full.png,72172355bdd6159a833c11794ab8b8180b83a0cc826c23b43699db9230ed2d85,/Users/upadhyay/dev/ICES/object_detection_opencv_cpp/data/cassini/issna/saturn/images/co-iss-w1820360828.png,true,position_only
co-iss-w1820360899,cassini,issna,saturn,RED,0.005,2015-09-07T22:45:21.360,Saturn,https://opus.pds-rings.seti.org/holdings/previews/COISS_2xxx/COISS_2098/data/1820357277_1820408543/W1820360899_1_full.png,7e9229ca65e9fa3324c8faa8965ba3200ef73b88d03ec4386454470afd72c24b,/Users/upadhyay/dev/ICES/object_detection_opencv_cpp/data/cassini/issna/saturn/images/co-iss-w1820360899.png,true,position_only
co-iss-w1820360974,cassini,issna,saturn,CB2,0.03,2015-09-07T22:46:36.346,Saturn,https://opus.pds-rings.seti.org/holdings/previews/COISS_2xxx/COISS_2098/data/1820357277_1820408543/W1820360974_1_full.png,c42fde486cc31aac3f5ab5bbac68fc4dc78cf7d88c2ddbb8188668b4dd5baa4c,/Users/upadhyay/dev/ICES/object_detection_opencv_cpp/data/cassini/issna/saturn/images/co-iss-w1820360974.png,true,position_only
co-iss-w1820361897,cassini,issna,saturn,CB3,1.2,2015-09-07T23:01:58.124,Saturn,https://opus.pds-rings.seti.org/holdings/previews/COISS_2xxx/COISS_2098/data/1820357277_1820408543/W1820361897_1_full.png,07a6f434d05618b3aa20ea63729227d4d308a7ebbdee52744c8163bc2c95f17f,/Users/upadhyay/dev/ICES/object_detection_opencv_cpp/data/cassini/issna/saturn/images/co-iss-w1820361897.png,true,position_only
co-iss-w1820362472,cassini,issna,saturn,CB3,1.2,2015-09-07T23:11:33.120,Saturn,https://opus.pds-rings.seti.org/holdings/previews/COISS_2xxx/COISS_2098/data/1820357277_1820408543/W1820362472_1_full.png,3fb955815441718c5400b15c26794e44dbb4159bbf062e08fed1f1143cfefa85,/Users/upadhyay/dev/ICES/object_detection_opencv_cpp/data/cassini/issna/saturn/images/co-iss-w1820362472.png,true,position_only
co-iss-w1820363155,cassini,issna,saturn,BL1,0.015,2015-09-07T23:22:57.320,Saturn,https://opus.pds-rings.seti.org/holdings/previews/COISS_2xxx/COISS_2098/data/1820357277_1820408543/W1820363155_1_full.png,f715f5ea640c3c6d2a473eb1b4475c31012750413054d6320a289cb49144780d,/Users/upadhyay/dev/ICES/object_detection_opencv_cpp/data/cassini/issna/saturn/images/co-iss-w1820363155.png,true,position_only
co-iss-w1820363226,cassini,issna,saturn,GRN,0.005,2015-09-07T23:24:08.345,Saturn,https://opus.pds-rings.seti.org/holdings/previews/COISS_2xxx/COISS_2098/data/1820357277_1820408543/W1820363226_1_full.png,a75e40ea91d4053aebbbe42e8322b9c67b124e4fadcb3b493d87e6ab15f8dc0d,/Users/upadhyay/dev/ICES/object_detection_opencv_cpp/data/cassini/issna/saturn/images/co-iss-w1820363226.png,true,position_only
co-iss-w1820363684,cassini,issna,saturn,MT2,0.12,2015-09-07T23:31:46.192,Saturn,https://opus.pds-rings.seti.org/holdings/previews/COISS_2xxx/COISS_2098/data/1820357277_1820408543/W1820363684_1_full.png,27f6649593ca2f25795350c2e6e4c85ec8801da1d28f83cd041003f5b71a33e1,/Users/upadhyay/dev/ICES/object_detection_opencv_cpp/data/cassini/issna/saturn/images/co-iss-w1820363684.png,true,position_only
co-iss-w1820364224,cassini,issna,saturn,MT2,0.15,2015-09-07T23:40:46.159,Saturn,https://opus.pds-rings.seti.org/holdings/previews/COISS_2xxx/COISS_2098/data/1820357277_1820408543/W1820364224_1_full.png,04891e1882f9e92cca7f2f1cde366e22c933a5c246f9748da6d9bcd18bc4244e,/Users/upadhyay/dev/ICES/object_detection_opencv_cpp/data/cassini/issna/saturn/images/co-iss-w1820364224.png,true,position_only
co-iss-n1413902229,cassini,issna,saturn,MT3,3.8,2002-10-21T14:18:46.798,Saturn,https://opus.pds-rings.seti.org/holdings/previews/COISS_1xxx/COISS_1008/data/1413823163_1413923799/N1413902229_1_full.png,e5ca2ee8e3c55b3916e9cc3122e0a6266458cce57e16151db9ac7c93ff77db0a,/Users/upadhyay/dev/ICES/object_detection_opencv_cpp/data/cassini/issna/saturn/images/co-iss-n1413902229.png,true,true
co-iss-n1413902299,cassini,issna,saturn,MT3,8.2,2002-10-21T14:19:52.405,Saturn,https://opus.pds-rings.seti.org/holdings/previews/COISS_1xxx/COISS_1008/data/1413823163_1413923799/N1413902299_1_full.png,70637210a95a4fe013f3c451e9bf78ef98f86267a834e576b4c58a5f9c6fe027,/Users/upadhyay/dev/ICES/object_detection_opencv_cpp/data/cassini/issna/saturn/images/co-iss-n1413902299.png,true,true
co-iss-n1413902471,cassini,issna,saturn,MT3,32,2002-10-21T14:22:20.612,Saturn,https://opus.pds-rings.seti.org/holdings/previews/COISS_1xxx/COISS_1008/data/1413823163_1413923799/N1413902471_1_full.png,51bf691574750bfc08f92317c031f4b126b6ccff7c7437ccbed324ef5057f31e,/Users/upadhyay/dev/ICES/object_detection_opencv_cpp/data/cassini/issna/saturn/images/co-iss-n1413902471.png,true,true
co-iss-n1413902620,cassini,issna,saturn,IR1,0.26,2002-10-21T14:25:21.355,Saturn,https://opus.pds-rings.seti.org/holdings/previews/COISS_1xxx/COISS_1008/data/1413823163_1413923799/N1413902620_1_full.png,f3ead50a74cba66ada3731c0deea65dbe7b5f9b3b6c36dde0816ddbc886f95ec,/Users/upadhyay/dev/ICES/object_detection_opencv_cpp/data/cassini/issna/saturn/images/co-iss-n1413902620.png,true,true
co-iss-n1413902731,cassini,issna,saturn,IR2,1.2,2002-10-21T14:27:11.355,Saturn,https://opus.pds-rings.seti.org/holdings/previews/COISS_1xxx/COISS_1008/data/1413823163_1413923799/N1413902731_1_full.png,d123522482dd0dd6f51e8871d4b097483ac75e9539103f9c8c0851711a24ff88,/Users/upadhyay/dev/ICES/object_detection_opencv_cpp/data/cassini/issna/saturn/images/co-iss-n1413902731.png,true,true
co-iss-n1413902801,cassini,issna,saturn,IR2+IR3,5.6,2002-10-21T14:28:16.963,Saturn,https://opus.pds-rings.seti.org/holdings/previews/COISS_1xxx/COISS_1008/data/1413823163_1413923799/N1413902801_1_full.png,fffa1a4e1ad8a967895235eb99bea1d06afd1427ec8a7524a695d43dd10055ae,/Users/upadhyay/dev/ICES/object_detection_opencv_cpp/data/cassini/issna/saturn/images/co-iss-n1413902801.png,true,true
co-iss-n1413903051,cassini,issna,saturn,IR4,26,2002-10-21T14:32:06.569,Saturn,https://opus.pds-rings.seti.org/holdings/previews/COISS_1xxx/COISS_1008/data/1413823163_1413923799/N1413903051_1_full.png,2bf8297e0cd5c33e1b8c54cfbf5a88396311188aacab238519959d8c3c5d7108,/Users/upadhyay/dev/ICES/object_detection_opencv_cpp/data/cassini/issna/saturn/images/co-iss-n1413903051.png,true,true
co-iss-n1413903145,cassini,issna,saturn,UV1,32,2002-10-21T14:33:34.568,Saturn,https://opus.pds-rings.seti.org/holdings/previews/COISS_1xxx/COISS_1008/data/1413823163_1413923799/N1413903145_1_full.png,569f90d42a826a4d356f47e424132e0b1022aaf955e6c83cdf7e793f3f157982,/Users/upadhyay/dev/ICES/object_detection_opencv_cpp/data/cassini/issna/saturn/images/co-iss-n1413903145.png,true,true
co-iss-n1413903309,cassini,issna,saturn,UV2,10,2002-10-21T14:36:40.571,Saturn,https://opus.pds-rings.seti.org/holdings/previews/COISS_1xxx/COISS_1008/data/1413823163_1413923799/N1413903309_1_full.png,d7af394b1857161d5ea17ea34920697ee4b5c7a53c55f999cf28c9c655e9999a,/Users/upadhyay/dev/ICES/object_detection_opencv_cpp/data/cassini/issna/saturn/images/co-iss-n1413903309.png,true,true
co-iss-n1413903403,cassini,issna,saturn,UV2,22,2002-10-21T14:38:02.578,Saturn,https://opus.pds-rings.seti.org/holdings/previews/COISS_1xxx/COISS_1008/data/1413823163_1413923799/N1413903403_1_full.png,7cd37d4d19ab4a76ff2ff7ec7b44d9d2e8171fa7150b895cd50450b9b9fcdcdf,/Users/upadhyay/dev/ICES/object_detection_opencv_cpp/data/cassini/issna/saturn/images/co-iss-n1413903403.png,true,true
co-iss-n1413903622,cassini,issna,saturn,BL1,1.5,2002-10-21T14:42:02.084,Saturn,https://opus.pds-rings.seti.org/holdings/previews/COISS_1xxx/COISS_1008/data/1413823163_1413923799/N1413903622_1_full.png,c184eeccec4eb22ae25aa16ba2de88a8b8b79e7ccc6d747d6343d3f0f3bfb620,/Users/upadhyay/dev/ICES/object_detection_opencv_cpp/data/cassini/issna/saturn/images/co-iss-n1413903622.png,true,true
co-iss-n1413903678,cassini,issna,saturn,GRN,0.26,2002-10-21T14:42:59.289,Saturn,https://opus.pds-rings.seti.org/holdings/previews/COISS_1xxx/COISS_1008/data/1413823163_1413923799/N1413903678_1_full.png,37caae40c3ee930ecaf8203b3ef7906cb40edce59f40a5eb35c63753abae0fe2,/Users/upadhyay/dev/ICES/object_detection_opencv_cpp/data/cassini/issna/saturn/images/co-iss-n1413903678.png,true,true
co-iss-n1413903866,cassini,issna,saturn,UV3+P60,22,2002-10-21T14:45:45.555,Saturn,https://opus.pds-rings.seti.org/holdings/previews/COISS_1xxx/COISS_1008/data/1413823163_1413923799/N1413903866_1_full.png,c7401c4b840f200f866726e43d9da5e4286a85e3796fd45ed98d1a6013ab5175,/Users/upadhyay/dev/ICES/object_detection_opencv_cpp/data/cassini/issna/saturn/images/co-iss-n1413903866.png,true,true
co-iss-n1413904030,cassini,issna,saturn,BL2+P0,12,2002-10-21T14:48:39.558,Saturn,https://opus.pds-rings.seti.org/holdings/previews/COISS_1xxx/COISS_1008/data/1413823163_1413923799/N1413904030_1_full.png,f8e67100b867cc976a5c3c7bf544aad1c158b1fe2644eee679bc7105dd07a65a,/Users/upadhyay/dev/ICES/object_detection_opencv_cpp/data/cassini/issna/saturn/images/co-iss-n1413904030.png,true,true
co-iss-n1413904170,cassini,issna,saturn,BL2+P120,12,2002-10-21T14:50:59.557,Saturn,https://opus.pds-rings.seti.org/holdings/previews/COISS_1xxx/COISS_1008/data/1413823163_1413923799/N1413904170_1_full.png,3b5a84344e3ba29e6f0c240cc71fd56cb221217a8923ac6ec07c7affc04c3a33,/Users/upadhyay/dev/ICES/object_detection_opencv_cpp/data/cassini/issna/saturn/images/co-iss-n1413904170.png,true,true
co-iss-n1413904225,cassini,issna,saturn,GRN+P0,0.56,2002-10-21T14:52:06.000,Saturn,https://opus.pds-rings.seti.org/holdings/previews/COISS_1xxx/COISS_1008/data/1413823163_1413923799/N1413904225_1_full.png,eaf5c6883b82b56fb0fa26729f406e08ba51717432584eb925b625549abab1f1,/Users/upadhyay/dev/ICES/object_detection_opencv_cpp/data/cassini/issna/saturn/images/co-iss-n1413904225.png,true,true
co-iss-n1413904336,cassini,issna,saturn,GRN+P120,0.56,2002-10-21T14:53:56.984,Saturn,https://opus.pds-rings.seti.org/holdings/previews/COISS_1xxx/COISS_1008/data/1413823163_1413923799/N1413904336_1_full.png,90462f207cea68aa9080e1ec1d4e10f6785975d14d34930d92984dbc1755caba,/Users/upadhyay/dev/ICES/object_detection_opencv_cpp/data/cassini/issna/saturn/images/co-iss-n1413904336.png,true,true
co-iss-n1413904460,cassini,issna,saturn,CB1+P60,2.6,2002-10-21T14:55:58.951,Saturn,https://opus.pds-rings.seti.org/holdings/previews/COISS_1xxx/COISS_1008/data/1413823163_1413923799/N1413904460_1_full.png,b9c15e310fe0f4b85dfcc88ce3b3ced070d4be74f0dc2a197c6a67e9407dc91a,/Users/upadhyay/dev/ICES/object_detection_opencv_cpp/data/cassini/issna/saturn/images/co-iss-n1413904460.png,true,true
co-iss-n1413904600,cassini,issna,saturn,MT1+P0,18,2002-10-21T14:58:03.554,Saturn,https://opus.pds-rings.seti.org/holdings/previews/COISS_1xxx/COISS_1008/data/1413823163_1413923799/N1413904600_1_full.png,383edc5c173201048545a8d68d179ecb73da24be5b2e049aacf1a4e2265522e1,/Users/upadhyay/dev/ICES/object_detection_opencv_cpp/data/cassini/issna/saturn/images/co-iss-n1413904600.png,true,true
co-iss-n1413904678,cassini,issna,saturn,MT1+P60,18,2002-10-21T14:59:21.553,Saturn,https://opus.pds-rings.seti.org/holdings/previews/COISS_1xxx/COISS_1008/data/1413823163_1413923799/N1413904678_1_full.png,c68fec967279c5cf71de69d6f3990ec3b3eca7c0d3ee645061ba2eafc37232db,/Users/upadhyay/dev/ICES/object_detection_opencv_cpp/data/cassini/issna/saturn/images/co-iss-n1413904678.png,true,true
co-iss-n1413904944,cassini,issna,saturn,CB3+IRP0,22,2002-10-21T15:03:43.555,Saturn,https://opus.pds-rings.seti.org/holdings/previews/COISS_1xxx/COISS_1008/data/1413823163_1413923799/N1413904944_1_full.png,b3503dad64f66b61889dbc1d43424b00e729c1038bf655aba23d5415af93439f,/Users/upadhyay/dev/ICES/object_detection_opencv_cpp/data/cassini/issna/saturn/images/co-iss-n1413904944.png,true,true
co-iss-n1459576324,cassini,issna,saturn_rings,CLEAR,0.26,2004-04-02T05:28:39.625,Saturn Rings,https://opus.pds-rings.seti.org/holdings/previews/COISS_2xxx/COISS_2001/data/1459568642_1459652144/N1459576324_1_full.png,1c1bb08b14446b04b9c9b280abe08807d47b00f7b4f65bf1df19a9af80b4a085,/Users/upadhyay/dev/ICES/object_detection_opencv_cpp/data/cassini/issna/saturn_rings/images/co-iss-n1459576324.png,true,position_only
co-iss-n1459594684,cassini,issna,saturn_rings,CLEAR,0.26,2004-04-02T10:34:39.521,Saturn Rings,https://opus.pds-rings.seti.org/holdings/previews/COISS_2xxx/COISS_2001/data/1459568642_1459652144/N1459594684_1_full.png,7e5edcfb4a5fa2e36e1f10709b786bace686d04629b01e3b22e972891260be8a,/Users/upadhyay/dev/ICES/object_detection_opencv_cpp/data/cassini/issna/saturn_rings/images/co-iss-n1459594684.png,true,position_only
co-iss-n1459664435,cassini,issna,saturn_rings,CLEAR,0.26,2004-04-03T05:57:10.051,Saturn Rings,https://opus.pds-rings.seti.org/holdings/previews/COISS_2xxx/COISS_2001/data/1459652177_1459758938/N1459664435_1_full.png,3cad814105c19d34663b490b1d4199e14b23191474e2483a3681c7c46551c17b,/Users/upadhyay/dev/ICES/object_detection_opencv_cpp/data/cassini/issna/saturn_rings/images/co-iss-n1459664435.png,true,position_only
co-iss-n1459683155,cassini,issna,saturn_rings,CLEAR,0.26,2004-04-03T11:09:09.929,Saturn Rings,https://opus.pds-rings.seti.org/holdings/previews/COISS_2xxx/COISS_2001/data/1459652177_1459758938/N1459683155_1_full.png,e6bd5de665cff0e49c1d5a98854c70f7447a678daa422c3c6aab9567d06a490c,/Users/upadhyay/dev/ICES/object_detection_opencv_cpp/data/cassini/issna/saturn_rings/images/co-iss-n1459683155.png,true,position_only
co-iss-n1459746483,cassini,issna,saturn_rings,CLEAR,0.26,2004-04-04T04:44:37.517,Saturn Rings,https://opus.pds-rings.seti.org/holdings/previews/COISS_2xxx/COISS_2001/data/1459652177_1459758938/N1459746483_1_full.png,5a6ad5187436f3d880f249db5f5c61d09e3e223c33a70a65061d0b1cf6b251b8,/Users/upadhyay/dev/ICES/object_detection_opencv_cpp/data/cassini/issna/saturn_rings/images/co-iss-n1459746483.png,true,position_only
co-iss-n1459806240,cassini,issna,saturn_rings,CLEAR,180,2004-04-04T21:17:34.388,Saturn Rings,https://opus.pds-rings.seti.org/holdings/previews/COISS_2xxx/COISS_2001/data/1459759083_1459921527/N1459806240_1_full.png,95d4c46d7321039d9d9f1e32cd473aafcbc092161e6c59141417c0af8d597a63,/Users/upadhyay/dev/ICES/object_detection_opencv_cpp/data/cassini/issna/saturn_rings/images/co-iss-n1459806240.png,true,position_only
co-iss-n1459807930,cassini,issna,saturn_rings,CLEAR,100,2004-04-04T21:47:04.377,Saturn Rings,https://opus.pds-rings.seti.org/holdings/previews/COISS_2xxx/COISS_2001/data/1459759083_1459921527/N1459807930_1_full.png,26de2f9619af8f33c4282e35aacdbefa9d2301be8587463d119646da148177b2,/Users/upadhyay/dev/ICES/object_detection_opencv_cpp/data/cassini/issna/saturn_rings/images/co-iss-n1459807930.png,true,position_only
co-iss-n1459821486,cassini,issna,saturn_rings,CLEAR,0.26,2004-04-05T01:34:40.044,Saturn Rings,https://opus.pds-rings.seti.org/holdings/previews/COISS_2xxx/COISS_2001/data/1459759083_1459921527/N1459821486_1_full.png,49adb67ab56737fcf941e8cd64db5af7e1dda9b0a368c8d1b30e5178545fd72c,/Users/upadhyay/dev/ICES/object_detection_opencv_cpp/data/cassini/issna/saturn_rings/images/co-iss-n1459821486.png,true,position_only
co-iss-n1459834626,cassini,issna,saturn_rings,CLEAR,0.26,2004-04-05T05:13:39.943,Saturn Rings,https://opus.pds-rings.seti.org/holdings/previews/COISS_2xxx/COISS_2001/data/1459759083_1459921527/N1459834626_1_full.png,995ae2a752662c53c8dd00bfe9d8473c249d695db1082dfbbcf931b499c3f117,/Users/upadhyay/dev/ICES/object_detection_opencv_cpp/data/cassini/issna/saturn_rings/images/co-iss-n1459834626.png,true,position_only
co-iss-n1459920966,cassini,issna,saturn_rings,CLEAR,0.26,2004-04-06T05:12:39.381,Saturn Rings,https://opus.pds-rings.seti.org/holdings/previews/COISS_2xxx/COISS_2001/data/1459759083_1459921527/N1459920966_1_full.png,e43c836670050ca2f594832be6786525e881064a67c814a30633573c3c9ebea1,/Users/upadhyay/dev/ICES/object_detection_opencv_cpp/data/cassini/issna/saturn_rings/images/co-iss-n1459920966.png,true,position_only
co-iss-n1549036280,cassini,issna,saturn_rings,CLEAR,0.22,2007-02-01T15:18:20.108,Saturn Rings,https://opus.pds-rings.seti.org/holdings/previews/COISS_2xxx/COISS_2029/data/1549035576_1549036973/N1549036280_1_full.png,03cedb4732fdb4aa167708a6cf37b8e253ba251b0458745c5eb2ce40702455af,/Users/upadhyay/dev/ICES/object_detection_opencv_cpp/data/cassini/issna/saturn_rings/images/co-iss-n1549036280.png,true,position_only
co-iss-n1549036324,cassini,issna,saturn_rings,CLEAR,0.22,2007-02-01T15:19:04.108,Saturn Rings,https://opus.pds-rings.seti.org/holdings/previews/COISS_2xxx/COISS_2029/data/1549035576_1549036973/N1549036324_1_full.png,4c77f5fa65c3f78e595721e077106b86ff3dbaef76e714d1c8b382e61b174d95,/Users/upadhyay/dev/ICES/object_detection_opencv_cpp/data/cassini/issna/saturn_rings/images/co-iss-n1549036324.png,true,position_only
co-iss-n1549036368,cassini,issna,saturn_rings,CLEAR,0.22,2007-02-01T15:19:48.107,Saturn Rings,https://opus.pds-rings.seti.org/holdings/previews/COISS_2xxx/COISS_2029/data/1549035576_1549036973/N1549036368_1_full.png,44d01895bdd52190d03a53a0e3bc75ddeaa2dec481f418c83a0321c1e5e1cfab,/Users/upadhyay/dev/ICES/object_detection_opencv_cpp/data/cassini/issna/saturn_rings/images/co-iss-n1549036368.png,true,position_only
co-iss-n1549036412,cassini,issna,saturn_rings,CLEAR,0.22,2007-02-01T15:20:32.107,Saturn Rings,https://opus.pds-rings.seti.org/holdings/previews/COISS_2xxx/COISS_2029/data/1549035576_1549036973/N1549036412_1_full.png,a8c43660fbcba15c0257b65aaa1b3d82de6b364ec3aa330a945219ab81b3914d,/Users/upadhyay/dev/ICES/object_detection_opencv_cpp/data/cassini/issna/saturn_rings/images/co-iss-n1549036412.png,true,position_only
co-iss-n1549036456,cassini,issna,saturn_rings,CLEAR,0.22,2007-02-01T15:21:16.107,Saturn Rings,https://opus.pds-rings.seti.org/holdings/previews/COISS_2xxx/COISS_2029/data/1549035576_1549036973/N1549036456_1_full.png,cb65b6f9c06e6d573fb48704b36104bdce53a4f26751a0dd2afeaa30ee80d653,/Users/upadhyay/dev/ICES/object_detection_opencv_cpp/data/cassini/issna/saturn_rings/images/co-iss-n1549036456.png,true,position_only
co-iss-n1549036511,cassini,issna,saturn_rings,CLEAR,0.22,2007-02-01T15:22:11.107,Saturn Rings,https://opus.pds-rings.seti.org/holdings/previews/COISS_2xxx/COISS_2029/data/1549035576_1549036973/N1549036511_1_full.png,741eab981b10f41033111a8bc509b0c66a44dc9f302b6f49eb63e5b1f5a91005,/Users/upadhyay/dev/ICES/object_detection_opencv_cpp/data/cassini/issna/saturn_rings/images/co-iss-n1549036511.png,true,position_only
co-iss-n1549036555,cassini,issna,saturn_rings,CLEAR,0.22,2007-02-01T15:22:55.106,Saturn Rings,https://opus.pds-rings.seti.org/holdings/previews/COISS_2xxx/COISS_2029/data/1549035576_1549036973/N1549036555_1_full.png,c4d263fa313b35519652da86bf18b87a1651718705813c852bcea7bf86dca9a8,/Users/upadhyay/dev/ICES/object_detection_opencv_cpp/data/cassini/issna/saturn_rings/images/co-iss-n1549036555.png,true,position_only
co-iss-n1549036599,cassini,issna,saturn_rings,CLEAR,0.22,2007-02-01T15:23:39.106,Saturn Rings,https://opus.pds-rings.seti.org/holdings/previews/COISS_2xxx/COISS_2029/data/1549035576_1549036973/N1549036599_1_full.png,b2c49f32d7f18e3bd4ae2b5cb1ce0a89dfcf2fb03cc6aaf4ad06d8db96836985,/Users/upadhyay/dev/ICES/object_detection_opencv_cpp/data/cassini/issna/saturn_rings/images/co-iss-n1549036599.png,true,position_only
co-iss-n1549036643,cassini,issna,saturn_rings,CLEAR,0.22,2007-02-01T15:24:23.106,Saturn Rings,https://opus.pds-rings.seti.org/holdings/previews/COISS_2xxx/COISS_2029/data/1549035576_1549036973/N1549036643_1_full.png,3cb7cd617f820dcc472449fbcd63130b3661106f69fd375c20ab59f38e516184,/Users/upadhyay/dev/ICES/object_detection_opencv_cpp/data/cassini/issna/saturn_rings/images/co-iss-n1549036643.png,true,position_only
co-iss-n1549036698,cassini,issna,saturn_rings,CLEAR,0.22,2007-02-01T15:25:18.105,Saturn Rings,https://opus.pds-rings.seti.org/holdings/previews/COISS_2xxx/COISS_2029/data/1549035576_1549036973/N1549036698_1_full.png,3be117516c6c9a0caf5554d65cf5f4afb3788bc548b05b57e073c6b9952706f9,/Users/upadhyay/dev/ICES/object_detection_opencv_cpp/data/cassini/issna/saturn_rings/images/co-iss-n1549036698.png,true,position_only
co-iss-n1549036742,cassini,issna,saturn_rings,CLEAR,0.22,2007-02-01T15:26:02.105,Saturn Rings,https://opus.pds-rings.seti.org/holdings/previews/COISS_2xxx/COISS_2029/data/1549035576_1549036973/N1549036742_1_full.png,f1ec3c23e6d26921e33798c979efddf02816d1188a9f703b4105d3fd5da3bdbd,/Users/upadhyay/dev/ICES/object_detection_opencv_cpp/data/cassini/issna/saturn_rings/images/co-iss-n1549036742.png,true,position_only
co-iss-n1549036786,cassini,issna,saturn_rings,CLEAR,0.22,2007-02-01T15:26:46.105,Saturn Rings,https://opus.pds-rings.seti.org/holdings/previews/COISS_2xxx/COISS_2029/data/1549035576_1549036973/N1549036786_1_full.png,b536af8e1c522aeff677b9c85728f844ba1f2373e3351ee9d32a69d7a098b977,/Users/upadhyay/dev/ICES/object_detection_opencv_cpp/data/cassini/issna/saturn_rings/images/co-iss-n1549036786.png,true,position_only
co-iss-n1549036830,cassini,issna,saturn_rings,CLEAR,0.22,2007-02-01T15:27:30.104,Saturn Rings,https://opus.pds-rings.seti.org/holdings/previews/COISS_2xxx/COISS_2029/data/1549035576_1549036973/N1549036830_1_full.png,2da72d9633a5e7205d1639dc8044225a4a531f446adbb95b5ecd195aeeb1c274,/Users/upadhyay/dev/ICES/object_detection_opencv_cpp/data/cassini/issna/saturn_rings/images/co-iss-n1549036830.png,true,position_only
co-iss-n1549036874,cassini,issna,saturn_rings,CLEAR,0.22,2007-02-01T15:28:14.104,Saturn Rings,https://opus.pds-rings.seti.org/holdings/previews/COISS_2xxx/COISS_2029/data/1549035576_1549036973/N1549036874_1_full.png,5298006d651ffa3a3a1a2c3e41c6af4e65ed2cb78599f14c194560c98f50822a,/Users/upadhyay/dev/ICES/object_detection_opencv_cpp/data/cassini/issna/saturn_rings/images/co-iss-n1549036874.png,true,position_only
co-iss-n1549036929,cassini,issna,saturn_rings,CLEAR,0.22,2007-02-01T15:29:09.104,Saturn Rings,https://opus.pds-rings.seti.org/holdings/previews/COISS_2xxx/COISS_2029/data/1549035576_1549036973/N1549036929_1_full.png,34ce69969384c16f200d38274bd6b9eb5ebbca4a4ab9d46bfe47f4e5b452c434,/Users/upadhyay/dev/ICES/object_detection_opencv_cpp/data/cassini/issna/saturn_rings/images/co-iss-n1549036929.png,true,position_only
co-iss-n1549036973,cassini,issna,saturn_rings,CLEAR,0.22,2007-02-01T15:29:53.104,Saturn Rings,https://opus.pds-rings.seti.org/holdings/previews/COISS_2xxx/COISS_2029/data/1549035576_1549036973/N1549036973_1_full.png,6363b5730fa659652cfb429e48f606fbc415582dd5b30607afc1383cbf4dea58,/Users/upadhyay/dev/ICES/object_detection_opencv_cpp/data/cassini/issna/saturn_rings/images/co-iss-n1549036973.png,true,position_only
co-iss-n1549037017,cassini,issna,saturn_rings,CLEAR,0.22,2007-02-01T15:30:37.103,Saturn Rings,https://opus.pds-rings.seti.org/holdings/previews/COISS_2xxx/COISS_2029/data/1549036984_1549038381/N1549037017_1_full.png,237cef4322e41e6a0ad3d10b0216759a52d0d5bf19b547f95f6225ce2acd0e49,/Users/upadhyay/dev/ICES/object_detection_opencv_cpp/data/cassini/issna/saturn_rings/images/co-iss-n1549037017.png,true,position_only
co-iss-n1549037061,cassini,issna,saturn_rings,CLEAR,0.22,2007-02-01T15:31:21.103,Saturn Rings,https://opus.pds-rings.seti.org/holdings/previews/COISS_2xxx/COISS_2029/data/1549036984_1549038381/N1549037061_1_full.png,985d531749707c9fe38e95a1f1dab47794b4a4cd13916d265c9ba8613c522da5,/Users/upadhyay/dev/ICES/object_detection_opencv_cpp/data/cassini/issna/saturn_rings/images/co-iss-n1549037061.png,true,position_only
co-iss-n1549037105,cassini,issna,saturn_rings,CLEAR,0.22,2007-02-01T15:32:05.103,Saturn Rings,https://opus.pds-rings.seti.org/holdings/previews/COISS_2xxx/COISS_2029/data/1549036984_1549038381/N1549037105_1_full.png,3a50737a1329e31e93672600e3ae864ea09de1ae7c7a5b4c5c6cd5e4e54cfd88,/Users/upadhyay/dev/ICES/object_detection_opencv_cpp/data/cassini/issna/saturn_rings/images/co-iss-n1549037105.png,true,position_only
co-iss-n1549037160,cassini,issna,saturn_rings,CLEAR,0.22,2007-02-01T15:33:00.102,Saturn Rings,https://opus.pds-rings.seti.org/holdings/previews/COISS_2xxx/COISS_2029/data/1549036984_1549038381/N1549037160_1_full.png,93219bfc0a23b7799f92d1a76317ca69d4687aea560c58bf66921ee5bef536f3,/Users/upadhyay/dev/ICES/object_detection_opencv_cpp/data/cassini/issna/saturn_rings/images/co-iss-n1549037160.png,true,position_only
co-iss-n1549037204,cassini,issna,saturn_rings,CLEAR,0.22,2007-02-01T15:33:44.102,Saturn Rings,https://opus.pds-rings.seti.org/holdings/previews/COISS_2xxx/COISS_2029/data/1549036984_1549038381/N1549037204_1_full.png,2f23ae1febda91f14e903175d003439842c08014da19410c26408bf98bcd65b4,/Users/upadhyay/dev/ICES/object_detection_opencv_cpp/data/cassini/issna/saturn_rings/images/co-iss-n1549037204.png,true,position_only
co-iss-n1549037248,cassini,issna,saturn_rings,CLEAR,0.22,2007-02-01T15:34:28.102,Saturn Rings,https://opus.pds-rings.seti.org/holdings/previews/COISS_2xxx/COISS_2029/data/1549036984_1549038381/N1549037248_1_full.png,3d8dabceb17c7e7441ae445ed8a91737c0b8803c9418514778a9fb7db6bac188,/Users/upadhyay/dev/ICES/object_detection_opencv_cpp/data/cassini/issna/saturn_rings/images/co-iss-n1549037248.png,true,position_only
co-iss-n1549037292,cassini,issna,saturn_rings,CLEAR,0.22,2007-02-01T15:35:12.102,Saturn Rings,https://opus.pds-rings.seti.org/holdings/previews/COISS_2xxx/COISS_2029/data/1549036984_1549038381/N1549037292_1_full.png,741f1c293562e1ab7de8cdd842cab4da3330d43e80effc3396f6c774cdc3632d,/Users/upadhyay/dev/ICES/object_detection_opencv_cpp/data/cassini/issna/saturn_rings/images/co-iss-n1549037292.png,true,position_only
co-iss-n1592140349,cassini,issna,saturn_rings,CLEAR,0.04,2008-06-14T12:34:40.558,Saturn Rings,https://opus.pds-rings.seti.org/holdings/previews/COISS_2xxx/COISS_2045/data/1592139097_1592141546/N1592140349_1_full.png,3069cd53272ecad8d975f47df035923f6aeb64966bc061a282337bf5a79e677f,/Users/upadhyay/dev/ICES/object_detection_opencv_cpp/data/cassini/issna/saturn_rings/images/co-iss-n1592140349.png,true,position_only
co-iss-n1592140667,cassini,issna,saturn_rings,CLEAR,0.04,2008-06-14T12:39:58.556,Saturn Rings,https://opus.pds-rings.seti.org/holdings/previews/COISS_2xxx/COISS_2045/data/1592139097_1592141546/N1592140667_1_full.png,996ab3c3165c28e71648ee53e0d6b77db6b6bc490803d6ca48f99fcd488f7c09,/Users/upadhyay/dev/ICES/object_detection_opencv_cpp/data/cassini/issna/saturn_rings/images/co-iss-n1592140667.png,true,position_only
co-iss-n1592140711,cassini,issna,saturn_rings,CLEAR,0.04,2008-06-14T12:40:42.555,Saturn Rings,https://opus.pds-rings.seti.org/holdings/previews/COISS_2xxx/COISS_2045/data/1592139097_1592141546/N1592140711_1_full.png,1328c99182de71b5d27cafe593bc479e48aa3c0fe92810341a0829511da00121,/Users/upadhyay/dev/ICES/object_detection_opencv_cpp/data/cassini/issna/saturn_rings/images/co-iss-n1592140711.png,true,position_only
co-iss-n1592140755,cassini,issna,saturn_rings,CLEAR,0.04,2008-06-14T12:41:26.555,Saturn Rings,https://opus.pds-rings.seti.org/holdings/previews/COISS_2xxx/COISS_2045/data/1592139097_1592141546/N1592140755_1_full.png,74049bde3fedee85b93ca144bdd3af70957bdc82a9554e12ffb3dbae59213dfe,/Users/upadhyay/dev/ICES/object_detection_opencv_cpp/data/cassini/issna/saturn_rings/images/co-iss-n1592140755.png,true,position_only
co-iss-n1592140799,cassini,issna,saturn_rings,CLEAR,0.04,2008-06-14T12:42:10.555,Saturn Rings,https://opus.pds-rings.seti.org/holdings/previews/COISS_2xxx/COISS_2045/data/1592139097_1592141546/N1592140799_1_full.png,9df2856627ab9f6b0b9deb7cb4d4dc459076b69435133185e9cf40b089da1bbb,/Users/upadhyay/dev/ICES/object_detection_opencv_cpp/data/cassini/issna/saturn_rings/images/co-iss-n1592140799.png,true,position_only
co-iss-n1592140854,cassini,issna,saturn_rings,CLEAR,0.04,2008-06-14T12:43:05.554,Saturn Rings,https://opus.pds-rings.seti.org/holdings/previews/COISS_2xxx/COISS_2045/data/1592139097_1592141546/N1592140854_1_full.png,d2fdd2c3434aacef3bcef72f5e8542c96d0f3a98fbf8e206ca3be78f5c18e43d,/Users/upadhyay/dev/ICES/object_detection_opencv_cpp/data/cassini/issna/saturn_rings/images/co-iss-n1592140854.png,true,position_only
co-iss-n1592140898,cassini,issna,saturn_rings,CLEAR,0.04,2008-06-14T12:43:49.554,Saturn Rings,https://opus.pds-rings.seti.org/holdings/previews/COISS_2xxx/COISS_2045/data/1592139097_1592141546/N1592140898_1_full.png,6cf7df989b7ee7806da95dcefe30dd893bf97ddfeb079a129881afc3bc522408,/Users/upadhyay/dev/ICES/object_detection_opencv_cpp/data/cassini/issna/saturn_rings/images/co-iss-n1592140898.png,true,position_only
co-iss-n1592140942,cassini,issna,saturn_rings,CLEAR,0.04,2008-06-14T12:44:33.554,Saturn Rings,https://opus.pds-rings.seti.org/holdings/previews/COISS_2xxx/COISS_2045/data/1592139097_1592141546/N1592140942_1_full.png,3dd11294916debe9f9e22e9dbf6ed865dd7470537b1ad6764795907b042c66ac,/Users/upadhyay/dev/ICES/object_detection_opencv_cpp/data/cassini/issna/saturn_rings/images/co-iss-n1592140942.png,true,position_only
co-iss-w1592141230,cassini,issna,saturn_rings,CLEAR,0.06,2008-06-14T12:49:21.532,Saturn Rings,https://opus.pds-rings.seti.org/holdings/previews/COISS_2xxx/COISS_2045/data/1592139097_1592141546/W1592141230_1_full.png,3e3393a6ccc89374833b8460cee86e51a526c8d60a98fa3e3f29169b813a8e5f,/Users/upadhyay/dev/ICES/object_detection_opencv_cpp/data/cassini/issna/saturn_rings/images/co-iss-w1592141230.png,true,position_only
co-iss-n1592141293,cassini,issna,saturn_rings,CLEAR,0.04,2008-06-14T12:50:24.551,Saturn Rings,https://opus.pds-rings.seti.org/holdings/previews/COISS_2xxx/COISS_2045/data/1592139097_1592141546/N1592141293_1_full.png,56adbd7d01d1584d4b28b440777534a5f99ea1a8ef99ad07ec838ba0b09def7b,/Users/upadhyay/dev/ICES/object_detection_opencv_cpp/data/cassini/issna/saturn_rings/images/co-iss-n1592141293.png,true,position_only
co-iss-n1592141348,cassini,issna,saturn_rings,CLEAR,0.04,2008-06-14T12:51:19.551,Saturn Rings,https://opus.pds-rings.seti.org/holdings/previews/COISS_2xxx/COISS_2045/data/1592139097_1592141546/N1592141348_1_full.png,4df4d92e526c0a2d3ff116c871501fc119e1e9bdb8a74ab0ddac06d33c22b2ca,/Users/upadhyay/dev/ICES/object_detection_opencv_cpp/data/cassini/issna/saturn_rings/images/co-iss-n1592141348.png,true,position_only
co-iss-n1592141392,cassini,issna,saturn_rings,CLEAR,0.04,2008-06-14T12:52:03.550,Saturn Rings,https://opus.pds-rings.seti.org/holdings/previews/COISS_2xxx/COISS_2045/data/1592139097_1592141546/N1592141392_1_full.png,1f3e4048a041fbde0e298ecbaa1f28d8db447f30a7f8aa1b33db63ceded41e62,/Users/upadhyay/dev/ICES/object_detection_opencv_cpp/data/cassini/issna/saturn_rings/images/co-iss-n1592141392.png,true,position_only
co-iss-n1592141436,cassini,issna,saturn_rings,CLEAR,0.04,2008-06-14T12:52:47.550,Saturn Rings,https://opus.pds-rings.seti.org/holdings/previews/COISS_2xxx/COISS_2045/data/1592139097_1592141546/N1592141436_1_full.png,b9b25ee9c6d11a1d0b8c983e7e20bd38e546a9446178913b4b682a5a54a8ddea,/Users/upadhyay/dev/ICES/object_detection_opencv_cpp/data/cassini/issna/saturn_rings/images/co-iss-n1592141436.png,true,position_only
co-iss-n1592141480,cassini,issna,saturn_rings,CLEAR,0.04,2008-06-14T12:53:31.550,Saturn Rings,https://opus.pds-rings.seti.org/holdings/previews/COISS_2xxx/COISS_2045/data/1592139097_1592141546/N1592141480_1_full.png,139d9a65fa4b5aecfcabd6b77f9a8b28df3c5e21ee80834f4aa0e563390450ab,/Users/upadhyay/dev/ICES/object_detection_opencv_cpp/data/cassini/issna/saturn_rings/images/co-iss-n1592141480.png,true,position_only
co-iss-n1592141524,cassini,issna,saturn_rings,CLEAR,0.04,2008-06-14T12:54:15.550,Saturn Rings,https://opus.pds-rings.seti.org/holdings/previews/COISS_2xxx/COISS_2045/data/1592139097_1592141546/N1592141524_1_full.png,21b42505fb518302c8502ddf53812aa7b574ec4e598219b77c40da45820d1676,/Users/upadhyay/dev/ICES/object_detection_opencv_cpp/data/cassini/issna/saturn_rings/images/co-iss-n1592141524.png,true,position_only
co-iss-n1592141579,cassini,issna,saturn_rings,CLEAR,0.04,2008-06-14T12:55:10.549,Saturn Rings,https://opus.pds-rings.seti.org/holdings/previews/COISS_2xxx/COISS_2045/data/1592141557_1592144250/N1592141579_1_full.png,6d89fd489f67cd469f94352d5123421b7313e13903cd65bfa23caa3306a6d0f3,/Users/upadhyay/dev/ICES/object_detection_opencv_cpp/data/cassini/issna/saturn_rings/images/co-iss-n1592141579.png,true,position_only
co-iss-n1592141886,cassini,issna,saturn_rings,CLEAR,0.04,2008-06-14T13:00:17.547,Saturn Rings,https://opus.pds-rings.seti.org/holdings/previews/COISS_2xxx/COISS_2045/data/1592141557_1592144250/N1592141886_1_full.png,3954a6ae2a256069318a1de70a877acea742280c54bfad452be151a25c69ec79,/Users/upadhyay/dev/ICES/object_detection_opencv_cpp/data/cassini/issna/saturn_rings/images/co-iss-n1592141886.png,true,position_only
co-iss-n1592141930,cassini,issna,saturn_rings,CLEAR,0.04,2008-06-14T13:01:01.547,Saturn Rings,https://opus.pds-rings.seti.org/holdings/previews/COISS_2xxx/COISS_2045/data/1592141557_1592144250/N1592141930_1_full.png,22d7951c29a57e6ce345d73361432db4948e0573f2521569e025ab5021c9360d,/Users/upadhyay/dev/ICES/object_detection_opencv_cpp/data/cassini/issna/saturn_rings/images/co-iss-n1592141930.png,true,position_only
co-iss-n1592141974,cassini,issna,saturn_rings,CLEAR,0.04,2008-06-14T13:01:45.546,Saturn Rings,https://opus.pds-rings.seti.org/holdings/previews/COISS_2xxx/COISS_2045/data/1592141557_1592144250/N1592141974_1_full.png,385c9c83229b0e1a07df3c72cb0f6145927b30c21bd645f8b17fb7c3d554e812,/Users/upadhyay/dev/ICES/object_detection_opencv_cpp/data/cassini/issna/saturn_rings/images/co-iss-n1592141974.png,true,position_only
co-iss-n1592142029,cassini,issna,saturn_rings,CLEAR,0.04,2008-06-14T13:02:40.546,Saturn Rings,https://opus.pds-rings.seti.org/holdings/previews/COISS_2xxx/COISS_2045/data/1592141557_1592144250/N1592142029_1_full.png,5886ffe9d159bd67496ec76926ac11ad1ff824f9bfb1f5f0eb00c4c9276d998b,/Users/upadhyay/dev/ICES/object_detection_opencv_cpp/data/cassini/issna/saturn_rings/images/co-iss-n1592142029.png,true,position_only
co-iss-n1592142073,cassini,issna,saturn_rings,CLEAR,0.04,2008-06-14T13:03:24.546,Saturn Rings,https://opus.pds-rings.seti.org/holdings/previews/COISS_2xxx/COISS_2045/data/1592141557_1592144250/N1592142073_1_full.png,89307282a13a2d9cc41cf72b455e5f955d19df8bf67012476d0f779ab419d694,/Users/upadhyay/dev/ICES/object_detection_opencv_cpp/data/cassini/issna/saturn_rings/images/co-iss-n1592142073.png,true,position_only
co-iss-n1592142117,cassini,issna,saturn_rings,CLEAR,0.04,2008-06-14T13:04:08.545,Saturn Rings,https://opus.pds-rings.seti.org/holdings/previews/COISS_2xxx/COISS_2045/data/1592141557_1592144250/N1592142117_1_full.png,a90667558531ede97476792a117f160b30279e68e1e7622f5d62b24af9d52fd1,/Users/upadhyay/dev/ICES/object_detection_opencv_cpp/data/cassini/issna/saturn_rings/images/co-iss-n1592142117.png,true,position_only
co-iss-n1592142161,cassini,issna,saturn_rings,CLEAR,0.04,2008-06-14T13:04:52.545,Saturn Rings,https://opus.pds-rings.seti.org/holdings/previews/COISS_2xxx/COISS_2045/data/1592141557_1592144250/N1592142161_1_full.png,623fa43f80e6be0d244aa2ad2b6f214ca076076f0ef55238d5490a66a9dbbe3d,/Users/upadhyay/dev/ICES/object_detection_opencv_cpp/data/cassini/issna/saturn_rings/images/co-iss-n1592142161.png,true,position_only
co-iss-n1592142468,cassini,issna,saturn_rings,CLEAR,0.04,2008-06-14T13:09:59.543,Saturn Rings,https://opus.pds-rings.seti.org/holdings/previews/COISS_2xxx/COISS_2045/data/1592141557_1592144250/N1592142468_1_full.png,c9b4f024f0c947a67919035ab6dcdd90dbd6ecaf11eeb688168b2c18e03e8e20,/Users/upadhyay/dev/ICES/object_detection_opencv_cpp/data/cassini/issna/saturn_rings/images/co-iss-n1592142468.png,true,position_only
co-iss-w1626342836,cassini,issna,saturn_rings,CLEAR,0.08,2009-07-15T09:12:04.227,Saturn Rings,https://opus.pds-rings.seti.org/holdings/previews/COISS_2xxx/COISS_2056/data/1626245310_1626407985/W1626342836_1_full.png,2145cf41c23042e6da319e11d22408c4ea564c2d668792fc379f599917ccad57,/Users/upadhyay/dev/ICES/object_detection_opencv_cpp/data/cassini/issna/saturn_rings/images/co-iss-w1626342836.png,true,position_only
co-iss-w1626345835,cassini,issna,saturn_rings,CLEAR,0.09,2009-07-15T10:02:03.196,Saturn Rings,https://opus.pds-rings.seti.org/holdings/previews/COISS_2xxx/COISS_2056/data/1626245310_1626407985/W1626345835_1_full.png,bcf9a9238161e80c71d583094eefaada6cffdadff03f6c4988581fce604db41c,/Users/upadhyay/dev/ICES/object_detection_opencv_cpp/data/cassini/issna/saturn_rings/images/co-iss-w1626345835.png,true,position_only
co-iss-w1626348895,cassini,issna,saturn_rings,CLEAR,0.09,2009-07-15T10:53:03.174,Saturn Rings,https://opus.pds-rings.seti.org/holdings/previews/COISS_2xxx/COISS_2056/data/1626245310_1626407985/W1626348895_1_full.png,b7f76c9fa0eba10992c472b06e454a5f2454de0164154fddf9dc95e82ca985cf,/Users/upadhyay/dev/ICES/object_detection_opencv_cpp/data/cassini/issna/saturn_rings/images/co-iss-w1626348895.png,true,position_only
co-iss-w1626351954,cassini,issna,saturn_rings,CLEAR,0.12,2009-07-15T11:44:02.122,Saturn Rings,https://opus.pds-rings.seti.org/holdings/previews/COISS_2xxx/COISS_2056/data/1626245310_1626407985/W1626351954_1_full.png,b3b65ea225ddc4292b18680716d0963d57b821b632e1c22972e087300fefff76,/Users/upadhyay/dev/ICES/object_detection_opencv_cpp/data/cassini/issna/saturn_rings/images/co-iss-w1626351954.png,true,position_only
co-iss-w1626355219,cassini,issna,saturn_rings,CLEAR,0.12,2009-07-15T12:38:27.099,Saturn Rings,https://opus.pds-rings.seti.org/holdings/previews/COISS_2xxx/COISS_2056/data/1626245310_1626407985/W1626355219_1_full.png,81d0f69380f82e621aa5d34624cb120c924379b572d4e52995a8b1c748be4346,/Users/upadhyay/dev/ICES/object_detection_opencv_cpp/data/cassini/issna/saturn_rings/images/co-iss-w1626355219.png,true,position_only
co-iss-w1626358914,cassini,issna,saturn_rings,CLEAR,0.09,2009-07-15T13:40:02.103,Saturn Rings,https://opus.pds-rings.seti.org/holdings/previews/COISS_2xxx/COISS_2056/data/1626245310_1626407985/W1626358914_1_full.png,1a85cc73216712e6405d7f33059818d43f3f2bda26fb07f17c682f7f8d9dabb5,/Users/upadhyay/dev/ICES/object_detection_opencv_cpp/data/cassini/issna/saturn_rings/images/co-iss-w1626358914.png,true,position_only
co-iss-w1626362179,cassini,issna,saturn_rings,CLEAR,0.09,2009-07-15T14:34:27.079,Saturn Rings,https://opus.pds-rings.seti.org/holdings/previews/COISS_2xxx/COISS_2056/data/1626245310_1626407985/W1626362179_1_full.png,5686c264e5805bba9a71b3883eee1bebee676bad71d90fc39dafa0f585cfed40,/Users/upadhyay/dev/ICES/object_detection_opencv_cpp/data/cassini/issna/saturn_rings/images/co-iss-w1626362179.png,true,position_only
co-iss-w1626365335,cassini,issna,saturn_rings,CLEAR,0.09,2009-07-15T15:27:03.057,Saturn Rings,https://opus.pds-rings.seti.org/holdings/previews/COISS_2xxx/COISS_2056/data/1626245310_1626407985/W1626365335_1_full.png,58c758813c9ee0ef78fb3af02d3987498a7a1ecb94a4b3a80b973bcfd8ec44ee,/Users/upadhyay/dev/ICES/object_detection_opencv_cpp/data/cassini/issna/saturn_rings/images/co-iss-w1626365335.png,true,position_only
co-iss-w1626368816,cassini,issna,saturn_rings,CLEAR,0.09,2009-07-15T16:25:04.032,Saturn Rings,https://opus.pds-rings.seti.org/holdings/previews/COISS_2xxx/COISS_2056/data/1626245310_1626407985/W1626368816_1_full.png,00bed1cdebc14afe586c1be8693db50e694e2cda4281677db4524f06d6c223f9,/Users/upadhyay/dev/ICES/object_detection_opencv_cpp/data/cassini/issna/saturn_rings/images/co-iss-w1626368816.png,true,position_only
co-iss-w1626417944,cassini,issna,saturn_rings,CLEAR,0.09,2009-07-16T06:03:51.683,Saturn Rings,https://opus.pds-rings.seti.org/holdings/previews/COISS_2xxx/COISS_2056/data/1626407985_1626581385/W1626417944_1_full.png,9cd9b591e87fdb3af8f0c4b587ef1a84500f197e52e1e5d5f016cf0d3dec700d,/Users/upadhyay/dev/ICES/object_detection_opencv_cpp/data/cassini/issna/saturn_rings/images/co-iss-w1626417944.png,true,position_only
co-iss-w1626420609,cassini,issna,saturn_rings,CLEAR,0.09,2009-07-16T06:48:16.664,Saturn Rings,https://opus.pds-rings.seti.org/holdings/previews/COISS_2xxx/COISS_2056/data/1626407985_1626581385/W1626420609_1_full.png,8d8649de45eec53ffcb98e7cb973918c53f58300ae7edda560cf81cbb1906eea,/Users/upadhyay/dev/ICES/object_detection_opencv_cpp/data/cassini/issna/saturn_rings/images/co-iss-w1626420609.png,true,position_only
co-iss-w1626424784,cassini,issna,saturn_rings,CLEAR,0.09,2009-07-16T07:57:51.634,Saturn Rings,https://opus.pds-rings.seti.org/holdings/previews/COISS_2xxx/COISS_2056/data/1626407985_1626581385/W1626424784_1_full.png,f0ec6adaaf9e79d9f8769deaf125564abf641a8b78eab742ec158e7d0e253708,/Users/upadhyay/dev/ICES/object_detection_opencv_cpp/data/cassini/issna/saturn_rings/images/co-iss-w1626424784.png,true,position_only
co-iss-w1626426916,cassini,issna,saturn_rings,CLEAR,0.09,2009-07-16T08:33:23.619,Saturn Rings,https://opus.pds-rings.seti.org/holdings/previews/COISS_2xxx/COISS_2056/data/1626407985_1626581385/W1626426916_1_full.png,a110890082a6decd9f19dfab27ef88058ac6837fc28406e48facb32f24510517,/Users/upadhyay/dev/ICES/object_detection_opencv_cpp/data/cassini/issna/saturn_rings/images/co-iss-w1626426916.png,true,position_only
co-iss-w1626431095,cassini,issna,saturn_rings,CLEAR,0.09,2009-07-16T09:43:02.589,Saturn Rings,https://opus.pds-rings.seti.org/holdings/previews/COISS_2xxx/COISS_2056/data/1626407985_1626581385/W1626431095_1_full.png,c3f82872841227ecf405a1db321d3e3e07512182ff278806424ec1a2802da711,/Users/upadhyay/dev/ICES/object_detection_opencv_cpp/data/cassini/issna/saturn_rings/images/co-iss-w1626431095.png,true,position_only
co-iss-w1626433756,cassini,issna,saturn_rings,CLEAR,0.09,2009-07-16T10:27:23.570,Saturn Rings,https://opus.pds-rings.seti.org/holdings/previews/COISS_2xxx/COISS_2056/data/1626407985_1626581385/W1626433756_1_full.png,62fab2ffd3c4458ffc281628589381abf689dfd9931ff2a7df6fa0eeaf163d29,/Users/upadhyay/dev/ICES/object_detection_opencv_cpp/data/cassini/issna/saturn_rings/images/co-iss-w1626433756.png,true,position_only
co-iss-w1626436596,cassini,issna,saturn_rings,CLEAR,0.09,2009-07-16T11:14:43.550,Saturn Rings,https://opus.pds-rings.seti.org/holdings/previews/COISS_2xxx/COISS_2056/data/1626407985_1626581385/W1626436596_1_full.png,7c3cb4231c54ce59852bdf86fdac153fe42fe86f780f675af98c67763cb74c5c,/Users/upadhyay/dev/ICES/object_detection_opencv_cpp/data/cassini/issna/saturn_rings/images/co-iss-w1626436596.png,true,position_only
co-iss-w1626439674,cassini,issna,saturn_rings,CLEAR,0.09,2009-07-16T12:06:01.528,Saturn Rings,https://opus.pds-rings.seti.org/holdings/previews/COISS_2xxx/COISS_2056/data/1626407985_1626581385/W1626439674_1_full.png,732ca60b74eea423d05df9047a531a519970d1a1cde6a46a021121ba3a36a42e,/Users/upadhyay/dev/ICES/object_detection_opencv_cpp/data/cassini/issna/saturn_rings/images/co-iss-w1626439674.png,true,position_only
co-iss-w1626443461,cassini,issna,saturn_rings,CLEAR,0.1,2009-07-16T13:09:08.491,Saturn Rings,https://opus.pds-rings.seti.org/holdings/previews/COISS_2xxx/COISS_2056/data/1626407985_1626581385/W1626443461_1_full.png,2dd408561d568e7d0bedbaecb8c9e7522b118559ba9456286b9ce687105d9423,/Users/upadhyay/dev/ICES/object_detection_opencv_cpp/data/cassini/issna/saturn_rings/images/co-iss-w1626443461.png,true,position_only
co-iss-w1626446514,cassini,issna,saturn_rings,CLEAR,0.09,2009-07-16T14:00:01.479,Saturn Rings,https://opus.pds-rings.seti.org/holdings/previews/COISS_2xxx/COISS_2056/data/1626407985_1626581385/W1626446514_1_full.png,73866aa08e7e39f30e071268a5da01f5199859054e2a7c52c1989e2847b3a5e0,/Users/upadhyay/dev/ICES/object_detection_opencv_cpp/data/cassini/issna/saturn_rings/images/co-iss-w1626446514.png,true,position_only
co-iss-w1626452561,cassini,issna,saturn_rings,CLEAR,0.09,2009-07-16T15:40:48.436,Saturn Rings,https://opus.pds-rings.seti.org/holdings/previews/COISS_2xxx/COISS_2056/data/1626407985_1626581385/W1626452561_1_full.png,342cb53133d0bad955f152e6f6663767d1290074b2db5b63f69d7eae21252548,/Users/upadhyay/dev/ICES/object_detection_opencv_cpp/data/cassini/issna/saturn_rings/images/co-iss-w1626452561.png,true,position_only
co-iss-w1626588007,cassini,issna,saturn_rings,CLEAR,0.09,2009-07-18T05:18:13.472,Saturn Rings,https://opus.pds-rings.seti.org/holdings/previews/COISS_2xxx/COISS_2056/data/1626581431_1626844435/W1626588007_1_full.png,e621545c002a6a114a846d4a9b78706d1e884af188623cf86aaa1b777f841073,/Users/upadhyay/dev/ICES/object_detection_opencv_cpp/data/cassini/issna/saturn_rings/images/co-iss-w1626588007.png,true,position_only
co-iss-w1626589823,cassini,issna,saturn_rings,CLEAR,0.09,2009-07-18T05:48:29.459,Saturn Rings,https://opus.pds-rings.seti.org/holdings/previews/COISS_2xxx/COISS_2056/data/1626581431_1626844435/W1626589823_1_full.png,c106046a1b27904aae81788f72bfdc68554dc9f509ab0387651c863d051053d9,/Users/upadhyay/dev/ICES/object_detection_opencv_cpp/data/cassini/issna/saturn_rings/images/co-iss-w1626589823.png,true,position_only
co-iss-w1626593741,cassini,issna,saturn_rings,CLEAR,0.08,2009-07-18T06:53:47.442,Saturn Rings,https://opus.pds-rings.seti.org/holdings/previews/COISS_2xxx/COISS_2056/data/1626581431_1626844435/W1626593741_1_full.png,0a79d05deabe97bb9d322f92baa7feb85e72a2cfacc7e69f4b675d5c6cff39d6,/Users/upadhyay/dev/ICES/object_detection_opencv_cpp/data/cassini/issna/saturn_rings/images/co-iss-w1626593741.png,true,position_only
co-iss-w1626596943,cassini,issna,saturn_rings,CLEAR,0.08,2009-07-18T07:47:09.419,Saturn Rings,https://opus.pds-rings.seti.org/holdings/previews/COISS_2xxx/COISS_2056/data/1626581431_1626844435/W1626596943_1_full.png,ebe7bca70d087a6b7988458cb8116c017092c79af558b0ac95cf5971fa972599,/Users/upadhyay/dev/ICES/object_detection_opencv_cpp/data/cassini/issna/saturn_rings/images/co-iss-w1626596943.png,true,position_only
co-iss-w1771478324,cassini,issna,saturn_rings,CLEAR,0.025,2014-02-19T04:20:58.537,Saturn Rings,https://opus.pds-rings.seti.org/holdings/previews/COISS_2xxx/COISS_2088/data/1771314694_1771937724/W1771478324_1_full.png,ad4c6b755be89d17243fded032917b0ee61940da0c082d70c980da61e4d95983,/Users/upadhyay/dev/ICES/object_detection_opencv_cpp/data/cassini/issna/saturn_rings/images/co-iss-w1771478324.png,true,position_only
co-iss-w1771481324,cassini,issna,saturn_rings,CLEAR,0.025,2014-02-19T05:10:58.518,Saturn Rings,https://opus.pds-rings.seti.org/holdings/previews/COISS_2xxx/COISS_2088/data/1771314694_1771937724/W1771481324_1_full.png,e5f3a5902248ec174910d539888fcffd9c1f8f0775f2bd4e89a2713cd9b63a13,/Users/upadhyay/dev/ICES/object_detection_opencv_cpp/data/cassini/issna/saturn_rings/images/co-iss-w1771481324.png,true,position_only
co-iss-w1771484324,cassini,issna,saturn_rings,CLEAR,0.025,2014-02-19T06:00:58.499,Saturn Rings,https://opus.pds-rings.seti.org/holdings/previews/COISS_2xxx/COISS_2088/data/1771314694_1771937724/W1771484324_1_full.png,4a8c8486e32ae0392ad7b4410ddc291a93dab6899739f1ca58eee9c29223ac4f,/Users/upadhyay/dev/ICES/object_detection_opencv_cpp/data/cassini/issna/saturn_rings/images/co-iss-w1771484324.png,true,position_only
co-iss-w1771487324,cassini,issna,saturn_rings,CLEAR,0.025,2014-02-19T06:50:58.480,Saturn Rings,https://opus.pds-rings.seti.org/holdings/previews/COISS_2xxx/COISS_2088/data/1771314694_1771937724/W1771487324_1_full.png,d71fa0c38da4f623f0a2f0975c4e5bb380d5b19b2f0cbb7e359ada945b73bdfd,/Users/upadhyay/dev/ICES/object_detection_opencv_cpp/data/cassini/issna/saturn_rings/images/co-iss-w1771487324.png,true,position_only
co-iss-w1771490324,cassini,issna,saturn_rings,CLEAR,0.025,2014-02-19T07:40:58.461,Saturn Rings,https://opus.pds-rings.seti.org/holdings/previews/COISS_2xxx/COISS_2088/data/1771314694_1771937724/W1771490324_1_full.png,4a51645be9b0cae010f2e01a3d0fe7a417b513995326b3e0f2a1ce62f41ca976,/Users/upadhyay/dev/ICES/object_detection_opencv_cpp/data/cassini/issna/saturn_rings/images/co-iss-w1771490324.png,true,position_only
co-iss-n1772408361,cassini,issna,saturn_rings,CLEAR,1.2,2014-03-01T22:41:28.436,Saturn Rings,https://opus.pds-rings.seti.org/holdings/previews/COISS_2xxx/COISS_2088/data/1772193360_1772448874/N1772408361_1_full.png,99a21bade087558534a472118fe3c705bdca0c0b162fc5a82d54d9a3615a35cf,/Users/upadhyay/dev/ICES/object_detection_opencv_cpp/data/cassini/issna/saturn_rings/images/co-iss-n1772408361.png,true,position_only
co-iss-n1772410353,cassini,issna,saturn_rings,CLEAR,1.2,2014-03-01T23:14:40.424,Saturn Rings,https://opus.pds-rings.seti.org/holdings/previews/COISS_2xxx/COISS_2088/data/1772193360_1772448874/N1772410353_1_full.png,72b317125b24255ab2ea5c13958784cb224d593f49853ec9de6b9d6f8719fbe7,/Users/upadhyay/dev/ICES/object_detection_opencv_cpp/data/cassini/issna/saturn_rings/images/co-iss-n1772410353.png,true,position_only
co-iss-n1772412345,cassini,issna,saturn_rings,CLEAR,1.2,2014-03-01T23:47:52.411,Saturn Rings,https://opus.pds-rings.seti.org/holdings/previews/COISS_2xxx/COISS_2088/data/1772193360_1772448874/N1772412345_1_full.png,8681f6754cb45af75fd7fb144a3510929e1f2a51116f241a929884142c146a10,/Users/upadhyay/dev/ICES/object_detection_opencv_cpp/data/cassini/issna/saturn_rings/images/co-iss-n1772412345.png,true,position_only
co-iss-n1772414337,cassini,issna,saturn_rings,CLEAR,1.2,2014-03-02T00:21:04.398,Saturn Rings,https://opus.pds-rings.seti.org/holdings/previews/COISS_2xxx/COISS_2088/data/1772193360_1772448874/N1772414337_1_full.png,f0fe941e1abafe3c908caf848d1faf23040338170bfc05d1100def8cb5492d39,/Users/upadhyay/dev/ICES/object_detection_opencv_cpp/data/cassini/issna/saturn_rings/images/co-iss-n1772414337.png,true,position_only
co-iss-n1772416827,cassini,issna,saturn_rings,CLEAR,1.2,2014-03-02T01:02:34.383,Saturn Rings,https://opus.pds-rings.seti.org/holdings/previews/COISS_2xxx/COISS_2088/data/1772193360_1772448874/N1772416827_1_full.png,73b807a2feb57fadc9b6ce0175023fdb5628a4e7d1a6b701604398b0c5815d48,/Users/upadhyay/dev/ICES/object_detection_opencv_cpp/data/cassini/issna/saturn_rings/images/co-iss-n1772416827.png,true,position_only
co-iss-n1772418819,cassini,issna,saturn_rings,CLEAR,1.2,2014-03-02T01:35:46.370,Saturn Rings,https://opus.pds-rings.seti.org/holdings/previews/COISS_2xxx/COISS_2088/data/1772193360_1772448874/N1772418819_1_full.png,08e9bf8b55de42e6b6bb19b21b97360332e7b2aecdeda69664e95d0dc4bf34a8,/Users/upadhyay/dev/ICES/object_detection_opencv_cpp/data/cassini/issna/saturn_rings/images/co-iss-n1772418819.png,true,position_only
co-iss-n1772420811,cassini,issna,saturn_rings,CLEAR,1.2,2014-03-02T02:08:58.357,Saturn Rings,https://opus.pds-rings.seti.org/holdings/previews/COISS_2xxx/COISS_2088/data/1772193360_1772448874/N1772420811_1_full.png,533907f099be09c420d59e503165c2ac0c57b091a77ebc4183177ec20c155108,/Users/upadhyay/dev/ICES/object_detection_opencv_cpp/data/cassini/issna/saturn_rings/images/co-iss-n1772420811.png,true,position_only
co-iss-n1772422803,cassini,issna,saturn_rings,CLEAR,1.2,2014-03-02T02:42:10.345,Saturn Rings,https://opus.pds-rings.seti.org/holdings/previews/COISS_2xxx/COISS_2088/data/1772193360_1772448874/N1772422803_1_full.png,a3f122fd666ee867a1ac8b792b53ab4e49b151bc4adf1857f409f7e4c4bda225,/Users/upadhyay/dev/ICES/object_detection_opencv_cpp/data/cassini/issna/saturn_rings/images/co-iss-n1772422803.png,true,position_only
co-iss-n1772424795,cassini,issna,saturn_rings,CLEAR,1.2,2014-03-02T03:15:22.332,Saturn Rings,https://opus.pds-rings.seti.org/holdings/previews/COISS_2xxx/COISS_2088/data/1772193360_1772448874/N1772424795_1_full.png,de7b784d85a7cc4f36c297dbab0a5cb1ba372581e99c63a5886d725f57fd6f83,/Users/upadhyay/dev/ICES/object_detection_opencv_cpp/data/cassini/issna/saturn_rings/images/co-iss-n1772424795.png,true,position_only
co-iss-n1772427285,cassini,issna,saturn_rings,CLEAR,1.2,2014-03-02T03:56:52.316,Saturn Rings,https://opus.pds-rings.seti.org/holdings/previews/COISS_2xxx/COISS_2088/data/1772193360_1772448874/N1772427285_1_full.png,10439a975dc5c529cf8115ff076241ec01dfd8535f7a6712e04b53845fe4758d,/Users/upadhyay/dev/ICES/object_detection_opencv_cpp/data/cassini/issna/saturn_rings/images/co-iss-n1772427285.png,true,position_only
co-iss-n1772429277,cassini,issna,saturn_rings,CLEAR,1.2,2014-03-02T04:30:04.303,Saturn Rings,https://opus.pds-rings.seti.org/holdings/previews/COISS_2xxx/COISS_2088/data/1772193360_1772448874/N1772429277_1_full.png,964f2575624ffa69d007544d06a7c23e424f04b678d02604c2c73c2f5ca7f012,/Users/upadhyay/dev/ICES/object_detection_opencv_cpp/data/cassini/issna/saturn_rings/images/co-iss-n1772429277.png,true,position_only
co-iss-n1772431270,cassini,issna,saturn_rings,CLEAR,1.2,2014-03-02T05:03:17.291,Saturn Rings,https://opus.pds-rings.seti.org/holdings/previews/COISS_2xxx/COISS_2088/data/1772193360_1772448874/N1772431270_1_full.png,dbb4e2241d17aa55b1dca47a38d9db84064d13dc670bebb137345eb8d875ba6e,/Users/upadhyay/dev/ICES/object_detection_opencv_cpp/data/cassini/issna/saturn_rings/images/co-iss-n1772431270.png,true,position_only
co-iss-n1772433226,cassini,issna,saturn_rings,CLEAR,1.2,2014-03-02T05:35:53.278,Saturn Rings,https://opus.pds-rings.seti.org/holdings/previews/COISS_2xxx/COISS_2088/data/1772193360_1772448874/N1772433226_1_full.png,833044cdc178876c846866c5fd1a845771a2d472ec2b3aadd639b1e17161affc,/Users/upadhyay/dev/ICES/object_detection_opencv_cpp/data/cassini/issna/saturn_rings/images/co-iss-n1772433226.png,true,position_only
co-iss-n1772435182,cassini,issna,saturn_rings,CLEAR,1.2,2014-03-02T06:08:29.266,Saturn Rings,https://opus.pds-rings.seti.org/holdings/previews/COISS_2xxx/COISS_2088/data/1772193360_1772448874/N1772435182_1_full.png,39142e75e12e597f5183ced19512608032463964d67271449263dfc6e562cac5,/Users/upadhyay/dev/ICES/object_detection_opencv_cpp/data/cassini/issna/saturn_rings/images/co-iss-n1772435182.png,true,position_only
co-iss-n1772437627,cassini,issna,saturn_rings,CLEAR,1.2,2014-03-02T06:49:14.250,Saturn Rings,https://opus.pds-rings.seti.org/holdings/previews/COISS_2xxx/COISS_2088/data/1772193360_1772448874/N1772437627_1_full.png,4e0a2fd990c6e5cf170d8ec8d4a23eb47640d9cbac4dc4519a342487c17a6aab,/Users/upadhyay/dev/ICES/object_detection_opencv_cpp/data/cassini/issna/saturn_rings/images/co-iss-n1772437627.png,true,position_only
co-iss-n1772439583,cassini,issna,saturn_rings,CLEAR,1.2,2014-03-02T07:21:50.238,Saturn Rings,https://opus.pds-rings.seti.org/holdings/previews/COISS_2xxx/COISS_2088/data/1772193360_1772448874/N1772439583_1_full.png,7369c1729ba5a9bf7262fe34e13c4980ee5d22a0805b8e315ac53977d5eb510b,/Users/upadhyay/dev/ICES/object_detection_opencv_cpp/data/cassini/issna/saturn_rings/images/co-iss-n1772439583.png,true,position_only
co-iss-n1772441539,cassini,issna,saturn_rings,CLEAR,1.2,2014-03-02T07:54:26.225,Saturn Rings,https://opus.pds-rings.seti.org/holdings/previews/COISS_2xxx/COISS_2088/data/1772193360_1772448874/N1772441539_1_full.png,3b204f24f49dcd3d95a73b2f638ae6e057118b07eeaaa393f37d2aaa822edc1c,/Users/upadhyay/dev/ICES/object_detection_opencv_cpp/data/cassini/issna/saturn_rings/images/co-iss-n1772441539.png,true,position_only
co-iss-n1772443495,cassini,issna,saturn_rings,CLEAR,1.2,2014-03-02T08:27:02.213,Saturn Rings,https://opus.pds-rings.seti.org/holdings/previews/COISS_2xxx/COISS_2088/data/1772193360_1772448874/N1772443495_1_full.png,db5d6ba4f3bc28f7ccc7eec82681b3f142bdb1e8258f6b0cf06e6e03eb14523f,/Users/upadhyay/dev/ICES/object_detection_opencv_cpp/data/cassini/issna/saturn_rings/images/co-iss-n1772443495.png,true,position_only
co-iss-n1459807064,cassini,issna,saturn_rings,P0,120,2004-04-04T21:32:18.382,Saturn Rings,https://opus.pds-rings.seti.org/holdings/previews/COISS_2xxx/COISS_2001/data/1459759083_1459921527/N1459807064_1_full.png,8363a25033a83b263ae4a9b6b6f58c2706def0789760c2de4473dab3814e9db1,/Users/upadhyay/dev/ICES/object_detection_opencv_cpp/data/cassini/issna/saturn_rings/images/co-iss-n1459807064.png,true,position_only
co-iss-n1459807328,cassini,issna,saturn_rings,P0,220,2004-04-04T21:35:02.388,Saturn Rings,https://opus.pds-rings.seti.org/holdings/previews/COISS_2xxx/COISS_2001/data/1459759083_1459921527/N1459807328_1_full.png,7430dee25e78615dfdceff10076deeddd89a1d9ec178e519e9547b0e2a353e38,/Users/upadhyay/dev/ICES/object_detection_opencv_cpp/data/cassini/issna/saturn_rings/images/co-iss-n1459807328.png,true,position_only
co-iss-n1459807793,cassini,issna,saturn_rings,P60,220,2004-04-04T21:42:47.385,Saturn Rings,https://opus.pds-rings.seti.org/holdings/previews/COISS_2xxx/COISS_2001/data/1459759083_1459921527/N1459807793_1_full.png,7ee3a8598669ba87f4c6fc2ef5a8d9ef14aadf4d7314528cd22c879487d12484,/Users/upadhyay/dev/ICES/object_detection_opencv_cpp/data/cassini/issna/saturn_rings/images/co-iss-n1459807793.png,true,position_only
co-iss-n1459808195,cassini,issna,saturn_rings,CLEAR,220,2004-04-04T21:49:29.375,Saturn Rings,https://opus.pds-rings.seti.org/holdings/previews/COISS_2xxx/COISS_2001/data/1459759083_1459921527/N1459808195_1_full.png,930d10d7bfd96d71f4c7028ec41442066b318b2c3df03f7073b1c22beff49958,/Users/upadhyay/dev/ICES/object_detection_opencv_cpp/data/cassini/issna/saturn_rings/images/co-iss-n1459808195.png,true,position_only
co-iss-n1549036236,cassini,issna,saturn_rings,CLEAR,0.22,2007-02-01T15:17:36.108,Saturn Rings,https://opus.pds-rings.seti.org/holdings/previews/COISS_2xxx/COISS_2029/data/1549035576_1549036973/N1549036236_1_full.png,3c6def2899b6b1dad537dc9104d4554a741d60a3596b09feb149e55b42cc5256,/Users/upadhyay/dev/ICES/object_detection_opencv_cpp/data/cassini/issna/saturn_rings/images/co-iss-n1549036236.png,true,position_only
co-iss-n1549036247,cassini,issna,saturn_rings,CLEAR,0.22,2007-02-01T15:17:47.108,Saturn Rings,https://opus.pds-rings.seti.org/holdings/previews/COISS_2xxx/COISS_2029/data/1549035576_1549036973/N1549036247_1_full.png,7a25ec8c490bc1e1ee1e6dd95a31d455971f7044149835b6afb4225b57c56a79,/Users/upadhyay/dev/ICES/object_detection_opencv_cpp/data/cassini/issna/saturn_rings/images/co-iss-n1549036247.png,true,position_only
co-iss-n1549036258,cassini,issna,saturn_rings,CLEAR,0.22,2007-02-01T15:17:58.108,Saturn Rings,https://opus.pds-rings.seti.org/holdings/previews/COISS_2xxx/COISS_2029/data/1549035576_1549036973/N1549036258_1_full.png,b45ef5ebd861a7be53e49f1fb3fd2fbd38e4f597153bc76ff6e6a39dc25e1bce,/Users/upadhyay/dev/ICES/object_detection_opencv_cpp/data/cassini/issna/saturn_rings/images/co-iss-n1549036258.png,true,position_only
co-iss-n1549036269,cassini,issna,saturn_rings,CLEAR,0.22,2007-02-01T15:18:09.108,Saturn Rings,https://opus.pds-rings.seti.org/holdings/previews/COISS_2xxx/COISS_2029/data/1549035576_1549036973/N1549036269_1_full.png,62dbfaf2a3ddaa929fc61d1860df2201afcc792040ae80f6d8f26f7409430c9d,/Users/upadhyay/dev/ICES/object_detection_opencv_cpp/data/cassini/issna/saturn_rings/images/co-iss-n1549036269.png,true,position_only
co-iss-n1549036291,cassini,issna,saturn_rings,CLEAR,0.22,2007-02-01T15:18:31.108,Saturn Rings,https://opus.pds-rings.seti.org/holdings/previews/COISS_2xxx/COISS_2029/data/1549035576_1549036973/N1549036291_1_full.png,522b7baf915704667bfe6c0ea449444054451e11ac8eb51f0d41fdee705b4d5d,/Users/upadhyay/dev/ICES/object_detection_opencv_cpp/data/cassini/issna/saturn_rings/images/co-iss-n1549036291.png,true,position_only
co-iss-n1549036302,cassini,issna,saturn_rings,CLEAR,0.22,2007-02-01T15:18:42.108,Saturn Rings,https://opus.pds-rings.seti.org/holdings/previews/COISS_2xxx/COISS_2029/data/1549035576_1549036973/N1549036302_1_full.png,04cc4f09d2fb16c868a50c1ffb5c5c35db64574e5e354293d298cb50a89e6d5b,/Users/upadhyay/dev/ICES/object_detection_opencv_cpp/data/cassini/issna/saturn_rings/images/co-iss-n1549036302.png,true,position_only
co-iss-n1549036313,cassini,issna,saturn_rings,CLEAR,0.22,2007-02-01T15:18:53.108,Saturn Rings,https://opus.pds-rings.seti.org/holdings/previews/COISS_2xxx/COISS_2029/data/1549035576_1549036973/N1549036313_1_full.png,803165da5ccf415560163d3ac320ca0dbefcd5a3752d542c60decc558a358a60,/Users/upadhyay/dev/ICES/object_detection_opencv_cpp/data/cassini/issna/saturn_rings/images/co-iss-n1549036313.png,true,position_only
co-iss-n1549036335,cassini,issna,saturn_rings,CLEAR,0.22,2007-02-01T15:19:15.108,Saturn Rings,https://opus.pds-rings.seti.org/holdings/previews/COISS_2xxx/COISS_2029/data/1549035576_1549036973/N1549036335_1_full.png,2e2ce0f747ac79f1adb6cb515cf035bb09adbbf6e76eb6a99a9259b3097306cc,/Users/upadhyay/dev/ICES/object_detection_opencv_cpp/data/cassini/issna/saturn_rings/images/co-iss-n1549036335.png,true,position_only
co-iss-n1549036346,cassini,issna,saturn_rings,CLEAR,0.22,2007-02-01T15:19:26.108,Saturn Rings,https://opus.pds-rings.seti.org/holdings/previews/COISS_2xxx/COISS_2029/data/1549035576_1549036973/N1549036346_1_full.png,b564064978cda275618103b6b15d22a33b0f82c9996b265ed9e6fcebfcdbcb82,/Users/upadhyay/dev/ICES/object_detection_opencv_cpp/data/cassini/issna/saturn_rings/images/co-iss-n1549036346.png,true,position_only
co-iss-n1549036357,cassini,issna,saturn_rings,CLEAR,0.22,2007-02-01T15:19:37.107,Saturn Rings,https://opus.pds-rings.seti.org/holdings/previews/COISS_2xxx/COISS_2029/data/1549035576_1549036973/N1549036357_1_full.png,5d05acd072f3939a0b6a7b6d9513c102bc6df34b4007eb658afd2e916b305ca6,/Users/upadhyay/dev/ICES/object_detection_opencv_cpp/data/cassini/issna/saturn_rings/images/co-iss-n1549036357.png,true,position_only
co-iss-n1549036379,cassini,issna,saturn_rings,CLEAR,0.22,2007-02-01T15:19:59.107,Saturn Rings,https://opus.pds-rings.seti.org/holdings/previews/COISS_2xxx/COISS_2029/data/1549035576_1549036973/N1549036379_1_full.png,0866904929729ae7ea06f369de1ccc8c2dfb36a29764e99d71cadf4861e9242b,/Users/upadhyay/dev/ICES/object_detection_opencv_cpp/data/cassini/issna/saturn_rings/images/co-iss-n1549036379.png,true,position_only
co-iss-n1549036390,cassini,issna,saturn_rings,CLEAR,0.22,2007-02-01T15:20:10.107,Saturn Rings,https://opus.pds-rings.seti.org/holdings/previews/COISS_2xxx/COISS_2029/data/1549035576_1549036973/N1549036390_1_full.png,c31373811112acd39d681ab32ebbc142f0922211d85f23edc5188d5c34269552,/Users/upadhyay/dev/ICES/object_detection_opencv_cpp/data/cassini/issna/saturn_rings/images/co-iss-n1549036390.png,true,position_only
co-iss-n1549036401,cassini,issna,saturn_rings,CLEAR,0.22,2007-02-01T15:20:21.107,Saturn Rings,https://opus.pds-rings.seti.org/holdings/previews/COISS_2xxx/COISS_2029/data/1549035576_1549036973/N1549036401_1_full.png,40a2739222f49cc1368bc33b4507d9ef59b9a0aaa9553e1d09b97030d0e00b5d,/Users/upadhyay/dev/ICES/object_detection_opencv_cpp/data/cassini/issna/saturn_rings/images/co-iss-n1549036401.png,true,position_only
co-iss-n1549036423,cassini,issna,saturn_rings,CLEAR,0.22,2007-02-01T15:20:43.107,Saturn Rings,https://opus.pds-rings.seti.org/holdings/previews/COISS_2xxx/COISS_2029/data/1549035576_1549036973/N1549036423_1_full.png,95c26a8f49b47d96e385d9adec6e2ee94d9a57760b519abb8f6a66c0a501eabf,/Users/upadhyay/dev/ICES/object_detection_opencv_cpp/data/cassini/issna/saturn_rings/images/co-iss-n1549036423.png,true,position_only
co-iss-n1455057181,cassini,issna,titan,CLEAR,0.26,2004-02-09T22:10:06.076,Titan,https://opus.pds-rings.seti.org/holdings/previews/COISS_2xxx/COISS_2001/data/1455008823_1455194311/N1455057181_2_full.png,08c9e14adf2ea3d93730edbce24af4c5df9c311b9e7b1a565e5fde99db96d52d,/Users/upadhyay/dev/ICES/object_detection_opencv_cpp/data/cassini/issna/titan/images/co-iss-n1455057181.png,true,position_only
co-iss-n1456492750,cassini,issna,titan,CLEAR,0.26,2004-02-26T12:56:05.710,Titan,https://opus.pds-rings.seti.org/holdings/previews/COISS_2xxx/COISS_2001/data/1456316742_1457169367/N1456492750_2_full.png,0afeee696868e909a7c92fb40a17e39576eae31b80b356124de652dedc4aa80c,/Users/upadhyay/dev/ICES/object_detection_opencv_cpp/data/cassini/issna/titan/images/co-iss-n1456492750.png,true,position_only
co-iss-n1458349042,cassini,issna,titan,CLEAR,0.26,2004-03-19T00:34:05.600,Titan,https://opus.pds-rings.seti.org/holdings/previews/COISS_2xxx/COISS_2001/data/1458209304_1458461116/N1458349042_4_full.png,5db9ae328904a9791470f0fa7353152d01a4050362defdf68de636cb541975e0,/Users/upadhyay/dev/ICES/object_detection_opencv_cpp/data/cassini/issna/titan/images/co-iss-n1458349042.png,true,position_only
co-iss-n1459587062,cassini,issna,titan,CB3,38,2004-04-02T08:26:59.815,Titan,https://opus.pds-rings.seti.org/holdings/previews/COISS_2xxx/COISS_2001/data/1459568642_1459652144/N1459587062_1_full.png,73045a9311361f2c11d5582937cfb50bfbe2067702c4f16816da710113d3b48c,/Users/upadhyay/dev/ICES/object_detection_opencv_cpp/data/cassini/issna/titan/images/co-iss-n1459587062.png,true,position_only
co-iss-n1459930076,cassini,issna,titan,CB3,38,2004-04-06T07:43:51.581,Titan,https://opus.pds-rings.seti.org/holdings/previews/COISS_2xxx/COISS_2001/data/1459921583_1460008828/N1459930076_1_full.png,7177f84f41977e9471dbf31710c9a52de016767ba3fd337410a801ad942cfe6b,/Users/upadhyay/dev/ICES/object_detection_opencv_cpp/data/cassini/issna/titan/images/co-iss-n1459930076.png,true,position_only
co-iss-n1460158506,cassini,issna,titan,CB3,38,2004-04-08T23:11:00.093,Titan,https://opus.pds-rings.seti.org/holdings/previews/COISS_2xxx/COISS_2001/data/1460153901_1460278237/N1460158506_1_full.png,2ccd189a197ce6f85405cbeae7f64d3002b59eed67a9e7b8405a0464f06b652c,/Users/upadhyay/dev/ICES/object_detection_opencv_cpp/data/cassini/issna/titan/images/co-iss-n1460158506.png,true,position_only
co-iss-n1460280695,cassini,issna,titan,CLEAR,0.26,2004-04-10T09:08:06.053,Titan,https://opus.pds-rings.seti.org/holdings/previews/COISS_2xxx/COISS_2001/data/1460279735_1460416413/N1460280695_2_full.png,9e114d1608bf3ddbe3ce9532bf4ff24f5519d658495380ef6ad0ae4baf1074d8,/Users/upadhyay/dev/ICES/object_detection_opencv_cpp/data/cassini/issna/titan/images/co-iss-n1460280695.png,true,position_only
co-iss-n1460617773,cassini,issna,titan,UV3,46,2004-04-14T06:45:16.114,Titan,https://opus.pds-rings.seti.org/holdings/previews/COISS_2xxx/COISS_2001/data/1460517409_1460638364/N1460617773_1_full.png,7828f2d7d74f7893ec91f04ffc897de88f3bcbfd7d7afb6ac28a896b0a9fd85c,/Users/upadhyay/dev/ICES/object_detection_opencv_cpp/data/cassini/issna/titan/images/co-iss-n1460617773.png,true,position_only
co-iss-n1547341520,cassini,issna,titan,UV3,26,2007-01-13T00:32:05.040,Titan,https://opus.pds-rings.seti.org/holdings/previews/COISS_2xxx/COISS_2028/data/1547340176_1547396654/N1547341520_1_full.png,e7f3e114fb7e621e6096d765c8122ff91575e6be20c7dae9462e6880a0303429,/Users/upadhyay/dev/ICES/object_detection_opencv_cpp/data/cassini/issna/titan/images/co-iss-n1547341520.png,true,position_only
co-iss-n1547345961,cassini,issna,titan,UV3,26,2007-01-13T01:46:06.012,Titan,https://opus.pds-rings.seti.org/holdings/previews/COISS_2xxx/COISS_2028/data/1547340176_1547396654/N1547345961_2_full.png,d995f036cc4f53749d4eee8bfdf6083192f0f22c38da9654810a364e25a4f8b8,/Users/upadhyay/dev/ICES/object_detection_opencv_cpp/data/cassini/issna/titan/images/co-iss-n1547345961.png,true,position_only
co-iss-n1547346930,cassini,issna,titan,UV3,26,2007-01-13T02:02:15.006,Titan,https://opus.pds-rings.seti.org/holdings/previews/COISS_2xxx/COISS_2028/data/1547340176_1547396654/N1547346930_2_full.png,49622ac9ce5482302a5cc9fa175b439afe9192632defdef126d39e8b4036bd90,/Users/upadhyay/dev/ICES/object_detection_opencv_cpp/data/cassini/issna/titan/images/co-iss-n1547346930.png,true,position_only
co-iss-n1547347338,cassini,issna,titan,UV3,26,2007-01-13T02:09:03.003,Titan,https://opus.pds-rings.seti.org/holdings/previews/COISS_2xxx/COISS_2028/data/1547340176_1547396654/N1547347338_2_full.png,77b98ab1049184d5506876e4a62e207e75060ec4590652e51d423c11cc4fe4c5,/Users/upadhyay/dev/ICES/object_detection_opencv_cpp/data/cassini/issna/titan/images/co-iss-n1547347338.png,true,position_only
co-iss-n1547347797,cassini,issna,titan,UV3,26,2007-01-13T02:16:42.000,Titan,https://opus.pds-rings.seti.org/holdings/previews/COISS_2xxx/COISS_2028/data/1547340176_1547396654/N1547347797_2_full.png,f2821ae9214b70904fb14971fb0f1c6dbe4553121305d6d5c059d12b04f51ee3,/Users/upadhyay/dev/ICES/object_detection_opencv_cpp/data/cassini/issna/titan/images/co-iss-n1547347797.png,true,position_only
co-iss-n1547348431,cassini,issna,titan,UV3,26,2007-01-13T02:27:15.996,Titan,https://opus.pds-rings.seti.org/holdings/previews/COISS_2xxx/COISS_2028/data/1547340176_1547396654/N1547348431_2_full.png,a404f17932f42f0b9039a80ef1f0678f0e39684c16f112fa681dadd0cd97cfbb,/Users/upadhyay/dev/ICES/object_detection_opencv_cpp/data/cassini/issna/titan/images/co-iss-n1547348431.png,true,position_only
co-iss-n1547389534,cassini,issna,titan,CB3,180,2007-01-13T13:49:44.751,Titan,https://opus.pds-rings.seti.org/holdings/previews/COISS_2xxx/COISS_2028/data/1547340176_1547396654/N1547389534_1_full.png,271cf3056feb6e903311e44a880247dfeb514d4a9c22493e514b5bd1986c699d,/Users/upadhyay/dev/ICES/object_detection_opencv_cpp/data/cassini/issna/titan/images/co-iss-n1547389534.png,true,position_only
co-iss-w1547390644,cassini,issna,titan,CB3,22,2007-01-13T14:10:52.744,Titan,https://opus.pds-rings.seti.org/holdings/previews/COISS_2xxx/COISS_2028/data/1547340176_1547396654/W1547390644_1_full.png,13375bf8aebc8fee766e4ff16bdc34a92b22b4060aa2d4f4022c6cf1d04974a7,/Users/upadhyay/dev/ICES/object_detection_opencv_cpp/data/cassini/issna/titan/images/co-iss-w1547390644.png,true,position_only
co-iss-w1547391755,cassini,issna,titan,CB3,22,2007-01-13T14:29:23.737,Titan,https://opus.pds-rings.seti.org/holdings/previews/COISS_2xxx/COISS_2028/data/1547340176_1547396654/W1547391755_1_full.png,91b1a2b5890ea4eb542fe7d7060294b20358c71aa6ce62393cd22005402d4164,/Users/upadhyay/dev/ICES/object_detection_opencv_cpp/data/cassini/issna/titan/images/co-iss-w1547391755.png,true,position_only
co-iss-w1547392865,cassini,issna,titan,CB3,22,2007-01-13T14:47:53.730,Titan,https://opus.pds-rings.seti.org/holdings/previews/COISS_2xxx/COISS_2028/data/1547340176_1547396654/W1547392865_1_full.png,58917a788bcb45796decdfb9698f7623d18534cf930829570f9175787f504fff,/Users/upadhyay/dev/ICES/object_detection_opencv_cpp/data/cassini/issna/titan/images/co-iss-w1547392865.png,true,position_only
co-iss-n1547393984,cassini,issna,titan,MT1,32,2007-01-13T15:06:22.726,Titan,https://opus.pds-rings.seti.org/holdings/previews/COISS_2xxx/COISS_2028/data/1547340176_1547396654/N1547393984_1_full.png,b473d43509d77a3cf07598204baa74f72169f985a180f9a21b7f2318e662ee1e,/Users/upadhyay/dev/ICES/object_detection_opencv_cpp/data/cassini/issna/titan/images/co-iss-n1547393984.png,true,position_only
co-iss-n1547395110,cassini,issna,titan,MT1,38,2007-01-13T15:25:02.719,Titan,https://opus.pds-rings.seti.org/holdings/previews/COISS_2xxx/COISS_2028/data/1547340176_1547396654/N1547395110_1_full.png,fbe7ad20560058793736691ca44ee19cbd76761dafd33c8aba048aa789b828e4,/Users/upadhyay/dev/ICES/object_detection_opencv_cpp/data/cassini/issna/titan/images/co-iss-n1547395110.png,true,position_only
co-iss-w1641982098,cassini,issna,titan,RED,0.03,2010-01-12T09:24:35.316,Titan,https://opus.pds-rings.seti.org/holdings/previews/COISS_2xxx/COISS_2060/data/1641842917_1642001856/W1641982098_1_full.png,5551e5dd10885dbea97467ce6403e9bf8626cf7b93c360bcc1941c0f5d36681a,/Users/upadhyay/dev/ICES/object_detection_opencv_cpp/data/cassini/issna/titan/images/co-iss-w1641982098.png,true,position_only
co-iss-w1642001676,cassini,issna,titan,GRN,0.035,2010-01-12T14:50:53.148,Titan,https://opus.pds-rings.seti.org/holdings/previews/COISS_2xxx/COISS_2060/data/1641842917_1642001856/W1642001676_1_full.png,0dd48e68fc21e11e9fb5af9b01240fbe9c97c4615d546594b581c079da65d9fc,/Users/upadhyay/dev/ICES/object_detection_opencv_cpp/data/cassini/issna/titan/images/co-iss-w1642001676.png,true,position_only
co-iss-w1642002068,cassini,issna,titan,CB3,18,2010-01-12T14:57:07.192,Titan,https://opus.pds-rings.seti.org/holdings/previews/COISS_2xxx/COISS_2060/data/1642001912_1642160082/W1642002068_1_full.png,bc8b7073efbad5a63ab09d1a2f5a09b56a39a2d5c5a715a9597106b08ac78e41,/Users/upadhyay/dev/ICES/object_detection_opencv_cpp/data/cassini/issna/titan/images/co-iss-w1642002068.png,true,position_only
co-iss-w1642004799,cassini,issna,titan,IR1+IR2,0.56,2010-01-12T15:42:55.608,Titan,https://opus.pds-rings.seti.org/holdings/previews/COISS_2xxx/COISS_2060/data/1642001912_1642160082/W1642004799_1_full.png,b1f2aaf6766ea22c0bbb40c02404e92a4221bf9a7e7d4cc711bab968ce8114b9,/Users/upadhyay/dev/ICES/object_detection_opencv_cpp/data/cassini/issna/titan/images/co-iss-w1642004799.png,true,position_only
co-iss-w1642007643,cassini,issna,titan,MT2,1.2,2010-01-12T16:30:18.948,Titan,https://opus.pds-rings.seti.org/holdings/previews/COISS_2xxx/COISS_2060/data/1642001912_1642160082/W1642007643_1_full.png,93148a3c04ad26ed9c40ca758289ba7156cfb64d44d3075084b66130ca0d2102,/Users/upadhyay/dev/ICES/object_detection_opencv_cpp/data/cassini/issna/titan/images/co-iss-w1642007643.png,true,position_only
co-iss-w1642010439,cassini,issna,titan,GRN,0.04,2010-01-12T17:16:56.080,Titan,https://opus.pds-rings.seti.org/holdings/previews/COISS_2xxx/COISS_2060/data/1642001912_1642160082/W1642010439_1_full.png,183979062780957c2dc36075ea3b51489daad9144b2f208f7d8f4d34fe6cad1e,/Users/upadhyay/dev/ICES/object_detection_opencv_cpp/data/cassini/issna/titan/images/co-iss-w1642010439.png,true,position_only
co-iss-w1642010831,cassini,issna,titan,CB3,18,2010-01-12T17:23:10.129,Titan,https://opus.pds-rings.seti.org/holdings/previews/COISS_2xxx/COISS_2060/data/1642001912_1642160082/W1642010831_1_full.png,1c040f9b135002a8194ab0947a98a3d280da29ef89bf6c88a6cf8139e7ca0b6f,/Users/upadhyay/dev/ICES/object_detection_opencv_cpp/data/cassini/issna/titan/images/co-iss-w1642010831.png,true,position_only
co-iss-n1642021166,cassini,issna,titan,CLEAR,0.025,2010-01-12T20:15:43.011,Titan,https://opus.pds-rings.seti.org/holdings/previews/COISS_2xxx/COISS_2060/data/1642001912_1642160082/N1642021166_1_full.png,30c64cb6ecdc2b1227b5ce53601a00a4940b31f8210a11a8d0e32a695f209d02,/Users/upadhyay/dev/ICES/object_detection_opencv_cpp/data/cassini/issna/titan/images/co-iss-n1642021166.png,true,position_only
co-iss-n1642043616,cassini,issna,titan,CLEAR,0.18,2010-01-13T02:29:52.695,Titan,https://opus.pds-rings.seti.org/holdings/previews/COISS_2xxx/COISS_2060/data/1642001912_1642160082/N1642043616_1_full.png,0cc9d0c26c1b693182b96646fb50764b71dcb4954e38e39db42ec9a9c239d98f,/Users/upadhyay/dev/ICES/object_detection_opencv_cpp/data/cassini/issna/titan/images/co-iss-n1642043616.png,true,position_only
co-iss-w1642050143,cassini,issna,titan,CLEAR,0.005,2010-01-13T04:18:39.824,Titan,https://opus.pds-rings.seti.org/holdings/previews/COISS_2xxx/COISS_2060/data/1642001912_1642160082/W1642050143_1_full.png,3e85876f934d4886573ced5af7c3b28092509468bdc372a2f1e2024798917d66,/Users/upadhyay/dev/ICES/object_detection_opencv_cpp/data/cassini/issna/titan/images/co-iss-w1642050143.png,true,position_only
co-iss-n1642064814,cassini,issna,titan,CB3,68,2010-01-13T08:22:02.740,Titan,https://opus.pds-rings.seti.org/holdings/previews/COISS_2xxx/COISS_2060/data/1642001912_1642160082/N1642064814_1_full.png,f07cc1ee4aafe9a496926df5f4bceef44da711127825a2faccfc5219e017d786,/Users/upadhyay/dev/ICES/object_detection_opencv_cpp/data/cassini/issna/titan/images/co-iss-n1642064814.png,true,position_only
co-iss-n1642066024,cassini,issna,titan,CB2,12,2010-01-13T08:43:08.750,Titan,https://opus.pds-rings.seti.org/holdings/previews/COISS_2xxx/COISS_2060/data/1642001912_1642160082/N1642066024_1_full.png,d80e7cc0cf96e9aac1b744a528a336b70dcd7f2561316891f21f8690a53fcccd,/Users/upadhyay/dev/ICES/object_detection_opencv_cpp/data/cassini/issna/titan/images/co-iss-n1642066024.png,true,position_only
co-iss-w1760461315,cassini,issna,titan,CB3,26,2013-10-14T16:04:53.612,Titan,https://opus.pds-rings.seti.org/holdings/previews/COISS_2xxx/COISS_2086/data/1760272897_1760532147/W1760461315_1_full.png,108329ec7414c04929e979f78027ce56ff0a0c5ba7056cd3dd24910633d294f0,/Users/upadhyay/dev/ICES/object_detection_opencv_cpp/data/cassini/issna/titan/images/co-iss-w1760461315.png,true,position_only
co-iss-w1760465051,cassini,issna,titan,BL1,0.68,2013-10-14T17:07:34.924,Titan,https://opus.pds-rings.seti.org/holdings/previews/COISS_2xxx/COISS_2086/data/1760272897_1760532147/W1760465051_1_full.png,7bcab65be58f2ea51e3f387e66d1b9d3019016789cbd803db689e4614a3a4900,/Users/upadhyay/dev/ICES/object_detection_opencv_cpp/data/cassini/issna/titan/images/co-iss-w1760465051.png,true,position_only
co-iss-n1760526987,cassini,issna,titan,CB3,38,2013-10-15T10:19:13.211,Titan,https://opus.pds-rings.seti.org/holdings/previews/COISS_2xxx/COISS_2086/data/1760272897_1760532147/N1760526987_1_full.png,70b1204b17b1c32251b82b370600cf9721ab3ad53d7f6183314cc56aaf606871,/Users/upadhyay/dev/ICES/object_detection_opencv_cpp/data/cassini/issna/titan/images/co-iss-n1760526987.png,true,position_only
co-iss-n1760528547,cassini,issna,titan,CB3,38,2013-10-15T10:45:13.201,Titan,https://opus.pds-rings.seti.org/holdings/previews/COISS_2xxx/COISS_2086/data/1760272897_1760532147/N1760528547_1_full.png,d7a347e90e219d16b0b415652fe906d3374dcfa4c5f222e13729754d244e9c83,/Users/upadhyay/dev/ICES/object_detection_opencv_cpp/data/cassini/issna/titan/images/co-iss-n1760528547.png,true,position_only
co-iss-n1760529207,cassini,issna,titan,CB2,5.6,2013-10-15T10:56:45.616,Titan,https://opus.pds-rings.seti.org/holdings/previews/COISS_2xxx/COISS_2086/data/1760272897_1760532147/N1760529207_1_full.png,5bbe506e55d51caa14a666a3bab5a06fb339cea6d8d1ef16cfcd8bff7c96dfeb,/Users/upadhyay/dev/ICES/object_detection_opencv_cpp/data/cassini/issna/titan/images/co-iss-n1760529207.png,true,position_only
co-iss-n1760536191,cassini,issna,titan,MT1,26,2013-10-15T12:52:49.156,Titan,https://opus.pds-rings.seti.org/holdings/previews/COISS_2xxx/COISS_2086/data/1760532257_1760810138/N1760536191_1_full.png,7ad40b8f6aaea4477e1b154ff4f2a80538a9efab0a2c450c85549ef0ae8f1fae,/Users/upadhyay/dev/ICES/object_detection_opencv_cpp/data/cassini/issna/titan/images/co-iss-n1760536191.png,true,position_only
co-iss-n1760537751,cassini,issna,titan,MT1,26,2013-10-15T13:18:49.146,Titan,https://opus.pds-rings.seti.org/holdings/previews/COISS_2xxx/COISS_2086/data/1760532257_1760810138/N1760537751_1_full.png,52e69612455722404c8c278fd9bde6d40403a8241e6364a4f8c7e5f1e6877305,/Users/upadhyay/dev/ICES/object_detection_opencv_cpp/data/cassini/issna/titan/images/co-iss-n1760537751.png,true,position_only
co-iss-n1760545061,cassini,issna,titan,UV3,46,2013-10-15T15:20:19.092,Titan,https://opus.pds-rings.seti.org/holdings/previews/COISS_2xxx/COISS_2086/data/1760532257_1760810138/N1760545061_1_full.png,b97ebf3b7c93b0d8333959acfa108726b12840961cf2b9b40746d782845b0b4e,/Users/upadhyay/dev/ICES/object_detection_opencv_cpp/data/cassini/issna/titan/images/co-iss-n1760545061.png,true,position_only
co-iss-n1760551371,cassini,issna,titan,MT1,26,2013-10-15T17:05:49.060,Titan,https://opus.pds-rings.seti.org/holdings/previews/COISS_2xxx/COISS_2086/data/1760532257_1760810138/N1760551371_1_full.png,accc7b3833f935b06234d6fa021808d3b406524d3d54c5426a0152b9985dbc07,/Users/upadhyay/dev/ICES/object_detection_opencv_cpp/data/cassini/issna/titan/images/co-iss-n1760551371.png,true,position_only
co-iss-n1760555751,cassini,issna,titan,MT1,26,2013-10-15T18:18:49.020,Titan,https://opus.pds-rings.seti.org/holdings/previews/COISS_2xxx/COISS_2086/data/1760532257_1760810138/N1760555751_1_full.png,3dc0b64fd2cc382648e7dc64fbf8634eeb7dcc64391efd03232210c637362868,/Users/upadhyay/dev/ICES/object_detection_opencv_cpp/data/cassini/issna/titan/images/co-iss-n1760555751.png,true,position_only
co-iss-n1760564787,cassini,issna,titan,CB3,38,2013-10-15T20:49:12.971,Titan,https://opus.pds-rings.seti.org/holdings/previews/COISS_2xxx/COISS_2086/data/1760532257_1760810138/N1760564787_1_full.png,ac8b8a797ca6c9c66c158bd681f49f288837d64d5bbd82328e291c43a41a2d37,/Users/upadhyay/dev/ICES/object_detection_opencv_cpp/data/cassini/issna/titan/images/co-iss-n1760564787.png,true,position_only
co-iss-n1760566347,cassini,issna,titan,CB3,38,2013-10-15T21:15:12.961,Titan,https://opus.pds-rings.seti.org/holdings/previews/COISS_2xxx/COISS_2086/data/1760532257_1760810138/N1760566347_1_full.png,b9c88eef4f9ef090ce2f92348c7541f3b5656a84eac109380b724517b1acc263,/Users/upadhyay/dev/ICES/object_detection_opencv_cpp/data/cassini/issna/titan/images/co-iss-n1760566347.png,true,position_only
co-iss-n1547341464,cassini,issna,titan,UV3,26,2007-01-13T00:31:09.040,Titan,https://opus.pds-rings.seti.org/holdings/previews/COISS_2xxx/COISS_2028/data/1547340176_1547396654/N1547341464_1_full.png,cfd509d76d74a34308ae3e8f3a260352344fa9412034b0a1e2d48d9fa05bbfd2,/Users/upadhyay/dev/ICES/object_detection_opencv_cpp/data/cassini/issna/titan/images/co-iss-n1547341464.png,true,position_only
co-iss-n1547341576,cassini,issna,titan,UV3,26,2007-01-13T00:33:01.040,Titan,https://opus.pds-rings.seti.org/holdings/previews/COISS_2xxx/COISS_2028/data/1547340176_1547396654/N1547341576_1_full.png,c00d0a0686930afb3ef6143271732117aa96cfe232f630f866895d0d885ace90,/Users/upadhyay/dev/ICES/object_detection_opencv_cpp/data/cassini/issna/titan/images/co-iss-n1547341576.png,true,position_only
co-iss-n1547341632,cassini,issna,titan,UV3,26,2007-01-13T00:33:57.039,Titan,https://opus.pds-rings.seti.org/holdings/previews/COISS_2xxx/COISS_2028/data/1547340176_1547396654/N1547341632_1_full.png,ad17c860120560ab4f5413e309138cdf4093f4747b506e82bb1cae963b12dbd6,/Users/upadhyay/dev/ICES/object_detection_opencv_cpp/data/cassini/issna/titan/images/co-iss-n1547341632.png,true,position_only
co-iss-n1547341688,cassini,issna,titan,UV3,26,2007-01-13T00:34:53.039,Titan,https://opus.pds-rings.seti.org/holdings/previews/COISS_2xxx/COISS_2028/data/1547340176_1547396654/N1547341688_1_full.png,004440f4f51d42786901cec624095951f6ed038c788d591dcf3d8630c01f94ef,/Users/upadhyay/dev/ICES/object_detection_opencv_cpp/data/cassini/issna/titan/images/co-iss-n1547341688.png,true,position_only
co-iss-n1547341744,cassini,issna,titan,UV3,26,2007-01-13T00:35:49.039,Titan,https://opus.pds-rings.seti.org/holdings/previews/COISS_2xxx/COISS_2028/data/1547340176_1547396654/N1547341744_1_full.png,5630eebb51855503f1892dc813a51f8a7b78a8fc387c5e83f500e6858e295a77,/Users/upadhyay/dev/ICES/object_detection_opencv_cpp/data/cassini/issna/titan/images/co-iss-n1547341744.png,true,position_only
co-iss-n1547341806,cassini,issna,titan,UV3,26,2007-01-13T00:36:51.038,Titan,https://opus.pds-rings.seti.org/holdings/previews/COISS_2xxx/COISS_2028/data/1547340176_1547396654/N1547341806_1_full.png,0c406e76f84174df6280a784de41f47a66ded1f7eed41e3e568992d0b18b15dc,/Users/upadhyay/dev/ICES/object_detection_opencv_cpp/data/cassini/issna/titan/images/co-iss-n1547341806.png,true,position_only
co-iss-w1547341806,cassini,issna,titan,CLEAR,0.005,2007-01-13T00:37:17.033,Titan,https://opus.pds-rings.seti.org/holdings/previews/COISS_2xxx/COISS_2028/data/1547340176_1547396654/W1547341806_1_full.png,1effdb89a94ab07dfc0cd107cb92ff41458d147357f57b5900e38daaf2677e7a,/Users/upadhyay/dev/ICES/object_detection_opencv_cpp/data/cassini/issna/titan/images/co-iss-w1547341806.png,true,position_only
co-iss-n1349081927,cassini,issna,jupiter,CB1,0.32,2000-10-01T08:48:03.150,Jupiter,https://opus.pds-rings.seti.org/holdings/previews/COISS_1xxx/COISS_1001/data/1349081639_1349177551/N1349081927_2_full.png,6a1df57e06a1f3cc48059d0dde14b28effebf0d7bca00f1aecb2da53fcb49ef2,/Users/upadhyay/dev/ICES/object_detection_opencv_cpp/data/cassini/issna/jupiter/images/co-iss-n1349081927.png,true,true
co-iss-n1349093745,cassini,issna,jupiter,MT2,1.5,2000-10-01T12:04:59.903,Jupiter,https://opus.pds-rings.seti.org/holdings/previews/COISS_1xxx/COISS_1001/data/1349081639_1349177551/N1349093745_2_full.png,c1c6b84236a71b49e72f3f7aab92ad0bbc91c7c9614348ea30232a98f4e24c50,/Users/upadhyay/dev/ICES/object_detection_opencv_cpp/data/cassini/issna/jupiter/images/co-iss-n1349093745.png,true,true
co-iss-w1349105639,cassini,issna,jupiter,VIO,0.26,2000-10-01T15:23:15.043,Jupiter,https://opus.pds-rings.seti.org/holdings/previews/COISS_1xxx/COISS_1001/data/1349081639_1349177551/W1349105639_2_full.png,e85dc053bb6df80510eafdd6c43de6ac292aceaf9931f9719a64012d2ea3933a,/Users/upadhyay/dev/ICES/object_detection_opencv_cpp/data/cassini/issna/jupiter/images/co-iss-w1349105639.png,true,true
co-iss-n1349111790,cassini,issna,jupiter,CB2,0.82,2000-10-01T17:05:45.460,Jupiter,https://opus.pds-rings.seti.org/holdings/previews/COISS_1xxx/COISS_1001/data/1349081639_1349177551/N1349111790_2_full.png,858bd4d709e8bb1dcdd484b92fb378f452085263dcb11ec6efe182a4a6455373,/Users/upadhyay/dev/ICES/object_detection_opencv_cpp/data/cassini/issna/jupiter/images/co-iss-n1349111790.png,true,true
co-iss-w1349159441,cassini,issna,jupiter,RED,0.005,2000-10-02T06:19:56.928,Jupiter,https://opus.pds-rings.seti.org/holdings/previews/COISS_1xxx/COISS_1001/data/1349081639_1349177551/W1349159441_2_full.png,c0839be9d89ede7b7582d20ddeb0aea84e82f3b1ce42e8112d1005a4fbad6fd1,/Users/upadhyay/dev/ICES/object_detection_opencv_cpp/data/cassini/issna/jupiter/images/co-iss-w1349159441.png,true,true
co-iss-w1353462113,cassini,issna,jupiter,GRN,0.005,2000-11-21T01:30:39.233,Jupiter,https://opus.pds-rings.seti.org/holdings/previews/COISS_1xxx/COISS_1002/data/1353413989_1353467995/W1353462113_1_full.png,f6b1f0a222f606919927517cca6445277dcd854a6b43c2e9dec6e5406e7c7cbb,/Users/upadhyay/dev/ICES/object_detection_opencv_cpp/data/cassini/issna/jupiter/images/co-iss-w1353462113.png,true,true
co-iss-w1353462641,cassini,issna,jupiter,CB3,1.2,2000-11-21T01:39:26.043,Jupiter,https://opus.pds-rings.seti.org/holdings/previews/COISS_1xxx/COISS_1002/data/1353413989_1353467995/W1353462641_1_full.png,339d794a44a8b4a6c62bb3393110170122d964eca5147815774057e3db181fb4,/Users/upadhyay/dev/ICES/object_detection_opencv_cpp/data/cassini/issna/jupiter/images/co-iss-w1353462641.png,true,true
co-iss-w1353465466,cassini,issna,jupiter,CB2,0.1,2000-11-21T02:26:32.107,Jupiter,https://opus.pds-rings.seti.org/holdings/previews/COISS_1xxx/COISS_1002/data/1353413989_1353467995/W1353465466_1_full.png,2e56cafcb40a3561aeff07750e4c06f30a1a54ad929f8769a9ed28b2e861ae98,/Users/upadhyay/dev/ICES/object_detection_opencv_cpp/data/cassini/issna/jupiter/images/co-iss-w1353465466.png,true,true
co-iss-w1353467995,cassini,issna,jupiter,GRN,0.005,2000-11-21T03:08:41.193,Jupiter,https://opus.pds-rings.seti.org/holdings/previews/COISS_1xxx/COISS_1002/data/1353413989_1353467995/W1353467995_1_full.png,3d5f35e0af4226da1499fc03889f6a1aaff63bcbc07b15ebb4d9d90849390000,/Users/upadhyay/dev/ICES/object_detection_opencv_cpp/data/cassini/issna/jupiter/images/co-iss-w1353467995.png,true,true
co-iss-n1353468523,cassini,issna,jupiter,MT3,1.5,2000-11-21T03:17:27.702,Jupiter,https://opus.pds-rings.seti.org/holdings/previews/COISS_1xxx/COISS_1002/data/1353468049_1353485806/N1353468523_1_full.png,73ff096f855a016febb106fbe8c0b5e10c203465b1860436f509ee90008ddd08,/Users/upadhyay/dev/ICES/object_detection_opencv_cpp/data/cassini/issna/jupiter/images/co-iss-n1353468523.png,true,true
co-iss-w1353471348,cassini,issna,jupiter,CB2,0.1,2000-11-21T04:04:34.067,Jupiter,https://opus.pds-rings.seti.org/holdings/previews/COISS_1xxx/COISS_1002/data/1353468049_1353485806/W1353471348_1_full.png,0e33fc7d2d2b8b7463437d7db109746ab4e57dd7760cb911719882ffdb6d0889,/Users/upadhyay/dev/ICES/object_detection_opencv_cpp/data/cassini/issna/jupiter/images/co-iss-w1353471348.png,true,true
co-iss-n1353473877,cassini,issna,jupiter,MT2,1.5,2000-11-21T04:46:41.657,Jupiter,https://opus.pds-rings.seti.org/holdings/previews/COISS_1xxx/COISS_1002/data/1353468049_1353485806/N1353473877_1_full.png,98dc2197708d8dd60023045882487a635cad1c16c698ac3c70c3fa26861199be,/Users/upadhyay/dev/ICES/object_detection_opencv_cpp/data/cassini/issna/jupiter/images/co-iss-n1353473877.png,true,true
co-iss-n1353474405,cassini,issna,jupiter,MT3,1.5,2000-11-21T04:55:29.661,Jupiter,https://opus.pds-rings.seti.org/holdings/previews/COISS_1xxx/COISS_1002/data/1353468049_1353485806/N1353474405_1_full.png,67436ebb0b00bcddce5181dcfcae35b0f47556667120a0668093b434a7fa0797,/Users/upadhyay/dev/ICES/object_detection_opencv_cpp/data/cassini/issna/jupiter/images/co-iss-n1353474405.png,true,true
co-iss-w1354994505,cassini,issna,jupiter,CB3,1.2,2000-12-08T19:10:19.434,Jupiter,https://opus.pds-rings.seti.org/holdings/previews/COISS_1xxx/COISS_1004/data/1354994397_1355048619/W1354994505_1_full.png,f723696deb7635f44f77dcf541f391f6276884d8c214b9205b0fbd624c932d88,/Users/upadhyay/dev/ICES/object_detection_opencv_cpp/data/cassini/issna/jupiter/images/co-iss-w1354994505.png,true,true
co-iss-w1354999405,cassini,issna,jupiter,VIO,0.38,2000-12-08T20:32:00.205,Jupiter,https://opus.pds-rings.seti.org/holdings/previews/COISS_1xxx/COISS_1004/data/1354994397_1355048619/W1354999405_1_full.png,028367f9005c3d5d4e3c3a5448c090e6d7bb852a757017bb052cf6039bee3765,/Users/upadhyay/dev/ICES/object_detection_opencv_cpp/data/cassini/issna/jupiter/images/co-iss-w1354999405.png,true,true
co-iss-w1354999873,cassini,issna,jupiter,GRN,0.005,2000-12-08T20:39:48.584,Jupiter,https://opus.pds-rings.seti.org/holdings/previews/COISS_1xxx/COISS_1004/data/1354994397_1355048619/W1354999873_1_full.png,c145db8cd88ec722ebfdf421007933a22efaeca5b3cc2213c833a778e2402e7e,/Users/upadhyay/dev/ICES/object_detection_opencv_cpp/data/cassini/issna/jupiter/images/co-iss-w1354999873.png,true,true
co-iss-w1355000387,cassini,issna,jupiter,CB3,1.2,2000-12-08T20:48:21.394,Jupiter,https://opus.pds-rings.seti.org/holdings/previews/COISS_1xxx/COISS_1004/data/1354994397_1355048619/W1355000387_1_full.png,07d40380f3a2b960e9665e0406f2fe1e51bf3700b0a49cf5236774d600a51086,/Users/upadhyay/dev/ICES/object_detection_opencv_cpp/data/cassini/issna/jupiter/images/co-iss-w1355000387.png,true,true
co-iss-w1355041755,cassini,issna,jupiter,VIO,0.38,2000-12-09T08:17:49.912,Jupiter,https://opus.pds-rings.seti.org/holdings/previews/COISS_1xxx/COISS_1004/data/1354994397_1355048619/W1355041755_1_full.png,f55df0ee6204e5be5181af3a5019da91139b6bcafbfa49d4cc422bbaa0b5351d,/Users/upadhyay/dev/ICES/object_detection_opencv_cpp/data/cassini/issna/jupiter/images/co-iss-w1355041755.png,true,true
co-iss-n1355042277,cassini,issna,jupiter,CB2,1,2000-12-09T08:26:31.300,Jupiter,https://opus.pds-rings.seti.org/holdings/previews/COISS_1xxx/COISS_1004/data/1354994397_1355048619/N1355042277_1_full.png,ce03ccf24f19b71fbb864a7dc9d51501db679d69080138d22805b22fcaebc9bb,/Users/upadhyay/dev/ICES/object_detection_opencv_cpp/data/cassini/issna/jupiter/images/co-iss-n1355042277.png,true,true
co-iss-w1355042737,cassini,issna,jupiter,CB3,1.2,2000-12-09T08:34:11.100,Jupiter,https://opus.pds-rings.seti.org/holdings/previews/COISS_1xxx/COISS_1004/data/1354994397_1355048619/W1355042737_1_full.png,7cbf02ece5dbb6ec6ae8e860bb8a3f666c96e3828a4826504e701bf6d0a26614,/Users/upadhyay/dev/ICES/object_detection_opencv_cpp/data/cassini/issna/jupiter/images/co-iss-w1355042737.png,true,true
co-iss-n1358722643,cassini,issna,jupiter,RED,12,2001-01-20T22:45:20.813,Jupiter,https://opus.pds-rings.seti.org/holdings/previews/COISS_1xxx/COISS_1005/data/1358720582_1358802956/N1358722643_2_full.png,ec855ab56b70a385ba8487067e4d4294a42c7a92f32a178d028cf5a0fc498434,/Users/upadhyay/dev/ICES/object_detection_opencv_cpp/data/cassini/issna/jupiter/images/co-iss-n1358722643.png,true,true
co-iss-w1358723222,cassini,issna,jupiter,MT3,10,2001-01-20T22:55:01.844,Jupiter,https://opus.pds-rings.seti.org/holdings/previews/COISS_1xxx/COISS_1005/data/1358720582_1358802956/W1358723222_2_full.png,18c07dd3115cf8912757610643aaf2eaf31320c05c2f8a681356565b99822b83,/Users/upadhyay/dev/ICES/object_detection_opencv_cpp/data/cassini/issna/jupiter/images/co-iss-w1358723222.png,true,true
co-iss-w1358725324,cassini,issna,jupiter,CB2+IRP90,0.15,2001-01-20T23:30:13.641,Jupiter,https://opus.pds-rings.seti.org/holdings/previews/COISS_1xxx/COISS_1005/data/1358720582_1358802956/W1358725324_1_full.png,7ec68147305e7bcf00f6d249ba26d15d9c7a59290848bbdb437b839ec7808b4d,/Users/upadhyay/dev/ICES/object_detection_opencv_cpp/data/cassini/issna/jupiter/images/co-iss-w1358725324.png,true,true
co-iss-n1358783540,cassini,issna,jupiter,CLEAR,3.2,2001-01-21T15:40:26.234,Jupiter,https://opus.pds-rings.seti.org/holdings/previews/COISS_1xxx/COISS_1005/data/1358720582_1358802956/N1358783540_2_full.png,9ae40cb3551a765ba0060bddebd82b1e52addc8676e3ef2c7ea8073822aa986f,/Users/upadhyay/dev/ICES/object_detection_opencv_cpp/data/cassini/issna/jupiter/images/co-iss-n1358783540.png,true,true
co-iss-n1358788120,cassini,issna,jupiter,HAL,100,2001-01-21T16:55:09.375,Jupiter,https://opus.pds-rings.seti.org/holdings/previews/COISS_1xxx/COISS_1005/data/1358720582_1358802956/N1358788120_1_full.png,f6ef80c6e673d2a42017ea85546b28e2226ed305986144664ca31a603daa6437,/Users/upadhyay/dev/ICES/object_detection_opencv_cpp/data/cassini/issna/jupiter/images/co-iss-n1358788120.png,true,true
co-iss-n1358788943,cassini,issna,jupiter,BL1,38,2001-01-21T17:09:54.370,Jupiter,https://opus.pds-rings.seti.org/holdings/previews/COISS_1xxx/COISS_1005/data/1358720582_1358802956/N1358788943_2_full.png,d8a686e4d8274fbb5731e125b273fa14d17a38b2b5918fa4ad58813340c3df35,/Users/upadhyay/dev/ICES/object_detection_opencv_cpp/data/cassini/issna/jupiter/images/co-iss-n1358788943.png,true,true
co-iss-n1358793415,cassini,issna,jupiter,HAL,38,2001-01-21T18:24:26.311,Jupiter,https://opus.pds-rings.seti.org/holdings/previews/COISS_1xxx/COISS_1005/data/1358720582_1358802956/N1358793415_1_full.png,80e54508b372dbf763b1d48060b1d06bd037accefacb40685f561ce93908cdb1,/Users/upadhyay/dev/ICES/object_detection_opencv_cpp/data/cassini/issna/jupiter/images/co-iss-n1358793415.png,true,true
co-iss-n1349087639,cassini,issna,jupiter,UV1,3.8,2000-10-01T10:23:11.630,Jupiter,https://opus.pds-rings.seti.org/holdings/previews/COISS_1xxx/COISS_1001/data/1349081639_1349177551/N1349087639_2_full.png,cdf408a45d4a7e5d309f5f54d7d2cf8049da7971fdc9c22c7c38480af66f935c,/Users/upadhyay/dev/ICES/object_detection_opencv_cpp/data/cassini/issna/jupiter/images/co-iss-n1349087639.png,true,true
co-iss-n1349087680,cassini,issna,jupiter,MT3,3.2,2000-10-01T10:23:53.237,Jupiter,https://opus.pds-rings.seti.org/holdings/previews/COISS_1xxx/COISS_1001/data/1349081639_1349177551/N1349087680_2_full.png,3fe7099b12634cfd577413506b3482b3ba9d36b40673224dbe90d48e78cb1ae9,/Users/upadhyay/dev/ICES/object_detection_opencv_cpp/data/cassini/issna/jupiter/images/co-iss-n1349087680.png,true,true
co-iss-w1349087680,cassini,issna,jupiter,RED,0.005,2000-10-01T10:23:56.432,Jupiter,https://opus.pds-rings.seti.org/holdings/previews/COISS_1xxx/COISS_1001/data/1349081639_1349177551/W1349087680_2_full.png,95de74b7773052ee6902662b271e70ca9c0b1aaf4e228bee637dfef6b0577540,/Users/upadhyay/dev/ICES/object_detection_opencv_cpp/data/cassini/issna/jupiter/images/co-iss-w1349087680.png,true,true
co-iss-n1349087709,cassini,issna,jupiter,CB3,1.2,2000-10-01T10:24:24.241,Jupiter,https://opus.pds-rings.seti.org/holdings/previews/COISS_1xxx/COISS_1001/data/1349081639_1349177551/N1349087709_2_full.png,200d122838629e1ad0d39442d6e29a0c4fb173b5e6a3857e754f06de721f7cbb,/Users/upadhyay/dev/ICES/object_detection_opencv_cpp/data/cassini/issna/jupiter/images/co-iss-n1349087709.png,true,true
co-iss-n1455054841,cassini,issna,enceladus,CLEAR,0.06,2004-02-09T21:31:06.291,Enceladus,https://opus.pds-rings.seti.org/holdings/previews/COISS_2xxx/COISS_2001/data/1455008823_1455194311/N1455054841_2_full.png,d4050d61d45aa5013b4ed2a2d1d7e039e94b42e98e7153dc10a8d59d56183157,/Users/upadhyay/dev/ICES/object_detection_opencv_cpp/data/cassini/issna/enceladus/images/co-iss-n1455054841.png,true,position_only
co-iss-n1465482433,cassini,issna,enceladus,CLEAR,0.68,2004-06-09T14:03:09.754,Enceladus,https://opus.pds-rings.seti.org/holdings/previews/COISS_2xxx/COISS_2003/data/1465467423_1465563002/N1465482433_1_full.png,b0eea0a5c535a78fd45f0951ec95a1963e90f3e2eb34a6e991f6c107e31d5608,/Users/upadhyay/dev/ICES/object_detection_opencv_cpp/data/cassini/issna/enceladus/images/co-iss-n1465482433.png,true,position_only
co-iss-n1471299467,cassini,issna,enceladus,CLEAR,0.06,2004-08-15T21:53:06.488,Enceladus,https://opus.pds-rings.seti.org/holdings/previews/COISS_2xxx/COISS_2005/data/1471245433_1471371284/N1471299467_2_full.png,22b51d937ce38a520bb78584b8431075dc4996c5e668adccc8ebad01e7e3b152,/Users/upadhyay/dev/ICES/object_detection_opencv_cpp/data/cassini/issna/enceladus/images/co-iss-n1471299467.png,true,position_only
co-iss-n1593186505,cassini,issna,enceladus,BL1,0.68,2008-06-26T15:10:28.560,Enceladus,https://opus.pds-rings.seti.org/holdings/previews/COISS_2xxx/COISS_2046/data/1593176932_1593403719/N1593186505_1_full.png,eb57b4b96e819b47710f4cb14a82d3953c0aacc0b7fc5df58be9f6645b2af8b6,/Users/upadhyay/dev/ICES/object_detection_opencv_cpp/data/cassini/issna/enceladus/images/co-iss-n1593186505.png,true,position_only
co-iss-n1594102938,cassini,issna,enceladus,GRN,0.22,2008-07-07T05:44:15.536,Enceladus,https://opus.pds-rings.seti.org/holdings/previews/COISS_2xxx/COISS_2047/data/1593951842_1594201346/N1594102938_1_full.png,42ff90c6527ebcde718409ad0ad2cd8cb2d6d6c4c91585c0c6274933ff1f6bdd,/Users/upadhyay/dev/ICES/object_detection_opencv_cpp/data/cassini/issna/enceladus/images/co-iss-n1594102938.png,true,position_only
co-iss-n1594707352,cassini,issna,enceladus,CLEAR,0.07,2008-07-14T05:37:45.397,Enceladus,https://opus.pds-rings.seti.org/holdings/previews/COISS_2xxx/COISS_2047/data/1594201799_1594708835/N1594707352_1_full.png,5fa6d98aa6ca58cb689c199e9f919069ae9193b0c2e79408905791e0729364fc,/Users/upadhyay/dev/ICES/object_detection_opencv_cpp/data/cassini/issna/enceladus/images/co-iss-n1594707352.png,true,position_only
co-iss-n1596725429,cassini,issna,enceladus,CLEAR,0.04,2008-08-06T14:12:08.238,Enceladus,https://opus.pds-rings.seti.org/holdings/previews/COISS_2xxx/COISS_2047/data/1596701542_1596772236/N1596725429_1_full.png,d1021872009232c1a90c8b796339c84fe5ef0811a69790bb4a2c88a99761df0d,/Users/upadhyay/dev/ICES/object_detection_opencv_cpp/data/cassini/issna/enceladus/images/co-iss-n1596725429.png,true,position_only
co-iss-n1671592071,cassini,issna,enceladus,IR1,0.18,2010-12-21T02:20:39.754,Enceladus,https://opus.pds-rings.seti.org/holdings/previews/COISS_2xxx/COISS_2066/data/1671559594_1671592272/N1671592071_1_full.png,b647cd2fdf9b94568a1fc3b15019c3aa333f28892ed1ebafdc83daa43869f905,/Users/upadhyay/dev/ICES/object_detection_opencv_cpp/data/cassini/issna/enceladus/images/co-iss-n1671592071.png,true,position_only
co-iss-w1671596186,cassini,issna,enceladus,CLEAR,0.01,2010-12-21T03:29:14.913,Enceladus,https://opus.pds-rings.seti.org/holdings/previews/COISS_2xxx/COISS_2066/data/1671592381_1671691359/W1671596186_1_full.png,8728a5128d00e660e8e678cc065cf492245c6d55185349a8f53c2bbe5903a961,/Users/upadhyay/dev/ICES/object_detection_opencv_cpp/data/cassini/issna/enceladus/images/co-iss-w1671596186.png,true,position_only
co-iss-n1675101278,cassini,issna,enceladus,IR1,4.6,2011-01-30T17:07:00.197,Enceladus,https://opus.pds-rings.seti.org/holdings/previews/COISS_2xxx/COISS_2067/data/1674442682_1675101564/N1675101278_1_full.png,83cce4356bf4c4f2ca371ff8e17c04f5f440130662c76c31ed11ff4efefdcb88,/Users/upadhyay/dev/ICES/object_detection_opencv_cpp/data/cassini/issna/enceladus/images/co-iss-n1675101278.png,true,position_only
co-iss-n1675110466,cassini,issna,enceladus,IR1,5.6,2011-01-30T19:40:07.139,Enceladus,https://opus.pds-rings.seti.org/holdings/previews/COISS_2xxx/COISS_2067/data/1675101626_1675163412/N1675110466_1_full.png,c958202c702619ffef48b4be2d2424fb193fd2f876d0403b228d3aa9e72c1244,/Users/upadhyay/dev/ICES/object_detection_opencv_cpp/data/cassini/issna/enceladus/images/co-iss-n1675110466.png,true,position_only
co-iss-n1824727811,cassini,issna,enceladus,UV2,12,2015-10-28T11:46:33.618,Enceladus,https://opus.pds-rings.seti.org/holdings/previews/COISS_2xxx/COISS_2100/data/1824725635_1824802948/N1824727811_1_full.png,254b27a33d86040fdbfd0c354d3f4f885e3383a5064d7a1db9f5198d79f45493,/Users/upadhyay/dev/ICES/object_detection_opencv_cpp/data/cassini/issna/enceladus/images/co-iss-n1824727811.png,true,position_only
co-iss-n1824733621,cassini,issna,enceladus,GRN,0.26,2015-10-28T13:23:35.317,Enceladus,https://opus.pds-rings.seti.org/holdings/previews/COISS_2xxx/COISS_2100/data/1824725635_1824802948/N1824733621_1_full.png,7cc5c618cb30cd42e138963ff89c871f8d7fbbb8cbd69b13d7a7cefeaa42e68a,/Users/upadhyay/dev/ICES/object_detection_opencv_cpp/data/cassini/issna/enceladus/images/co-iss-n1824733621.png,true,position_only
co-iss-n1824759743,cassini,issna,enceladus,CLEAR,15,2015-10-28T20:38:42.403,Enceladus,https://opus.pds-rings.seti.org/holdings/previews/COISS_2xxx/COISS_2100/data/1824725635_1824802948/N1824759743_1_full.png,c4756d4795f8a9424d61ad2c67fcb02e8c3b4def3d878458b1b1d7de3340d94a,/Users/upadhyay/dev/ICES/object_detection_opencv_cpp/data/cassini/issna/enceladus/images/co-iss-n1824759743.png,true,position_only
co-iss-n1466514395,cassini,issna,enceladus,GRN+P120,0.68,2004-06-21T12:42:25.049,Enceladus,https://opus.pds-rings.seti.org/holdings/previews/COISS_2xxx/COISS_2004/data/1466513382_1466584970/N1466514395_1_full.png,9e2cc32c15f1e93d7564b010db23fceda1a386078184063cb1437c25f3529c4d,/Users/upadhyay/dev/ICES/object_detection_opencv_cpp/data/cassini/issna/enceladus/images/co-iss-n1466514395.png,true,position_only
co-iss-n1466514440,cassini,issna,enceladus,IR1,0.22,2004-06-21T12:43:10.516,Enceladus,https://opus.pds-rings.seti.org/holdings/previews/COISS_2xxx/COISS_2004/data/1466513382_1466584970/N1466514440_1_full.png,84ed495446166a73459a00970f0eeb5b56fe702a758e9f1748881ca1a97c3264,/Users/upadhyay/dev/ICES/object_detection_opencv_cpp/data/cassini/issna/enceladus/images/co-iss-n1466514440.png,true,position_only
co-iss-n1466514459,cassini,issna,enceladus,IR3,1.5,2004-06-21T12:43:28.236,Enceladus,https://opus.pds-rings.seti.org/holdings/previews/COISS_2xxx/COISS_2004/data/1466513382_1466584970/N1466514459_1_full.png,aacf9d5183f09462d0e2eb1b11578aa711b6ec8ab1cadb4f23ab587189a610ba,/Users/upadhyay/dev/ICES/object_detection_opencv_cpp/data/cassini/issna/enceladus/images/co-iss-n1466514459.png,true,position_only
co-iss-n1455055621,cassini,issna,iapetus,CLEAR,0.12,2004-02-09T21:44:06.226,Iapetus,https://opus.pds-rings.seti.org/holdings/previews/COISS_2xxx/COISS_2001/data/1455008823_1455194311/N1455055621_2_full.png,e89e27048bfdbc29096227fcea938d08f701ba948a8a22ccca123856b1d3047d,/Users/upadhyay/dev/ICES/object_detection_opencv_cpp/data/cassini/issna/iapetus/images/co-iss-n1455055621.png,true,position_only
co-iss-n1466586783,cassini,issna,iapetus,GRN+P60,3.2,2004-06-22T08:48:50.077,Iapetus,https://opus.pds-rings.seti.org/holdings/previews/COISS_2xxx/COISS_2004/data/1466584989_1467427246/N1466586783_1_full.png,83ebbf266178341779ac27c7cf83a21dcbfe072ebf84e1e81f5771776276d6d9,/Users/upadhyay/dev/ICES/object_detection_opencv_cpp/data/cassini/issna/iapetus/images/co-iss-n1466586783.png,true,position_only
co-iss-n1510685277,cassini,issna,iapetus,GRN,2.6,2005-11-14T18:19:00.150,Iapetus,https://opus.pds-rings.seti.org/holdings/previews/COISS_2xxx/COISS_2017/data/1510426040_1510686830/N1510685277_1_full.png,91eebb661eec1fa6db7520ad491a8af9dfb113f897f00989c65a4cad6ffc6985,/Users/upadhyay/dev/ICES/object_detection_opencv_cpp/data/cassini/issna/iapetus/images/co-iss-n1510685277.png,true,position_only
co-iss-n1510771241,cassini,issna,iapetus,IR1,2,2005-11-15T18:11:44.221,Iapetus,https://opus.pds-rings.seti.org/holdings/previews/COISS_2xxx/COISS_2017/data/1510686862_1511234858/N1510771241_1_full.png,73b0ca2a37796d01b9b3ad9db55ab81098e205df6b4e07c967b86902d98e2cdd,/Users/upadhyay/dev/ICES/object_detection_opencv_cpp/data/cassini/issna/iapetus/images/co-iss-n1510771241.png,true,position_only
co-iss-n1510941864,cassini,issna,iapetus,GRN+P0,12,2005-11-17T17:35:16.127,Iapetus,https://opus.pds-rings.seti.org/holdings/previews/COISS_2xxx/COISS_2017/data/1510686862_1511234858/N1510941864_6_full.png,40ea4cc39e8f224df74c088dfb10a391153e851f2b10eaf0a773f76251f52992,/Users/upadhyay/dev/ICES/object_detection_opencv_cpp/data/cassini/issna/iapetus/images/co-iss-n1510941864.png,true,position_only
co-iss-n1568124906,cassini,issna,iapetus,IR1,0.68,2007-09-10T13:40:04.773,Iapetus,https://opus.pds-rings.seti.org/holdings/previews/COISS_2xxx/COISS_2036/data/1568121386_1568131430/N1568124906_2_full.png,7aef26ec469cb6f58e4ebcf37c66ae23b671947aece86157de707857575616cb,/Users/upadhyay/dev/ICES/object_detection_opencv_cpp/data/cassini/issna/iapetus/images/co-iss-n1568124906.png,true,position_only
co-iss-w1568127025,cassini,issna,iapetus,CLEAR,0.05,2007-09-10T14:15:24.377,Iapetus,https://opus.pds-rings.seti.org/holdings/previews/COISS_2xxx/COISS_2036/data/1568121386_1568131430/W1568127025_2_full.png,7474f9a0520c609a0f882837a7343d3d7ff5fc60407dd73820f0bba56958859f,/Users/upadhyay/dev/ICES/object_detection_opencv_cpp/data/cassini/issna/iapetus/images/co-iss-w1568127025.png,true,position_only
co-iss-n1686251944,cassini,issna,iapetus,CLEAR,46,2011-06-08T18:29:34.297,Iapetus,https://opus.pds-rings.seti.org/holdings/previews/COISS_2xxx/COISS_2068/data/1686245438_1686257316/N1686251944_1_full.png,c393b644b5a53db3f7fdddd401ecc37072e6b42a9aea2965e76c7ca4c1eebcc1,/Users/upadhyay/dev/ICES/object_detection_opencv_cpp/data/cassini/issna/iapetus/images/co-iss-n1686251944.png,true,position_only
co-iss-n1686257532,cassini,issna,iapetus,CLEAR,46,2011-06-08T20:02:42.277,Iapetus,https://opus.pds-rings.seti.org/holdings/previews/COISS_2xxx/COISS_2068/data/1686257388_1686267073/N1686257532_1_full.png,54199ae0fcea9cecd4bd58f76846318f757ab0ad9924d5f777563de656d7a6fa,/Users/upadhyay/dev/ICES/object_detection_opencv_cpp/data/cassini/issna/iapetus/images/co-iss-n1686257532.png,true,position_only
co-iss-n1466586249,cassini,issna,iapetus,BL1,32,2004-06-22T08:39:27.249,Iapetus,https://opus.pds-rings.seti.org/holdings/previews/COISS_2xxx/COISS_2004/data/1466584989_1467427246/N1466586249_1_full.png,2b04306575420b483c7fd4a7efd2cfed51534ba7997a1a5c10fe6ff27d4971a8,/Users/upadhyay/dev/ICES/object_detection_opencv_cpp/data/cassini/issna/iapetus/images/co-iss-n1466586249.png,true,position_only
co-iss-n1466586283,cassini,issna,iapetus,RED,6.8,2004-06-22T08:40:26.457,Iapetus,https://opus.pds-rings.seti.org/holdings/previews/COISS_2xxx/COISS_2004/data/1466584989_1467427246/N1466586283_1_full.png,77958fadde3e01f273cfad03ba85a4b1dfee3fd97b01132f01e377c325283c89,/Users/upadhyay/dev/ICES/object_detection_opencv_cpp/data/cassini/issna/iapetus/images/co-iss-n1466586283.png,true,position_only
co-iss-n1466586317,cassini,issna,iapetus,GRN,8.2,2004-06-22T08:40:59.056,Iapetus,https://opus.pds-rings.seti.org/holdings/previews/COISS_2xxx/COISS_2004/data/1466584989_1467427246/N1466586317_4_full.png,0af7e3fcaed40d0df0629547406484f0113fd69042352f3fe54f59c12b4e1516,/Users/upadhyay/dev/ICES/object_detection_opencv_cpp/data/cassini/issna/iapetus/images/co-iss-n1466586317.png,true,position_only
co-iss-n1455288842,cassini,issna,rhea,CLEAR,0.08,2004-02-12T14:31:05.744,Rhea,https://opus.pds-rings.seti.org/holdings/previews/COISS_2xxx/COISS_2001/data/1455194345_1455427331/N1455288842_2_full.png,9bc0242e4ed8c8c027f8e27d5eeec2d33bb3931124e630f6725a69e2fc1f1138,/Users/upadhyay/dev/ICES/object_detection_opencv_cpp/data/cassini/issna/rhea/images/co-iss-n1455288842.png,true,position_only
co-iss-n1466300870,cassini,issna,rhea,RED+IR1,1.2,2004-06-19T01:23:40.959,Rhea,https://opus.pds-rings.seti.org/holdings/previews/COISS_2xxx/COISS_2004/data/1466219526_1466449420/N1466300870_1_full.png,c59fcac355fe615d343b72c3332aef8828c36cbe35b2fa5ea031035c1f7a0294,/Users/upadhyay/dev/ICES/object_detection_opencv_cpp/data/cassini/issna/rhea/images/co-iss-n1466300870.png,true,position_only
co-iss-n1516237962,cassini,issna,rhea,IR3,2,2006-01-18T00:43:09.138,Rhea,https://opus.pds-rings.seti.org/holdings/previews/COISS_2xxx/COISS_2019/data/1516221901_1516298481/N1516237962_1_full.png,d843c6552bcc99cbd1eeafe5ecaec7fb9e13a9a07d7073d46742aa791aa08066,/Users/upadhyay/dev/ICES/object_detection_opencv_cpp/data/cassini/issna/rhea/images/co-iss-n1516237962.png,true,position_only
co-iss-n1516803349,cassini,issna,rhea,CLEAR,12,2006-01-24T13:46:02.646,Rhea,https://opus.pds-rings.seti.org/holdings/previews/COISS_2xxx/COISS_2019/data/1516741815_1516822275/N1516803349_1_full.png,66c6aaa999b171f804f07cf0ff374ef022b705a18de024ace26c909166cea31b,/Users/upadhyay/dev/ICES/object_detection_opencv_cpp/data/cassini/issna/rhea/images/co-iss-n1516803349.png,true,position_only
co-iss-n1572408219,cassini,issna,rhea,CLEAR,0.07,2007-10-30T03:28:09.857,Rhea,https://opus.pds-rings.seti.org/holdings/previews/COISS_2xxx/COISS_2038/data/1572371593_1572556520/N1572408219_1_full.png,ee5e971d3e5a2123c78fe8c4a07bec4a2377d2660a6408091047af0a9c841a92,/Users/upadhyay/dev/ICES/object_detection_opencv_cpp/data/cassini/issna/rhea/images/co-iss-n1572408219.png,true,position_only
co-iss-n1573894156,cassini,issna,rhea,CLEAR,0.18,2007-11-16T08:13:36.209,Rhea,https://opus.pds-rings.seti.org/holdings/previews/COISS_2xxx/COISS_2039/data/1573708615_1573971689/N1573894156_1_full.png,fde5d6406c17e16830010a37e8e89f23dc7fa0099330d57ce531e2f992744d26,/Users/upadhyay/dev/ICES/object_detection_opencv_cpp/data/cassini/issna/rhea/images/co-iss-n1573894156.png,true,position_only
co-iss-n1665993711,cassini,issna,rhea,UV3,2.6,2010-10-17T07:15:13.978,Rhea,https://opus.pds-rings.seti.org/holdings/previews/COISS_2xxx/COISS_2066/data/1665976460_1665995826/N1665993711_1_full.png,a03ec37c053e901c94d57e36a12f71b6a1148ebd0471148965295625fadb7c52,/Users/upadhyay/dev/ICES/object_detection_opencv_cpp/data/cassini/issna/rhea/images/co-iss-n1665993711.png,true,position_only
co-iss-n1665995826,cassini,issna,rhea,IR1,0.18,2010-10-17T07:50:31.383,Rhea,https://opus.pds-rings.seti.org/holdings/previews/COISS_2xxx/COISS_2066/data/1665976460_1665995826/N1665995826_1_full.png,daa3e6e07321b18e9cc203c9b25386d97f3b15efd5e64c35ddb28c11a6a9d0a1,/Users/upadhyay/dev/ICES/object_detection_opencv_cpp/data/cassini/issna/rhea/images/co-iss-n1665995826.png,true,position_only
co-iss-n1466300126,cassini,issna,rhea,GRN+P0,1.5,2004-06-19T01:11:16.605,Rhea,https://opus.pds-rings.seti.org/holdings/previews/COISS_2xxx/COISS_2004/data/1466219526_1466449420/N1466300126_1_full.png,3055887d5fdae6dc0101d0210d53525bbadebda889752c79b4ac512977a27c76,/Users/upadhyay/dev/ICES/object_detection_opencv_cpp/data/cassini/issna/rhea/images/co-iss-n1466300126.png,true,position_only
co-iss-n1466300145,cassini,issna,rhea,GRN+P60,1.5,2004-06-19T01:11:35.609,Rhea,https://opus.pds-rings.seti.org/holdings/previews/COISS_2xxx/COISS_2004/data/1466219526_1466449420/N1466300145_1_full.png,ef88d7381750e8e90e71e3e7d34fded636bb9c3ecaa60f83ed4d5e6f583ac62a,/Users/upadhyay/dev/ICES/object_detection_opencv_cpp/data/cassini/issna/rhea/images/co-iss-n1466300145.png,true,position_only
co-iss-n1466300164,cassini,issna,rhea,GRN+P120,1.5,2004-06-19T01:11:54.608,Rhea,https://opus.pds-rings.seti.org/holdings/previews/COISS_2xxx/COISS_2004/data/1466219526_1466449420/N1466300164_1_full.png,1b1078ded193fbaf6f60c94de3dd70a929fc67d665a608c0df0312ca181a80d9,/Users/upadhyay/dev/ICES/object_detection_opencv_cpp/data/cassini/issna/rhea/images/co-iss-n1466300164.png,true,position_only
co-iss-n1455932046,cassini,issna,dione,CLEAR,0.08,2004-02-20T01:11:05.548,Dione,https://opus.pds-rings.seti.org/holdings/previews/COISS_2xxx/COISS_2001/data/1455855935_1456049320/N1455932046_1_full.png,f7bbed86a71e55eddd08da85d56f446e6e34e2ac945f1076661011696f76ba75,/Users/upadhyay/dev/ICES/object_detection_opencv_cpp/data/cassini/issna/dione/images/co-iss-n1455932046.png,true,position_only
co-iss-n1466506617,cassini,issna,dione,GRN,0.38,2004-06-21T10:32:47.376,Dione,https://opus.pds-rings.seti.org/holdings/previews/COISS_2xxx/COISS_2004/data/1466500780_1466513342/N1466506617_1_full.png,330d088aa423d89a68b961893c6100582d76f971ab11c411ae7c3865d2cf5020,/Users/upadhyay/dev/ICES/object_detection_opencv_cpp/data/cassini/issna/dione/images/co-iss-n1466506617.png,true,position_only
co-iss-n1514129046,cassini,issna,dione,UV3,26,2005-12-24T14:54:23.653,Dione,https://opus.pds-rings.seti.org/holdings/previews/COISS_2xxx/COISS_2017/data/1514080471_1514218017/N1514129046_1_full.png,597d9a5e54fa5d26f36dbc50ba8e786edec1dc4d4a24452d7b352acd29a7e0dc,/Users/upadhyay/dev/ICES/object_detection_opencv_cpp/data/cassini/issna/dione/images/co-iss-n1514129046.png,true,position_only
co-iss-n1519182468,cassini,issna,dione,UV3+P0,12,2006-02-21T02:37:46.496,Dione,https://opus.pds-rings.seti.org/holdings/previews/COISS_2xxx/COISS_2020/data/1518987866_1519196417/N1519182468_1_full.png,56d2598e1c7f0333941f23fe3e2b38be0527112606c85eacf88bbbf4f68ad343,/Users/upadhyay/dev/ICES/object_detection_opencv_cpp/data/cassini/issna/dione/images/co-iss-n1519182468.png,true,position_only
co-iss-n1602524699,cassini,issna,dione,GRN+P120,0.68,2008-10-12T17:05:56.857,Dione,https://opus.pds-rings.seti.org/holdings/previews/COISS_2xxx/COISS_2049/data/1602469889_1602565392/N1602524699_1_full.png,0831204c76e22fe6d94f851e30ad1b5f085af8ea7a2c70ebecff59a39cffa699,/Users/upadhyay/dev/ICES/object_detection_opencv_cpp/data/cassini/issna/dione/images/co-iss-n1602524699.png,true,position_only
co-iss-n1611033676,cassini,issna,dione,MT2+P60,15,2009-01-19T04:40:58.137,Dione,https://opus.pds-rings.seti.org/holdings/previews/COISS_2xxx/COISS_2052/data/1611017428_1611264446/N1611033676_1_full.png,a2017a658acdb1f4ad4d2934bedda4712262249358185ee76f4c3f23262ae3a6,/Users/upadhyay/dev/ICES/object_detection_opencv_cpp/data/cassini/issna/dione/images/co-iss-n1611033676.png,true,position_only
co-iss-n1711607422,cassini,issna,dione,GRN,0.18,2012-03-28T05:38:57.592,Dione,https://opus.pds-rings.seti.org/holdings/previews/COISS_2xxx/COISS_2073/data/1711606779_1711673901/N1711607422_1_full.png,9961a4b5ee2a5a1d94db4a69c9cce49049626aca9b6a9173b51b7aa2228c51ed,/Users/upadhyay/dev/ICES/object_detection_opencv_cpp/data/cassini/issna/dione/images/co-iss-n1711607422.png,true,position_only
co-iss-n1466379589,cassini,issna,dione,BL1,1.8,2004-06-19T23:15:38.776,Dione,https://opus.pds-rings.seti.org/holdings/previews/COISS_2xxx/COISS_2004/data/1466219526_1466449420/N1466379589_1_full.png,81f2468e3f54655e1c7de7d344e31edcdc422767b103489268a66b13353cc413,/Users/upadhyay/dev/ICES/object_detection_opencv_cpp/data/cassini/issna/dione/images/co-iss-n1466379589.png,true,position_only
co-iss-n1466379608,cassini,issna,dione,RED,0.38,2004-06-19T23:15:59.203,Dione,https://opus.pds-rings.seti.org/holdings/previews/COISS_2xxx/COISS_2004/data/1466219526_1466449420/N1466379608_1_full.png,2f96d157ff2f8210378808c7e8f6ab3a66fbc63b7e047028fd46d294e1b1ec8e,/Users/upadhyay/dev/ICES/object_detection_opencv_cpp/data/cassini/issna/dione/images/co-iss-n1466379608.png,true,position_only
co-iss-n1466379627,cassini,issna,dione,GRN,0.46,2004-06-19T23:16:18.123,Dione,https://opus.pds-rings.seti.org/holdings/previews/COISS_2xxx/COISS_2004/data/1466219526_1466449420/N1466379627_1_full.png,c5c51c8d66203bb5b339974e3cdc89b7d2fedb2977c799f43772ecd7ae57dce9,/Users/upadhyay/dev/ICES/object_detection_opencv_cpp/data/cassini/issna/dione/images/co-iss-n1466379627.png,true,position_only
co-iss-n1557228947,cassini,issna,kiviuq,CLEAR,82,2007-05-07T11:00:33.442,Kiviuq,https://opus.pds-rings.seti.org/holdings/previews/COISS_2xxx/COISS_2031/data/1557164967_1557237088/N1557228947_1_full.png,c1d305034e5c95461befa13aff0b6afdfa88d5cf4a4bc54ce732598b42e83a69,/Users/upadhyay/dev/ICES/object_detection_opencv_cpp/data/cassini/issna/kiviuq/images/co-iss-n1557228947.png,true,false
co-iss-n1622691005,cassini,issna,kiviuq,CLEAR,46,2009-06-03T02:47:53.256,Kiviuq,https://opus.pds-rings.seti.org/holdings/previews/COISS_2xxx/COISS_2055/data/1622632192_1622695229/N1622691005_1_full.png,28bc20916cbfb7e6a47be7db43f6a625f6e0d20b7c90652e85892b963811e8a0,/Users/upadhyay/dev/ICES/object_detection_opencv_cpp/data/cassini/issna/kiviuq/images/co-iss-n1622691005.png,true,false
co-iss-n1665247243,cassini,issna,kiviuq,CLEAR,46,2010-10-08T15:53:28.033,Kiviuq,https://opus.pds-rings.seti.org/holdings/previews/COISS_2xxx/COISS_2066/data/1665246267_1665733602/N1665247243_1_full.png,ca27119999a536bb9bd9f97f60aa57674c1a257dc65ce675df032d1933909e63,/Users/upadhyay/dev/ICES/object_detection_opencv_cpp/data/cassini/issna/kiviuq/images/co-iss-n1665247243.png,true,false
co-iss-n1788920304,cassini,issna,kiviuq,UV3,180,2014-09-09T01:15:47.622,Kiviuq,https://opus.pds-rings.seti.org/holdings/previews/COISS_2xxx/COISS_2091/data/1788899904_1788928704/N1788920304_1_full.png,b2c01c36bd0e35c7c1af65b8ba26fbbe7936942078491b186a8fdb9aa1d38b84,/Users/upadhyay/dev/ICES/object_detection_opencv_cpp/data/cassini/issna/kiviuq/images/co-iss-n1788920304.png,true,false
co-iss-n1788933304,cassini,issna,kiviuq,CLEAR,180,2014-09-09T04:52:27.540,Kiviuq,https://opus.pds-rings.seti.org/holdings/previews/COISS_2xxx/COISS_2091/data/1788928904_1789044042/N1788933304_1_full.png,7ec3367b0d69dae603b19a7944923b7c4de111e343cd5bdc3b91242a5e0fc35b,/Users/upadhyay/dev/ICES/object_detection_opencv_cpp/data/cassini/issna/kiviuq/images/co-iss-n1788933304.png,true,false
co-iss-n1854365121,cassini,issna,kiviuq,CLEAR,220,2016-10-05T12:15:05.992,Kiviuq,https://opus.pds-rings.seti.org/holdings/previews/COISS_2xxx/COISS_2108/data/1854294263_1854379379/N1854365121_1_full.png,40b8cc77517e673a5d1fdf4d945713fa4e9eadeb45b07d00c7d71203dbba0a15,/Users/upadhyay/dev/ICES/object_detection_opencv_cpp/data/cassini/issna/kiviuq/images/co-iss-n1854365121.png,true,false
co-iss-n1561407402,cassini,issna,kiviuq,UV3,82,2007-06-24T19:41:01.976,Kiviuq,https://opus.pds-rings.seti.org/holdings/previews/COISS_2xxx/COISS_2033/data/1561368924_1561481621/N1561407402_1_full.png,580a875a6c2f65dc79a227b19cb9f488a7d046029c7e96c8a3fec6f6477b60bd,/Users/upadhyay/dev/ICES/object_detection_opencv_cpp/data/cassini/issna/kiviuq/images/co-iss-n1561407402.png,true,false
co-iss-n1561407500,cassini,issna,kiviuq,GRN,82,2007-06-24T19:42:39.975,Kiviuq,https://opus.pds-rings.seti.org/holdings/previews/COISS_2xxx/COISS_2033/data/1561368924_1561481621/N1561407500_1_full.png,29a79a2cd67d7ac4561844fad086fe2e582b022b0dfb995db4a18833f06edfb6,/Users/upadhyay/dev/ICES/object_detection_opencv_cpp/data/cassini/issna/kiviuq/images/co-iss-n1561407500.png,true,false
co-iss-n1561407598,cassini,issna,kiviuq,IR1,82,2007-06-24T19:44:17.975,Kiviuq,https://opus.pds-rings.seti.org/holdings/previews/COISS_2xxx/COISS_2033/data/1561368924_1561481621/N1561407598_1_full.png,749af4a26c9e9b12ad14a6b32cddd72e46ad28406713e1451f807e270194cc71,/Users/upadhyay/dev/ICES/object_detection_opencv_cpp/data/cassini/issna/kiviuq/images/co-iss-n1561407598.png,true,false
co-iss-n1364541321,cassini,issna,unknown,CB3,0.005,2001-03-29T07:02:50.575,Unknown,https://opus.pds-rings.seti.org/holdings/previews/COISS_1xxx/COISS_1007/data/1364406506_1364543976/N1364541321_1_full.png,9f389c9eb6941aa56d482ce70eb421b8e9d611dd3b698d175942bfd67d6e7da4,/Users/upadhyay/dev/ICES/object_detection_opencv_cpp/data/cassini/issna/unknown/images/co-iss-n1364541321.png,true,false
co-iss-n1364544535,cassini,issna,unknown,CB3,32,2001-03-29T07:55:52.628,Unknown,https://opus.pds-rings.seti.org/holdings/previews/COISS_1xxx/COISS_1007/data/1364544031_1364554280/N1364544535_2_full.png,0776dc38a80b8bbaa3f6a2eca7fa475d3529e99c69c26d1bce9d84cc3bfb10a4,/Users/upadhyay/dev/ICES/object_detection_opencv_cpp/data/cassini/issna/unknown/images/co-iss-n1364544535.png,true,false
co-iss-n1441673776,cassini,issna,unknown,MT2,0.46,2003-09-08T00:34:48.533,Unknown,https://opus.pds-rings.seti.org/holdings/previews/COISS_1xxx/COISS_1008/data/1441673496_1443834544/N1441673776_4_full.png,b6ecff3babcb7cc61b72d3199cc4e642af801b558f3dac54d0a8256d8cbe4bf0,/Users/upadhyay/dev/ICES/object_detection_opencv_cpp/data/cassini/issna/unknown/images/co-iss-n1441673776.png,true,false
co-iss-w1557611590,cassini,issna,unknown,GRN,0.025,2007-05-11T21:19:15.994,Unknown,https://opus.pds-rings.seti.org/holdings/previews/COISS_2xxx/COISS_2032/data/1557609310_1557669983/W1557611590_1_full.png,27dd3db7e80d503b2c78b6b4f12bfb431035328f0fd77bf015f1a94bd7b739ba,/Users/upadhyay/dev/ICES/object_detection_opencv_cpp/data/cassini/issna/unknown/images/co-iss-w1557611590.png,true,false
co-iss-n1560340710,cassini,issna,unknown,BL1,1.2,2007-06-12T11:24:17.530,Unknown,https://opus.pds-rings.seti.org/holdings/previews/COISS_2xxx/COISS_2032/data/1560303820_1560343297/N1560340710_1_full.png,bdbaecf38d12ef3f04685fd713fdde65bb4c5a1af52898a3a832bf8d24cd7fd3,/Users/upadhyay/dev/ICES/object_detection_opencv_cpp/data/cassini/issna/unknown/images/co-iss-n1560340710.png,true,false
co-iss-w1741938168,cassini,issna,unknown,BL1,0.01,2013-03-14T06:48:10.262,Unknown,https://opus.pds-rings.seti.org/holdings/previews/COISS_2xxx/COISS_2081/data/1741622806_1742282623/W1741938168_1_full.png,8c01735ba6b111854d0024292dfd8924f4f622a00b91366195119d3c3508f31e,/Users/upadhyay/dev/ICES/object_detection_opencv_cpp/data/cassini/issna/unknown/images/co-iss-w1741938168.png,true,false
co-iss-n1364541354,cassini,issna,unknown,CB3,0.005,2001-03-29T07:03:23.579,Unknown,https://opus.pds-rings.seti.org/holdings/previews/COISS_1xxx/COISS_1007/data/1364406506_1364543976/N1364541354_1_full.png,8e02bf02bcc0ef7a005569365619dba44489daa51ef139813e1b2163f274550c,/Users/upadhyay/dev/ICES/object_detection_opencv_cpp/data/cassini/issna/unknown/images/co-iss-n1364541354.png,true,false
co-iss-n1364541420,cassini,issna,unknown,CB3,0.005,2001-03-29T07:04:29.590,Unknown,https://opus.pds-rings.seti.org/holdings/previews/COISS_1xxx/COISS_1007/data/1364406506_1364543976/N1364541420_1_full.png,c0082e4ef681331ce557e65dbb8fc29adf5e69a5534b50881467b7d194276830,/Users/upadhyay/dev/ICES/object_detection_opencv_cpp/data/cassini/issna/unknown/images/co-iss-n1364541420.png,true,false
co-iss-n1364541453,cassini,issna,unknown,CB3,0.005,2001-03-29T07:05:02.594,Unknown,https://opus.pds-rings.seti.org/holdings/previews/COISS_1xxx/COISS_1007/data/1364406506_1364543976/N1364541453_2_full.png,f2e80284aade2085fa80cbf1d70d899e3ed933e1fff8596f333868eea9a92329,/Users/upadhyay/dev/ICES/object_detection_opencv_cpp/data/cassini/issna/unknown/images/co-iss-n1364541453.png,true,false
co-iss-n1562857879,cassini,issna,erriapus,IR2,82,2007-07-11T14:35:29.807,Erriapus,https://opus.pds-rings.seti.org/holdings/previews/COISS_2xxx/COISS_2034/data/1562845752_1563027330/N1562857879_1_full.png,47da8e8dc4bb9396d61bee040b17b2f262c46ad5fb4c8646325258f5fb9258bd,/Users/upadhyay/dev/ICES/object_detection_opencv_cpp/data/cassini/issna/erriapus/images/co-iss-n1562857879.png,true,false
co-iss-n1641298957,cassini,issna,erriapus,IR2,82,2010-01-04T11:37:37.296,Erriapus,https://opus.pds-rings.seti.org/holdings/previews/COISS_2xxx/COISS_2060/data/1641139057_1641484628/N1641298957_1_full.png,aaa862012716ebc723e6366bdf4664245b219a59db2b1c57c0712d240b10679c,/Users/upadhyay/dev/ICES/object_detection_opencv_cpp/data/cassini/issna/erriapus/images/co-iss-n1641298957.png,true,false
co-iss-n1738633056,cassini,issna,erriapus,CLEAR,460,2013-02-04T00:35:39.228,Erriapus,https://opus.pds-rings.seti.org/holdings/previews/COISS_2xxx/COISS_2080/data/1738564526_1738659576/N1738633056_1_full.png,620eec16ac04c693dcae2306e314eecd2e408080912270d8d297c60b39ecedbe,/Users/upadhyay/dev/ICES/object_detection_opencv_cpp/data/cassini/issna/erriapus/images/co-iss-n1738633056.png,true,false
co-iss-n1798187994,cassini,issna,erriapus,CLEAR,220,2014-12-25T07:35:38.617,Erriapus,https://opus.pds-rings.seti.org/holdings/previews/COISS_2xxx/COISS_2093/data/1798178634_1798212401/N1798187994_1_full.png,93acc103f8e04fdbf375ff80032c0766365e9571498ebbe7a3eb3f4f9e8a3a3a,/Users/upadhyay/dev/ICES/object_detection_opencv_cpp/data/cassini/issna/erriapus/images/co-iss-n1798187994.png,true,false
co-iss-n1850740818,cassini,issna,erriapus,IR1,220,2016-08-24T13:30:26.296,Erriapus,https://opus.pds-rings.seti.org/holdings/previews/COISS_2xxx/COISS_2106/data/1850733354_1850772851/N1850740818_1_full.png,299d27fd8cdadafe40a129e38fa5c0c30d4529911f0d897df2e160464677fb8f,/Users/upadhyay/dev/ICES/object_detection_opencv_cpp/data/cassini/issna/erriapus/images/co-iss-n1850740818.png,true,false
co-iss-n1574792929,cassini,issna,erriapus,CLEAR,82,2007-11-26T17:51:41.055,Erriapus,https://opus.pds-rings.seti.org/holdings/previews/COISS_2xxx/COISS_2039/data/1574712106_1575013798/N1574792929_1_full.png,b26fdd831d10c89f2f6def8cc09f69f9d9ad1bb47b8305d3255b3ad02c031f7c,/Users/upadhyay/dev/ICES/object_detection_opencv_cpp/data/cassini/issna/erriapus/images/co-iss-n1574792929.png,true,false
co-iss-n1574793027,cassini,issna,erriapus,CLEAR,82,2007-11-26T17:53:19.058,Erriapus,https://opus.pds-rings.seti.org/holdings/previews/COISS_2xxx/COISS_2039/data/1574712106_1575013798/N1574793027_1_full.png,a0b54f9330f934737585fdf7a1057b980e7db605a75720484f1cb8101eb77556,/Users/upadhyay/dev/ICES/object_detection_opencv_cpp/data/cassini/issna/erriapus/images/co-iss-n1574793027.png,true,false
co-iss-n1574793144,cassini,issna,erriapus,UV3,82,2007-11-26T17:55:16.065,Erriapus,https://opus.pds-rings.seti.org/holdings/previews/COISS_2xxx/COISS_2039/data/1574712106_1575013798/N1574793144_1_full.png,e8d293bef035eb314f6f010aafab059f539e357a9a225a6e85dfbb1a68f22370,/Users/upadhyay/dev/ICES/object_detection_opencv_cpp/data/cassini/issna/erriapus/images/co-iss-n1574793144.png,true,false
co-iss-n1455052501,cassini,issna,mimas,CLEAR,0.12,2004-02-09T20:52:06.246,Mimas,https://opus.pds-rings.seti.org/holdings/previews/COISS_2xxx/COISS_2001/data/1455008823_1455194311/N1455052501_6_full.png,40c99b0c8d68af3b76db7307d2b2dfd2804fa82a96528b1561078ef520c1c320,/Users/upadhyay/dev/ICES/object_detection_opencv_cpp/data/cassini/issna/mimas/images/co-iss-n1455052501.png,true,position_only
co-iss-n1472390934,cassini,issna,mimas,CLEAR,0.12,2004-08-28T13:04:06.319,Mimas,https://opus.pds-rings.seti.org/holdings/previews/COISS_2xxx/COISS_2005/data/1472272396_1472404366/N1472390934_1_full.png,2426297a31635633be013f17aef411de94493c8d39285ef4aac3d88684c06f68,/Users/upadhyay/dev/ICES/object_detection_opencv_cpp/data/cassini/issna/mimas/images/co-iss-n1472390934.png,true,position_only
co-iss-n1501649653,cassini,issna,mimas,CLEAR,0.09,2005-08-02T04:26:16.365,Mimas,https://opus.pds-rings.seti.org/holdings/previews/COISS_2xxx/COISS_2014/data/1501647166_1501724619/N1501649653_1_full.png,d7d82d48d5513c42de1164001adb187dc3f4a54594600e7deff99b2b66ea550b,/Users/upadhyay/dev/ICES/object_detection_opencv_cpp/data/cassini/issna/mimas/images/co-iss-n1501649653.png,true,position_only
co-iss-n1524812732,cassini,issna,mimas,CLEAR,0.12,2006-04-27T06:35:06.528,Mimas,https://opus.pds-rings.seti.org/holdings/previews/COISS_2xxx/COISS_2022/data/1524684963_1524911095/N1524812732_2_full.png,1a41166b126c90dd163171ed9f049d0fe9bf6df920a744df7b1ee9bdb3d99ef0,/Users/upadhyay/dev/ICES/object_detection_opencv_cpp/data/cassini/issna/mimas/images/co-iss-n1524812732.png,true,position_only
co-iss-n1610948468,cassini,issna,mimas,CLEAR,0.12,2009-01-18T05:01:05.612,Mimas,https://opus.pds-rings.seti.org/holdings/previews/COISS_2xxx/COISS_2052/data/1610900245_1611017394/N1610948468_2_full.png,5dae4ee1b518a8ca1700b36ee46e7787f969f68ec95fcf895cac01a40ef7bae8,/Users/upadhyay/dev/ICES/object_detection_opencv_cpp/data/cassini/issna/mimas/images/co-iss-n1610948468.png,true,position_only
co-iss-n1466584338,cassini,issna,mimas,BL1,3.2,2004-06-22T08:08:05.042,Mimas,https://opus.pds-rings.seti.org/holdings/previews/COISS_2xxx/COISS_2004/data/1466513382_1466584970/N1466584338_1_full.png,2b2486e1400303c0cdf792b60ea28214ea43175ee6290f8592962e2462937982,/Users/upadhyay/dev/ICES/object_detection_opencv_cpp/data/cassini/issna/mimas/images/co-iss-n1466584338.png,true,position_only
co-iss-n1466584357,cassini,issna,mimas,RED,0.68,2004-06-22T08:08:26.570,Mimas,https://opus.pds-rings.seti.org/holdings/previews/COISS_2xxx/COISS_2004/data/1466513382_1466584970/N1466584357_1_full.png,0d54183a9420689b063dc93423363a81c209de9b26d7ade2efaab2484d6b622d,/Users/upadhyay/dev/ICES/object_detection_opencv_cpp/data/cassini/issna/mimas/images/co-iss-n1466584357.png,true,position_only
co-iss-n1466584376,cassini,issna,mimas,GRN,0.82,2004-06-22T08:08:45.430,Mimas,https://opus.pds-rings.seti.org/holdings/previews/COISS_2xxx/COISS_2004/data/1466513382_1466584970/N1466584376_1_full.png,7e11cd982cc47b3ebb8574d31846d6b76512f048a8bb4c1e691430250d71dbb2,/Users/upadhyay/dev/ICES/object_detection_opencv_cpp/data/cassini/issna/mimas/images/co-iss-n1466584376.png,true,position_only
co-iss-n1455662874,cassini,issna,prometheus,CLEAR,0.68,2004-02-16T22:24:54.704,Prometheus,https://opus.pds-rings.seti.org/holdings/previews/COISS_2xxx/COISS_2001/data/1455646698_1455855902/N1455662874_1_full.png,6993c67252280394db435f2a93aa05e991b620b55ff858305912555eee8c6414,/Users/upadhyay/dev/ICES/object_detection_opencv_cpp/data/cassini/issna/prometheus/images/co-iss-n1455662874.png,true,position_only
co-iss-n1493185663,cassini,issna,prometheus,CLEAR,0.68,2005-04-26T05:20:39.884,Prometheus,https://opus.pds-rings.seti.org/holdings/previews/COISS_2xxx/COISS_2011/data/1492929505_1493200362/N1493185663_1_full.png,278d8538b1930b8ca075f4ef28a0d1f0bc837f570e660835208a44b7c686f015,/Users/upadhyay/dev/ICES/object_detection_opencv_cpp/data/cassini/issna/prometheus/images/co-iss-n1493185663.png,true,position_only
co-iss-n1555775713,cassini,issna,prometheus,CLEAR,1.2,2007-04-20T15:21:29.436,Prometheus,https://opus.pds-rings.seti.org/holdings/previews/COISS_2xxx/COISS_2031/data/1555772736_1555852457/N1555775713_1_full.png,ae6de16a4f7bc0df4b12fff6f7e09a43537fa0b45de9887554f3bf2778a83ad3,/Users/upadhyay/dev/ICES/object_detection_opencv_cpp/data/cassini/issna/prometheus/images/co-iss-n1555775713.png,true,position_only
co-iss-n1602043768,cassini,issna,prometheus,CLEAR,1,2008-10-07T03:30:28.912,Prometheus,https://opus.pds-rings.seti.org/holdings/previews/COISS_2xxx/COISS_2049/data/1602023829_1602045652/N1602043768_1_full.png,933ac790c3675f692a5d3b8d024a457db68ebd3f4f58f02a3f685d8601a81a80,/Users/upadhyay/dev/ICES/object_detection_opencv_cpp/data/cassini/issna/prometheus/images/co-iss-n1602043768.png,true,position_only
co-iss-n1619280032,cassini,issna,prometheus,CLEAR,1.2,2009-04-24T15:19:29.270,Prometheus,https://opus.pds-rings.seti.org/holdings/previews/COISS_2xxx/COISS_2054/data/1619217844_1619282463/N1619280032_1_full.png,d303174d9f30c761bc194f02d70389a04d8b76ec537d3fbe0291bc92fafb97b0,/Users/upadhyay/dev/ICES/object_detection_opencv_cpp/data/cassini/issna/prometheus/images/co-iss-n1619280032.png,true,position_only
co-iss-n1493357594,cassini,issna,prometheus,CLEAR,0.68,2005-04-28T05:06:09.767,Prometheus,https://opus.pds-rings.seti.org/holdings/previews/COISS_2xxx/COISS_2011/data/1493200888_1493367864/N1493357594_1_full.png,88eecb377b918c70d8c8f9914cb6172966980359a7b36844f3c115e54fafddc7,/Users/upadhyay/dev/ICES/object_detection_opencv_cpp/data/cassini/issna/prometheus/images/co-iss-n1493357594.png,true,position_only
co-iss-n1493358057,cassini,issna,prometheus,CLEAR,0.68,2005-04-28T05:13:52.764,Prometheus,https://opus.pds-rings.seti.org/holdings/previews/COISS_2xxx/COISS_2011/data/1493200888_1493367864/N1493358057_1_full.png,daec21357880ee2ebdc7bf16a8e949b723ac992b6d362d867e3b630e9149ae97,/Users/upadhyay/dev/ICES/object_detection_opencv_cpp/data/cassini/issna/prometheus/images/co-iss-n1493358057.png,true,position_only
co-iss-n1493358524,cassini,issna,prometheus,CLEAR,0.68,2005-04-28T05:21:39.761,Prometheus,https://opus.pds-rings.seti.org/holdings/previews/COISS_2xxx/COISS_2011/data/1493200888_1493367864/N1493358524_4_full.png,2338a452e0a4981985593e0148f0c112b3c8036d42441a6500e4ad2e1f2ad365,/Users/upadhyay/dev/ICES/object_detection_opencv_cpp/data/cassini/issna/prometheus/images/co-iss-n1493358524.png,true,position_only
co-iss-n1455659525,cassini,issna,tethys,CLEAR,0.07,2004-02-16T21:29:06.336,Tethys,https://opus.pds-rings.seti.org/holdings/previews/COISS_2xxx/COISS_2001/data/1455646698_1455855902/N1455659525_1_full.png,d6beda7eebc52ae9d5bbaf7e47d9ea6d8ab3c863fd7e5481f47583ecec8d2fae,/Users/upadhyay/dev/ICES/object_detection_opencv_cpp/data/cassini/issna/tethys/images/co-iss-n1455659525.png,true,position_only
co-iss-n1473427800,cassini,issna,tethys,CLEAR,0.07,2004-09-09T13:05:05.616,Tethys,https://opus.pds-rings.seti.org/holdings/previews/COISS_2xxx/COISS_2006/data/1473296630_1473440611/N1473427800_2_full.png,0935e14dd7d813fbcb11b909c06a4f1fbb5b2229de7af5f87aef74c77df9c9a3,/Users/upadhyay/dev/ICES/object_detection_opencv_cpp/data/cassini/issna/tethys/images/co-iss-n1473427800.png,true,position_only
co-iss-n1509601519,cassini,issna,tethys,MT2+P120,8.2,2005-11-02T05:16:23.506,Tethys,https://opus.pds-rings.seti.org/holdings/previews/COISS_2xxx/COISS_2016/data/1509561460_1509607232/N1509601519_1_full.png,c5ba793a477c3d67daa361eabf7738f6aa71a710f178d10cf94abc56faafcf30,/Users/upadhyay/dev/ICES/object_detection_opencv_cpp/data/cassini/issna/tethys/images/co-iss-n1509601519.png,true,position_only
co-iss-w1572472207,cassini,issna,tethys,GRN,0.02,2007-10-30T21:14:37.442,Tethys,https://opus.pds-rings.seti.org/holdings/previews/COISS_2xxx/COISS_2038/data/1572371593_1572556520/W1572472207_1_full.png,b7c793b20599c653a09bfb37ff25787d78cbaf1106683dc16d53c57d4534f3ba,/Users/upadhyay/dev/ICES/object_detection_opencv_cpp/data/cassini/issna/tethys/images/co-iss-w1572472207.png,true,position_only
co-iss-n1716175787,cassini,issna,tethys,CLEAR,0.07,2012-05-20T02:37:53.773,Tethys,https://opus.pds-rings.seti.org/holdings/previews/COISS_2xxx/COISS_2074/data/1715959973_1716194018/N1716175787_1_full.png,780537afdcbdedd88f814c8dafabbddd3b9b0169a1694f7b6cbf3883699a4b93,/Users/upadhyay/dev/ICES/object_detection_opencv_cpp/data/cassini/issna/tethys/images/co-iss-n1716175787.png,true,position_only
co-iss-n1466446006,cassini,issna,tethys,GRN+P60,0.82,2004-06-20T17:42:36.354,Tethys,https://opus.pds-rings.seti.org/holdings/previews/COISS_2xxx/COISS_2004/data/1466219526_1466449420/N1466446006_1_full.png,ad8aaf90bea047ae13db3c8234371d939ce749eefd9a8f9206917717ab4fe359,/Users/upadhyay/dev/ICES/object_detection_opencv_cpp/data/cassini/issna/tethys/images/co-iss-n1466446006.png,true,position_only
co-iss-n1466446059,cassini,issna,tethys,UV3,5.6,2004-06-20T17:43:24.578,Tethys,https://opus.pds-rings.seti.org/holdings/previews/COISS_2xxx/COISS_2004/data/1466219526_1466449420/N1466446059_1_full.png,684ffbc132e5c6a11d745d49266e1a572e9a12f666e2ff3af9ec12273a9d834d,/Users/upadhyay/dev/ICES/object_detection_opencv_cpp/data/cassini/issna/tethys/images/co-iss-n1466446059.png,true,position_only
co-iss-n1466446078,cassini,issna,tethys,IR1,0.26,2004-06-20T17:43:48.922,Tethys,https://opus.pds-rings.seti.org/holdings/previews/COISS_2xxx/COISS_2004/data/1466219526_1466449420/N1466446078_1_full.png,0b23498e39fcec5e9b55ea70947b26c5c38a8ef0cb35dc528cd1eb44a95e38e9,/Users/upadhyay/dev/ICES/object_detection_opencv_cpp/data/cassini/issna/tethys/images/co-iss-n1466446078.png,true,position_only
co-iss-n1577551907,cassini,issna,albiorix,CLEAR,82,2007-12-28T16:14:19.589,Albiorix,https://opus.pds-rings.seti.org/holdings/previews/COISS_2xxx/COISS_2040/data/1577451795_1577641583/N1577551907_1_full.png,21f3582fda1660fa56335a1195f101609d70de78ea3791c2ff5876aae4ba99b3,/Users/upadhyay/dev/ICES/object_detection_opencv_cpp/data/cassini/issna/albiorix/images/co-iss-n1577551907.png,true,false
co-iss-n1660335201,cassini,issna,albiorix,CLEAR,10,2010-08-12T19:27:17.223,Albiorix,https://opus.pds-rings.seti.org/holdings/previews/COISS_2xxx/COISS_2064/data/1660327339_1660395824/N1660335201_1_full.png,3c6f70ac9394dc3ccaf360884869b11e671271aebe122e26833c067d16695ea1,/Users/upadhyay/dev/ICES/object_detection_opencv_cpp/data/cassini/issna/albiorix/images/co-iss-n1660335201.png,true,false
co-iss-n1800295489,cassini,issna,albiorix,IR3,180,2015-01-18T17:01:00.204,Albiorix,https://opus.pds-rings.seti.org/holdings/previews/COISS_2xxx/COISS_2094/data/1800292121_1800330217/N1800295489_1_full.png,4b667a7da42ec8979cf3f3413dccb2a643b52b4fa9a0c17959e15d500b613918,/Users/upadhyay/dev/ICES/object_detection_opencv_cpp/data/cassini/issna/albiorix/images/co-iss-n1800295489.png,true,false
co-iss-n1842921113,cassini,issna,albiorix,CLEAR,82,2016-05-26T01:25:09.201,Albiorix,https://opus.pds-rings.seti.org/holdings/previews/COISS_2xxx/COISS_2104/data/1842573544_1842945559/N1842921113_1_full.png,225e84ca36d923581e01fefa0cda729de9fa3fc7481d7fa420985df919040ad3,/Users/upadhyay/dev/ICES/object_detection_opencv_cpp/data/cassini/issna/albiorix/images/co-iss-n1842921113.png,true,false
co-iss-n1577552005,cassini,issna,albiorix,CLEAR,82,2007-12-28T16:15:57.592,Albiorix,https://opus.pds-rings.seti.org/holdings/previews/COISS_2xxx/COISS_2040/data/1577451795_1577641583/N1577552005_1_full.png,f8f46d6e286f35a185a46ba72dbf06d8b8b8d72ef8d08138947eb9359ca47254,/Users/upadhyay/dev/ICES/object_detection_opencv_cpp/data/cassini/issna/albiorix/images/co-iss-n1577552005.png,true,false
co-iss-n1577552122,cassini,issna,albiorix,CLEAR,82,2007-12-28T16:17:54.595,Albiorix,https://opus.pds-rings.seti.org/holdings/previews/COISS_2xxx/COISS_2040/data/1577451795_1577641583/N1577552122_1_full.png,f619986c1249c0e00bcb51bb631df48414851e34f106c64be9cc4cb4a4c477ec,/Users/upadhyay/dev/ICES/object_detection_opencv_cpp/data/cassini/issna/albiorix/images/co-iss-n1577552122.png,true,false
co-iss-n1577552220,cassini,issna,albiorix,BL1,82,2007-12-28T16:19:32.595,Albiorix,https://opus.pds-rings.seti.org/holdings/previews/COISS_2xxx/COISS_2040/data/1577451795_1577641583/N1577552220_1_full.png,daf721a6df443649b4d0028a09d53a90f2519e1e08e5f6447a2b496f8d150bf2,/Users/upadhyay/dev/ICES/object_detection_opencv_cpp/data/cassini/issna/albiorix/images/co-iss-n1577552220.png,true,false
co-iss-n1455054061,cassini,issna,hyperion,CLEAR,0.18,2004-02-09T21:18:06.176,Hyperion,https://opus.pds-rings.seti.org/holdings/previews/COISS_2xxx/COISS_2001/data/1455008823_1455194311/N1455054061_2_full.png,e9447aff5959b5e5680c8bdca16578f9861fc83e0d0942f60263afc4f6c23a2f,/Users/upadhyay/dev/ICES/object_detection_opencv_cpp/data/cassini/issna/hyperion/images/co-iss-n1455054061.png,true,position_only
co-iss-n1502945305,cassini,issna,hyperion,UV3,5.6,2005-08-17T04:20:14.592,Hyperion,https://opus.pds-rings.seti.org/holdings/previews/COISS_2xxx/COISS_2014/data/1502849999_1502945305/N1502945305_1_full.png,6cc792f5203f6e9146d134d76e575240616d48670b916d83fdc356986759eca3,/Users/upadhyay/dev/ICES/object_detection_opencv_cpp/data/cassini/issna/hyperion/images/co-iss-n1502945305.png,true,position_only
co-iss-n1524610231,cassini,issna,hyperion,CLEAR,0.18,2006-04-24T22:20:06.758,Hyperion,https://opus.pds-rings.seti.org/holdings/previews/COISS_2xxx/COISS_2022/data/1524508531_1524684920/N1524610231_2_full.png,8f32f52dc6edc018c547a5fc76881fe757185c34ccab5234986db1a54a717341,/Users/upadhyay/dev/ICES/object_detection_opencv_cpp/data/cassini/issna/hyperion/images/co-iss-n1524610231.png,true,position_only
co-iss-n1669627607,cassini,issna,hyperion,UV2,15,2010-11-28T08:39:33.357,Hyperion,https://opus.pds-rings.seti.org/holdings/previews/COISS_2xxx/COISS_2066/data/1669626817_1669801210/N1669627607_1_full.png,5e99db0616c9af56657d6c89aeb3a99af7ca528f92f991d5ff264936215c7bd3,/Users/upadhyay/dev/ICES/object_detection_opencv_cpp/data/cassini/issna/hyperion/images/co-iss-n1669627607.png,true,position_only
co-iss-n1466516520,cassini,issna,hyperion,BL1,10,2004-06-21T13:17:40.699,Hyperion,https://opus.pds-rings.seti.org/holdings/previews/COISS_2xxx/COISS_2004/data/1466513382_1466584970/N1466516520_1_full.png,b3b1f6c88a540c476cccc69608974d666358c5802d5d11b792e1d469aaa1336d,/Users/upadhyay/dev/ICES/object_detection_opencv_cpp/data/cassini/issna/hyperion/images/co-iss-n1466516520.png,true,position_only
co-iss-n1466516546,cassini,issna,hyperion,RED,2.6,2004-06-21T13:18:14.103,Hyperion,https://opus.pds-rings.seti.org/holdings/previews/COISS_2xxx/COISS_2004/data/1466513382_1466584970/N1466516546_1_full.png,0ec36da89bdb1f494f0c36f9cf0278dccde1ddcd71d31d662668532869105ef6,/Users/upadhyay/dev/ICES/object_detection_opencv_cpp/data/cassini/issna/hyperion/images/co-iss-n1466516546.png,true,position_only
co-iss-n1466516652,cassini,issna,hyperion,UV3+P0,82,2004-06-21T13:18:40.710,Hyperion,https://opus.pds-rings.seti.org/holdings/previews/COISS_2xxx/COISS_2004/data/1466513382_1466584970/N1466516652_1_full.png,5136f1cc22050a2fdccdf35127047ba5e41b76006a65c9bdf7c8e6344b7bf379,/Users/upadhyay/dev/ICES/object_detection_opencv_cpp/data/cassini/issna/hyperion/images/co-iss-n1466516652.png,true,position_only
co-iss-n1557901108,cassini,issna,ijiraq,BL1,82,2007-05-15T05:43:10.186,Ijiraq,https://opus.pds-rings.seti.org/holdings/previews/COISS_2xxx/COISS_2032/data/1557847551_1557922927/N1557901108_1_full.png,8bef30fe6667aaec20ddf20f95ba327ad93e044c5cf975a852d6bb959f48a30c,/Users/upadhyay/dev/ICES/object_detection_opencv_cpp/data/cassini/issna/ijiraq/images/co-iss-n1557901108.png,true,false
co-iss-n1751276280,cassini,issna,ijiraq,UV3,460,2013-06-30T08:34:43.060,Ijiraq,https://opus.pds-rings.seti.org/holdings/previews/COISS_2xxx/COISS_2083/data/1751227384_1751283675/N1751276280_1_full.png,83951c33af6637171753572bb9bb13365414bc8b351a277e3c7efd074afc205a,/Users/upadhyay/dev/ICES/object_detection_opencv_cpp/data/cassini/issna/ijiraq/images/co-iss-n1751276280.png,true,false
co-iss-n1790559454,cassini,issna,ijiraq,IR2,180,2014-09-28T00:37:47.203,Ijiraq,https://opus.pds-rings.seti.org/holdings/previews/COISS_2xxx/COISS_2092/data/1790416807_1790560672/N1790559454_1_full.png,dc8ec9d7a1102823b04d0f7a791b72d31ba49c43e7c614d554b67d35424d48a6,/Users/upadhyay/dev/ICES/object_detection_opencv_cpp/data/cassini/issna/ijiraq/images/co-iss-n1790559454.png,true,false
co-iss-n1835430665,cassini,issna,ijiraq,IR2,220,2016-02-29T08:42:50.783,Ijiraq,https://opus.pds-rings.seti.org/holdings/previews/COISS_2xxx/COISS_2102/data/1835383394_1835455097/N1835430665_1_full.png,32f4ab6c8ec57ab7ed27a9894b64f6f6f61de2c4686df1a3767e197826921829,/Users/upadhyay/dev/ICES/object_detection_opencv_cpp/data/cassini/issna/ijiraq/images/co-iss-n1835430665.png,true,false
co-iss-n1557901206,cassini,issna,ijiraq,IR2,82,2007-05-15T05:44:48.185,Ijiraq,https://opus.pds-rings.seti.org/holdings/previews/COISS_2xxx/COISS_2032/data/1557847551_1557922927/N1557901206_1_full.png,449d540cb3e928baeb6861c4682e53a7fef5e2d5189622e6c7048b04aa2f0d73,/Users/upadhyay/dev/ICES/object_detection_opencv_cpp/data/cassini/issna/ijiraq/images/co-iss-n1557901206.png,true,false
co-iss-n1557901304,cassini,issna,ijiraq,CLEAR,82,2007-05-15T05:46:26.188,Ijiraq,https://opus.pds-rings.seti.org/holdings/previews/COISS_2xxx/COISS_2032/data/1557847551_1557922927/N1557901304_1_full.png,67555acdf39fd114e4f4fb3ced19dca8dd89535bb4aab9e058e00602e69a6361,/Users/upadhyay/dev/ICES/object_detection_opencv_cpp/data/cassini/issna/ijiraq/images/co-iss-n1557901304.png,true,false
co-iss-n1557901506,cassini,issna,ijiraq,CLEAR,82,2007-05-15T05:49:48.195,Ijiraq,https://opus.pds-rings.seti.org/holdings/previews/COISS_2xxx/COISS_2032/data/1557847551_1557922927/N1557901506_1_full.png,5b8c5b04dfbe48b0312513c76e891c5fb324242c2f9382e427f23c785a6c1c01,/Users/upadhyay/dev/ICES/object_detection_opencv_cpp/data/cassini/issna/ijiraq/images/co-iss-n1557901506.png,true,false
co-iss-n1456266613,cassini,issna,janus,CLEAR,0.68,2004-02-23T22:07:09.765,Janus,https://opus.pds-rings.seti.org/holdings/previews/COISS_2xxx/COISS_2001/data/1456049355_1456316702/N1456266613_1_full.png,15240272954306cf2abfd6df85aa8ae59110c6f20723fe840e79216284081b76,/Users/upadhyay/dev/ICES/object_detection_opencv_cpp/data/cassini/issna/janus/images/co-iss-n1456266613.png,true,position_only
co-iss-n1520118879,cassini,issna,janus,CLEAR,0.15,2006-03-03T22:44:43.358,Janus,https://opus.pds-rings.seti.org/holdings/previews/COISS_2xxx/COISS_2020/data/1520112626_1520329564/N1520118879_1_full.png,981e69186863cb8d59a21a717bbe784a414bf0d9679fc9e97c70dd497fdbd376,/Users/upadhyay/dev/ICES/object_detection_opencv_cpp/data/cassini/issna/janus/images/co-iss-n1520118879.png,true,position_only
co-iss-n1578872424,cassini,issna,janus,CLEAR,0.15,2008-01-12T23:04:09.102,Janus,https://opus.pds-rings.seti.org/holdings/previews/COISS_2xxx/COISS_2041/data/1578767033_1578891288/N1578872424_1_full.png,1d903decd33633e308d746de3c6a63e01c2777e71281f7110755bd4f3cec1a39,/Users/upadhyay/dev/ICES/object_detection_opencv_cpp/data/cassini/issna/janus/images/co-iss-n1578872424.png,true,position_only
co-iss-n1643739043,cassini,issna,janus,CLEAR,0.12,2010-02-01T17:26:47.697,Janus,https://opus.pds-rings.seti.org/holdings/previews/COISS_2xxx/COISS_2060/data/1643619446_1643798939/N1643739043_1_full.png,8629d4890e36d4d1cdbebeb643b51f111671551fc5270ae663e4853af010a821,/Users/upadhyay/dev/ICES/object_detection_opencv_cpp/data/cassini/issna/janus/images/co-iss-n1643739043.png,true,position_only
co-iss-n1488704852,cassini,issna,janus,CLEAR,0.18,2005-03-05T08:40:58.086,Janus,https://opus.pds-rings.seti.org/holdings/previews/COISS_2xxx/COISS_2010/data/1488638456_1488792254/N1488704852_1_full.png,1658b0f6ec7b0debba16c5ef9e01d6857c270e7278254a1f16b8e518f8aadb37,/Users/upadhyay/dev/ICES/object_detection_opencv_cpp/data/cassini/issna/janus/images/co-iss-n1488704852.png,true,position_only
co-iss-n1488704885,cassini,issna,janus,CLEAR,0.68,2005-03-05T08:41:30.594,Janus,https://opus.pds-rings.seti.org/holdings/previews/COISS_2xxx/COISS_2010/data/1488638456_1488792254/N1488704885_1_full.png,8255d2c5adb9cae0c560253dc9a2cee75624dba58bb9be7f010ba0cbc34a1e12,/Users/upadhyay/dev/ICES/object_detection_opencv_cpp/data/cassini/issna/janus/images/co-iss-n1488704885.png,true,position_only
co-iss-n1488704979,cassini,issna,janus,CLEAR,0.18,2005-03-05T08:43:05.085,Janus,https://opus.pds-rings.seti.org/holdings/previews/COISS_2xxx/COISS_2010/data/1488638456_1488792254/N1488704979_1_full.png,a86f67283317714a0ee70fe6da8ce5f16af42c8197cc8b330073471c292a7bd9,/Users/upadhyay/dev/ICES/object_detection_opencv_cpp/data/cassini/issna/janus/images/co-iss-n1488704979.png,true,position_only
co-iss-n1559769686,cassini,issna,paaliaq,BL1,82,2007-06-05T20:45:56.346,Paaliaq,https://opus.pds-rings.seti.org/holdings/previews/COISS_2xxx/COISS_2032/data/1559710457_1559931672/N1559769686_1_full.png,bf29e7d4562dcea7f91edf4f24eb476a0e94dbbca2ba67ebbbe1679f8b5d4a32,/Users/upadhyay/dev/ICES/object_detection_opencv_cpp/data/cassini/issna/paaliaq/images/co-iss-n1559769686.png,true,false
co-iss-n1694211770,cassini,issna,paaliaq,CLEAR,100,2011-09-08T21:31:36.021,Paaliaq,https://opus.pds-rings.seti.org/holdings/previews/COISS_2xxx/COISS_2069/data/1694194906_1694254757/N1694211770_1_full.png,801570e4c44a84d4ac9c21f7eda6571e3003ffc5abb315f48a597c0ac1ab2190,/Users/upadhyay/dev/ICES/object_detection_opencv_cpp/data/cassini/issna/paaliaq/images/co-iss-n1694211770.png,true,false
co-iss-n1806671338,cassini,issna,paaliaq,CLEAR,82,2015-04-02T12:06:06.561,Paaliaq,https://opus.pds-rings.seti.org/holdings/previews/COISS_2xxx/COISS_2096/data/1806660538_1806694828/N1806671338_1_full.png,e8cf03e5d9bfde45b3a90e33a1a9b6283b882332dd0db3a65e96b429549fed46,/Users/upadhyay/dev/ICES/object_detection_opencv_cpp/data/cassini/issna/paaliaq/images/co-iss-n1806671338.png,true,false
co-iss-n1808520400,cassini,issna,paaliaq,CLEAR,56,2015-04-23T21:44:02.779,Paaliaq,https://opus.pds-rings.seti.org/holdings/previews/COISS_2xxx/COISS_2096/data/1808513110_1808547400/N1808520400_1_full.png,6b61003c6514cb6ceee5f450af73de694729f5dec2e005501c2ae8280717a2e6,/Users/upadhyay/dev/ICES/object_detection_opencv_cpp/data/cassini/issna/paaliaq/images/co-iss-n1808520400.png,true,false
co-iss-n1559769784,cassini,issna,paaliaq,RED,82,2007-06-05T20:47:34.345,Paaliaq,https://opus.pds-rings.seti.org/holdings/previews/COISS_2xxx/COISS_2032/data/1559710457_1559931672/N1559769784_1_full.png,7829c5bb4e8c54d51bfed99bd62f9d23d1171be253a9e690d8f55b953dd18b3d,/Users/upadhyay/dev/ICES/object_detection_opencv_cpp/data/cassini/issna/paaliaq/images/co-iss-n1559769784.png,true,false
co-iss-n1559769882,cassini,issna,paaliaq,IR2,82,2007-06-05T20:49:12.345,Paaliaq,https://opus.pds-rings.seti.org/holdings/previews/COISS_2xxx/COISS_2032/data/1559710457_1559931672/N1559769882_1_full.png,9881cdbbc7ae53f10d3a29c7f64f64611f2633f7253c981a4b5c8791d673ff05,/Users/upadhyay/dev/ICES/object_detection_opencv_cpp/data/cassini/issna/paaliaq/images/co-iss-n1559769882.png,true,false
co-iss-n1559770078,cassini,issna,paaliaq,UV3,82,2007-06-05T20:52:28.344,Paaliaq,https://opus.pds-rings.seti.org/holdings/previews/COISS_2xxx/COISS_2032/data/1559710457_1559931672/N1559770078_1_full.png,62fc604ad59ac28b9c61aa5faf2fadd6ba978b0ecf2e9d38b6ea569a5da2d7c7,/Users/upadhyay/dev/ICES/object_detection_opencv_cpp/data/cassini/issna/paaliaq/images/co-iss-n1559770078.png,true,false
co-iss-n1458075339,cassini,issna,atlas,CLEAR,0.68,2004-03-15T20:32:23.965,Atlas,https://opus.pds-rings.seti.org/holdings/previews/COISS_2xxx/COISS_2001/data/1458023716_1458209270/N1458075339_4_full.png,e4af7ae5e126c06d5b3746d13f1c4c24789e83770510177daad0734cd6461756,/Users/upadhyay/dev/ICES/object_detection_opencv_cpp/data/cassini/issna/atlas/images/co-iss-n1458075339.png,true,position_only
co-iss-n1518263907,cassini,issna,atlas,CLEAR,0.15,2006-02-10T11:28:43.189,Atlas,https://opus.pds-rings.seti.org/holdings/previews/COISS_2xxx/COISS_2020/data/1518203313_1518348832/N1518263907_1_full.png,e1f641fdf97e4356b450e7567f504ec221fb26f4f8770ebce1e74bc7710991a4,/Users/upadhyay/dev/ICES/object_detection_opencv_cpp/data/cassini/issna/atlas/images/co-iss-n1518263907.png,true,position_only
co-iss-w1611719356,cassini,issna,atlas,CLEAR,0.1,2009-01-27T03:09:08.134,Atlas,https://opus.pds-rings.seti.org/holdings/previews/COISS_2xxx/COISS_2052/data/1611583976_1611761722/W1611719356_1_full.png,4b5ee5d880266e411a09c1f05658cedb2813e2ab5fe4d6b08e6dcf5fc00ee4e4,/Users/upadhyay/dev/ICES/object_detection_opencv_cpp/data/cassini/issna/atlas/images/co-iss-w1611719356.png,true,position_only
co-iss-n1496464454,cassini,issna,atlas,CLEAR,0.38,2005-06-03T04:06:50.222,Atlas,https://opus.pds-rings.seti.org/holdings/previews/COISS_2xxx/COISS_2012/data/1496372074_1496501763/N1496464454_1_full.png,24d629e5f8853dfa3de2b56dea310254c3fbf3c0e4b6e56a57c5f1af7157adb7,/Users/upadhyay/dev/ICES/object_detection_opencv_cpp/data/cassini/issna/atlas/images/co-iss-n1496464454.png,true,position_only
co-iss-n1496464780,cassini,issna,atlas,CLEAR,0.38,2005-06-03T04:12:16.220,Atlas,https://opus.pds-rings.seti.org/holdings/previews/COISS_2xxx/COISS_2012/data/1496372074_1496501763/N1496464780_1_full.png,74ca01b9deee174838a2d57ec4a4153bc7e95fac6a44631a50ff6eeb4c4b863f,/Users/upadhyay/dev/ICES/object_detection_opencv_cpp/data/cassini/issna/atlas/images/co-iss-n1496464780.png,true,position_only
co-iss-n1496465110,cassini,issna,atlas,CLEAR,0.38,2005-06-03T04:17:46.218,Atlas,https://opus.pds-rings.seti.org/holdings/previews/COISS_2xxx/COISS_2012/data/1496372074_1496501763/N1496465110_1_full.png,a7c9f124c989e17e7d16ae931c77050735c47214dba5dfc9cba47447059c69b7,/Users/upadhyay/dev/ICES/object_detection_opencv_cpp/data/cassini/issna/atlas/images/co-iss-n1496465110.png,true,position_only
co-iss-n1648533833,cassini,issna,bebhionn,GRN,180,2010-03-29T05:16:23.713,Bebhionn,https://opus.pds-rings.seti.org/holdings/previews/COISS_2xxx/COISS_2061/data/1648397760_1648581524/N1648533833_1_full.png,22c858eda87c6a2c8e650921f2dfe650c50e1b9c0cb32d923583c0d0ce8a293a,/Users/upadhyay/dev/ICES/object_detection_opencv_cpp/data/cassini/issna/bebhionn/images/co-iss-n1648533833.png,true,false
co-iss-n1808593386,cassini,issna,bebhionn,CLEAR,220,2015-04-24T17:57:44.314,Bebhionn,https://opus.pds-rings.seti.org/holdings/previews/COISS_2xxx/COISS_2096/data/1808588556_1808632716/N1808593386_1_full.png,a17fd8f2ed8f75c3afe85b67b27576ba6a5a5f43ac5909aa11b7ada5a0bc75cc,/Users/upadhyay/dev/ICES/object_detection_opencv_cpp/data/cassini/issna/bebhionn/images/co-iss-n1808593386.png,true,false
co-iss-n1873258032,cassini,issna,bebhionn,CLEAR,220,2017-05-12T04:14:54.970,Bebhionn,https://opus.pds-rings.seti.org/holdings/previews/COISS_2xxx/COISS_2112/data/1873244040_1873379644/N1873258032_1_full.png,c0237b8c6b00a2f5c06981d25f624ea83bc82d56b9ceba3609ae4d13d35f9532,/Users/upadhyay/dev/ICES/object_detection_opencv_cpp/data/cassini/issna/bebhionn/images/co-iss-n1873258032.png,true,false
co-iss-n1648534137,cassini,issna,bebhionn,IR1,180,2010-03-29T05:21:27.718,Bebhionn,https://opus.pds-rings.seti.org/holdings/previews/COISS_2xxx/COISS_2061/data/1648397760_1648581524/N1648534137_1_full.png,b2f5c3b4003d4dd1638d285c1d43ba8c45246b09dfda15918743e75a0f28d9d9,/Users/upadhyay/dev/ICES/object_detection_opencv_cpp/data/cassini/issna/bebhionn/images/co-iss-n1648534137.png,true,false
co-iss-n1648534337,cassini,issna,bebhionn,IR1,180,2010-03-29T05:24:47.717,Bebhionn,https://opus.pds-rings.seti.org/holdings/previews/COISS_2xxx/COISS_2061/data/1648397760_1648581524/N1648534337_1_full.png,acc304cb1d5bf6ca9daa46625925e789171f83206389380652ff5f4e7e257792,/Users/upadhyay/dev/ICES/object_detection_opencv_cpp/data/cassini/issna/bebhionn/images/co-iss-n1648534337.png,true,false
co-iss-n1648534441,cassini,issna,bebhionn,CLEAR,82,2010-03-29T05:28:09.724,Bebhionn,https://opus.pds-rings.seti.org/holdings/previews/COISS_2xxx/COISS_2061/data/1648397760_1648581524/N1648534441_1_full.png,e930cc09ccddb130db82ecd5c9752a0903c58b47a2b889eaec9b1c63fc86dfae,/Users/upadhyay/dev/ICES/object_detection_opencv_cpp/data/cassini/issna/bebhionn/images/co-iss-n1648534441.png,true,false
co-iss-n1558092433,cassini,issna,bestla,BL1,82,2007-05-17T10:51:53.978,Bestla,https://opus.pds-rings.seti.org/holdings/previews/COISS_2xxx/COISS_2032/data/1557923015_1558291986/N1558092433_1_full.png,4a696332e195b49568ca58c4b7067d37381c6f8f4887b78537a8137fc0657a80,/Users/upadhyay/dev/ICES/object_detection_opencv_cpp/data/cassini/issna/bestla/images/co-iss-n1558092433.png,true,false
co-iss-n1725807332,cassini,issna,bestla,IR2,460,2012-09-08T13:54:56.774,Bestla,https://opus.pds-rings.seti.org/holdings/previews/COISS_2xxx/COISS_2076/data/1725795448_1725875021/N1725807332_1_full.png,c9580201044954688a9790891e057d061d4a1d04b90625a29f3017f09019679a,/Users/upadhyay/dev/ICES/object_detection_opencv_cpp/data/cassini/issna/bestla/images/co-iss-n1725807332.png,true,false
co-iss-n1815742018,cassini,issna,bestla,CLEAR,220,2015-07-16T11:40:49.793,Bestla,https://opus.pds-rings.seti.org/holdings/previews/COISS_2xxx/COISS_2098/data/1815718786_1815752314/N1815742018_1_full.png,dc8a58cc69059b1041687f53a490bb3210b420133aa838e3ec9fabe4917bec43,/Users/upadhyay/dev/ICES/object_detection_opencv_cpp/data/cassini/issna/bestla/images/co-iss-n1815742018.png,true,false
co-iss-n1558092531,cassini,issna,bestla,RED,82,2007-05-17T10:53:31.978,Bestla,https://opus.pds-rings.seti.org/holdings/previews/COISS_2xxx/COISS_2032/data/1557923015_1558291986/N1558092531_1_full.png,47c64d124bbac9daa14308f84f7bcf215f90646972ad2fbd1e1c53b4f250f1f1,/Users/upadhyay/dev/ICES/object_detection_opencv_cpp/data/cassini/issna/bestla/images/co-iss-n1558092531.png,true,false
co-iss-n1558092629,cassini,issna,bestla,IR2,82,2007-05-17T10:55:09.977,Bestla,https://opus.pds-rings.seti.org/holdings/previews/COISS_2xxx/COISS_2032/data/1557923015_1558291986/N1558092629_1_full.png,01d40c9151d46d08a5020161ab72bfbed006847ba181a152996064f4caa2e3c5,/Users/upadhyay/dev/ICES/object_detection_opencv_cpp/data/cassini/issna/bestla/images/co-iss-n1558092629.png,true,false
co-iss-n1558092823,cassini,issna,bestla,CLEAR,180,2007-05-17T10:56:45.980,Bestla,https://opus.pds-rings.seti.org/holdings/previews/COISS_2xxx/COISS_2032/data/1557923015_1558291986/N1558092823_1_full.png,fcd9ccaed4803f326270f1a6a13827ae4e5695bf4b99d7a269124910e4d32e5e,/Users/upadhyay/dev/ICES/object_detection_opencv_cpp/data/cassini/issna/bestla/images/co-iss-n1558092823.png,true,false
co-iss-n1458670018,cassini,issna,calypso,CLEAR,0.68,2004-03-22T17:43:39.085,Calypso,https://opus.pds-rings.seti.org/holdings/previews/COISS_2xxx/COISS_2001/data/1458461156_1458734838/N1458670018_2_full.png,ad60897248a42b763b3c0d7d7caaa91babeadf0b1b62ae8ee39d57eab534eb85,/Users/upadhyay/dev/ICES/object_detection_opencv_cpp/data/cassini/issna/calypso/images/co-iss-n1458670018.png,true,position_only
co-iss-n1552346494,cassini,issna,calypso,CLEAR,0.15,2007-03-11T22:48:13.231,Calypso,https://opus.pds-rings.seti.org/holdings/previews/COISS_2xxx/COISS_2030/data/1552226008_1552432783/N1552346494_1_full.png,5c8cac9190802973cf398da0d057d968451ec50f78fc40b8705c2a7e4a6a1550,/Users/upadhyay/dev/ICES/object_detection_opencv_cpp/data/cassini/issna/calypso/images/co-iss-n1552346494.png,true,position_only
co-iss-n1633029472,cassini,issna,calypso,CLEAR,0.15,2009-09-30T18:35:12.856,Calypso,https://opus.pds-rings.seti.org/holdings/previews/COISS_2xxx/COISS_2057/data/1632534127_1633029787/N1633029472_1_full.png,006a647f721b7d71ef9b0bb39fd93151d5226f0be126ba757769a2a75c6573fe,/Users/upadhyay/dev/ICES/object_detection_opencv_cpp/data/cassini/issna/calypso/images/co-iss-n1633029472.png,true,position_only
co-iss-n1506184171,cassini,issna,calypso,CLEAR,0.05,2005-09-23T16:01:05.442,Calypso,https://opus.pds-rings.seti.org/holdings/previews/COISS_2xxx/COISS_2015/data/1506110127_1506288646/N1506184171_1_full.png,597eb29a5d08b64b2899bd0c378ccafd3b9b381f23fa68f76e28cace015425f3,/Users/upadhyay/dev/ICES/object_detection_opencv_cpp/data/cassini/issna/calypso/images/co-iss-n1506184171.png,true,position_only
co-iss-n1506184204,cassini,issna,calypso,GRN,0.18,2005-09-23T16:01:38.320,Calypso,https://opus.pds-rings.seti.org/holdings/previews/COISS_2xxx/COISS_2015/data/1506110127_1506288646/N1506184204_1_full.png,121e8ce650b211841f79c37f1dd573d6bbec63d660389818b0d17880c5329e78,/Users/upadhyay/dev/ICES/object_detection_opencv_cpp/data/cassini/issna/calypso/images/co-iss-n1506184204.png,true,position_only
co-iss-n1506184237,cassini,issna,calypso,GRN+P0,0.46,2005-09-23T16:02:11.040,Calypso,https://opus.pds-rings.seti.org/holdings/previews/COISS_2xxx/COISS_2015/data/1506110127_1506288646/N1506184237_1_full.png,76ef6158e677434b507b02697683fd045cd8712bb5a7e8fc17ab8f0336c86758,/Users/upadhyay/dev/ICES/object_detection_opencv_cpp/data/cassini/issna/calypso/images/co-iss-n1506184237.png,true,position_only
co-iss-n1455663189,cassini,issna,epimetheus,CLEAR,0.68,2004-02-16T22:30:09.702,Epimetheus,https://opus.pds-rings.seti.org/holdings/previews/COISS_2xxx/COISS_2001/data/1455646698_1455855902/N1455663189_1_full.png,5764284caf72632154d0ac7b578caa4df277c8f4e0e1d6f8a1e5eff8f032bc7e,/Users/upadhyay/dev/ICES/object_detection_opencv_cpp/data/cassini/issna/epimetheus/images/co-iss-n1455663189.png,true,position_only
co-iss-n1524904913,cassini,issna,epimetheus,CLEAR,0.26,2006-04-28T08:11:26.785,Epimetheus,https://opus.pds-rings.seti.org/holdings/previews/COISS_2xxx/COISS_2022/data/1524684963_1524911095/N1524904913_1_full.png,57249badbbec1bceff03324a92cabee16f033293c5688b933cfc7bf1fed65c58,/Users/upadhyay/dev/ICES/object_detection_opencv_cpp/data/cassini/issna/epimetheus/images/co-iss-n1524904913.png,true,position_only
co-iss-w1603176659,cassini,issna,epimetheus,CLEAR,0.1,2008-10-20T06:11:52.797,Epimetheus,https://opus.pds-rings.seti.org/holdings/previews/COISS_2xxx/COISS_2049/data/1603163051_1603326763/W1603176659_1_full.png,8e83a61635fe8a57b4f906b467497a9ff014b7c3cbdcda73d312e7976ff06120,/Users/upadhyay/dev/ICES/object_detection_opencv_cpp/data/cassini/issna/epimetheus/images/co-iss-w1603176659.png,true,position_only
co-iss-n1490836693,cassini,issna,epimetheus,BL1,0.56,2005-03-30T00:51:24.999,Epimetheus,https://opus.pds-rings.seti.org/holdings/previews/COISS_2xxx/COISS_2010/data/1490681029_1490886704/N1490836693_1_full.png,3ad8189ad3e55195d9c689f29a1e15cfbd6a4b0efccadfe7ab8e0ce21c992ec0,/Users/upadhyay/dev/ICES/object_detection_opencv_cpp/data/cassini/issna/epimetheus/images/co-iss-n1490836693.png,true,position_only
co-iss-n1490836733,cassini,issna,epimetheus,UV3,2.6,2005-03-30T00:52:02.966,Epimetheus,https://opus.pds-rings.seti.org/holdings/previews/COISS_2xxx/COISS_2010/data/1490681029_1490886704/N1490836733_1_full.png,a1d6704f20b3697e0a81cd67182f0d3c63abdd61786026e803e4b2a950c56974,/Users/upadhyay/dev/ICES/object_detection_opencv_cpp/data/cassini/issna/epimetheus/images/co-iss-n1490836733.png,true,position_only
co-iss-n1490836766,cassini,issna,epimetheus,IR1,0.26,2005-03-30T00:52:38.310,Epimetheus,https://opus.pds-rings.seti.org/holdings/previews/COISS_2xxx/COISS_2010/data/1490681029_1490886704/N1490836766_1_full.png,b5a55d400b47c20e6011b79f9ec3afd0094bf6a692b4eca41e10e5e805dd925e,/Users/upadhyay/dev/ICES/object_detection_opencv_cpp/data/cassini/issna/epimetheus/images/co-iss-n1490836766.png,true,position_only
co-iss-n1463414669,cassini,issna,helene,CLEAR,0.68,2004-05-16T15:40:39.222,Helene,https://opus.pds-rings.seti.org/holdings/previews/COISS_2xxx/COISS_2002/data/1463318713_1463518285/N1463414669_1_full.png,64c40295bedfcd6d7d1e055119c89c10a70b796eda2a244e420d604da55b28f5,/Users/upadhyay/dev/ICES/object_detection_opencv_cpp/data/cassini/issna/helene/images/co-iss-n1463414669.png,true,position_only
co-iss-w1575914177,cassini,issna,helene,CLEAR,0.1,2007-12-09T17:20:23.018,Helene,https://opus.pds-rings.seti.org/holdings/previews/COISS_2xxx/COISS_2039/data/1575667975_1576171776/W1575914177_1_full.png,92a804e5d0f86b148e4f6175f23cf556bb2dc84db7d4b957a19b5bc64115b284,/Users/upadhyay/dev/ICES/object_detection_opencv_cpp/data/cassini/issna/helene/images/co-iss-w1575914177.png,true,position_only
co-iss-n1606207727,cassini,issna,helene,CLEAR,0.06,2008-11-24T08:09:19.408,Helene,https://opus.pds-rings.seti.org/holdings/previews/COISS_2xxx/COISS_2050/data/1606078020_1606207803/N1606207727_1_full.png,5133b3920a8e8ad13a2cf8408d58072e143ef0771cfa65c48d01b7281f4dbd6d,/Users/upadhyay/dev/ICES/object_detection_opencv_cpp/data/cassini/issna/helene/images/co-iss-n1606207727.png,true,position_only
co-iss-n1496868422,cassini,issna,helene,RED,0.22,2005-06-07T20:19:35.807,Helene,https://opus.pds-rings.seti.org/holdings/previews/COISS_2xxx/COISS_2012/data/1496756061_1496877117/N1496868422_1_full.png,d0a7d0b56f284a813b1ff27ccc9ae64fb3690d1d1fb4c76caf9a4d00373b3279,/Users/upadhyay/dev/ICES/object_detection_opencv_cpp/data/cassini/issna/helene/images/co-iss-n1496868422.png,true,position_only
co-iss-n1496868455,cassini,issna,helene,GRN,0.26,2005-06-07T20:20:08.774,Helene,https://opus.pds-rings.seti.org/holdings/previews/COISS_2xxx/COISS_2012/data/1496756061_1496877117/N1496868455_1_full.png,eb1aab31127b343c8e349a274a8fde91fcb5029a9926aa0f0dc7e0fa919b15b3,/Users/upadhyay/dev/ICES/object_detection_opencv_cpp/data/cassini/issna/helene/images/co-iss-n1496868455.png,true,position_only
co-iss-n1496868488,cassini,issna,helene,BL1,1.2,2005-06-07T20:20:40.834,Helene,https://opus.pds-rings.seti.org/holdings/previews/COISS_2xxx/COISS_2012/data/1496756061_1496877117/N1496868488_1_full.png,9900be58bbc87f0e4ee5a8c6694f2592bbd8b8651361c571a2d71efb6a6914f8,/Users/upadhyay/dev/ICES/object_detection_opencv_cpp/data/cassini/issna/helene/images/co-iss-n1496868488.png,true,position_only
co-iss-n1661528861,cassini,issna,hyrrokkin,CLEAR,100,2010-08-26T14:59:58.664,Hyrrokkin,https://opus.pds-rings.seti.org/holdings/previews/COISS_2xxx/COISS_2064/data/1660446226_1661536793/N1661528861_1_full.png,6c4a8c2e64a68412cab3a4930cddba0c9416a6eedc8bc62dd4f4816704e4a755,/Users/upadhyay/dev/ICES/object_detection_opencv_cpp/data/cassini/issna/hyrrokkin/images/co-iss-n1661528861.png,true,false
co-iss-n1666532697,cassini,issna,hyrrokkin,GRN,460,2010-10-23T12:50:38.714,Hyrrokkin,https://opus.pds-rings.seti.org/holdings/previews/COISS_2xxx/COISS_2066/data/1666492816_1667089944/N1666532697_1_full.png,fabd905a17424f921302ae52ae2ea209b7369e8d3086bfc2eda77a0b2f19a7a3,/Users/upadhyay/dev/ICES/object_detection_opencv_cpp/data/cassini/issna/hyrrokkin/images/co-iss-n1666532697.png,true,false
co-iss-n1743211807,cassini,issna,hyrrokkin,CLEAR,460,2013-03-29T00:27:41.175,Hyrrokkin,https://opus.pds-rings.seti.org/holdings/previews/COISS_2xxx/COISS_2081/data/1743194301_1743467682/N1743211807_1_full.png,b9706b6e091cbbb59458417487d2c750588696e470b37cc61cee32453544924f,/Users/upadhyay/dev/ICES/object_detection_opencv_cpp/data/cassini/issna/hyrrokkin/images/co-iss-n1743211807.png,true,false
co-iss-n1661529133,cassini,issna,hyrrokkin,CLEAR,100,2010-08-26T15:04:30.662,Hyrrokkin,https://opus.pds-rings.seti.org/holdings/previews/COISS_2xxx/COISS_2064/data/1660446226_1661536793/N1661529133_1_full.png,646c4c26d726e61470c19821ed7e52622e31b6a82cfbed98c901c62681806ad7,/Users/upadhyay/dev/ICES/object_detection_opencv_cpp/data/cassini/issna/hyrrokkin/images/co-iss-n1661529133.png,true,false
co-iss-n1661529269,cassini,issna,hyrrokkin,CLEAR,100,2010-08-26T15:06:46.661,Hyrrokkin,https://opus.pds-rings.seti.org/holdings/previews/COISS_2xxx/COISS_2064/data/1660446226_1661536793/N1661529269_1_full.png,fff007897a17dd0dce501370edc776a63c323b435063b6d8b64457330b279f8a,/Users/upadhyay/dev/ICES/object_detection_opencv_cpp/data/cassini/issna/hyrrokkin/images/co-iss-n1661529269.png,true,false
co-iss-n1661529405,cassini,issna,hyrrokkin,CLEAR,100,2010-08-26T15:09:02.660,Hyrrokkin,https://opus.pds-rings.seti.org/holdings/previews/COISS_2xxx/COISS_2064/data/1660446226_1661536793/N1661529405_1_full.png,8ad80f7c814be49ab45fa5686caf91f7c5cc9d9000c2d00712759fffa620ba26,/Users/upadhyay/dev/ICES/object_detection_opencv_cpp/data/cassini/issna/hyrrokkin/images/co-iss-n1661529405.png,true,false
co-iss-n1495209323,cassini,issna,methone,CLEAR,0.26,2005-05-19T15:28:07.335,Methone,https://opus.pds-rings.seti.org/holdings/previews/COISS_2xxx/COISS_2012/data/1495113947_1495209323/N1495209323_1_full.png,aa01efcd73bee2fb2d849e4a2a03386920bee633e737bd62ee92878a2ee1953d,/Users/upadhyay/dev/ICES/object_detection_opencv_cpp/data/cassini/issna/methone/images/co-iss-n1495209323.png,true,position_only
co-iss-n1588451222,cassini,issna,methone,CLEAR,0.68,2008-05-02T19:49:39.004,Methone,https://opus.pds-rings.seti.org/holdings/previews/COISS_2xxx/COISS_2044/data/1588448268_1588778999/N1588451222_1_full.png,d6e9f4527d084d8ad15cded16029823a64bb9de734b086ffd3a554a297eb2d98,/Users/upadhyay/dev/ICES/object_detection_opencv_cpp/data/cassini/issna/methone/images/co-iss-n1588451222.png,true,position_only
co-iss-w1713882803,cassini,issna,methone,MT2,0.09,2012-04-23T13:41:44.285,Methone,https://opus.pds-rings.seti.org/holdings/previews/COISS_2xxx/COISS_2074/data/1713647165_1713894688/W1713882803_1_full.png,e159ebd145a9c634c25624ad26dd4746981a8c597b0195aa841a9ac537efea33,/Users/upadhyay/dev/ICES/object_detection_opencv_cpp/data/cassini/issna/methone/images/co-iss-w1713882803.png,true,position_only
co-iss-n1513008289,cassini,issna,methone,CLEAR,0.68,2005-12-11T15:35:39.229,Methone,https://opus.pds-rings.seti.org/holdings/previews/COISS_2xxx/COISS_2017/data/1512862204_1513270566/N1513008289_1_full.png,86a0ec59409836427a053a9f1f2f21a53376fb6f739978851252850d36ad0131,/Users/upadhyay/dev/ICES/object_detection_opencv_cpp/data/cassini/issna/methone/images/co-iss-n1513008289.png,true,position_only
co-iss-n1513008332,cassini,issna,methone,CLEAR,0.15,2005-12-11T15:36:22.743,Methone,https://opus.pds-rings.seti.org/holdings/previews/COISS_2xxx/COISS_2017/data/1512862204_1513270566/N1513008332_1_full.png,65bc6be23bfde64b67a73703d9af4258b7802add7f29842734b3dc6d0eb29d69,/Users/upadhyay/dev/ICES/object_detection_opencv_cpp/data/cassini/issna/methone/images/co-iss-n1513008332.png,true,position_only
co-iss-w1513008332,cassini,issna,methone,CLEAR,0.02,2005-12-11T15:36:22.873,Methone,https://opus.pds-rings.seti.org/holdings/previews/COISS_2xxx/COISS_2017/data/1512862204_1513270566/W1513008332_1_full.png,f4b2cfb22dbb33e08d9c075b682f7860cf8b610546a43fd12be7bfb841ca2298,/Users/upadhyay/dev/ICES/object_detection_opencv_cpp/data/cassini/issna/methone/images/co-iss-w1513008332.png,true,position_only
co-iss-n1495207303,cassini,issna,pallene,CLEAR,0.26,2005-05-19T14:54:27.348,Pallene,https://opus.pds-rings.seti.org/holdings/previews/COISS_2xxx/COISS_2012/data/1495113947_1495209323/N1495207303_1_full.png,6cabc1ab6b9f2c13469a1c08213d48d0c9122ca09345ff64c9424f07eae30c22,/Users/upadhyay/dev/ICES/object_detection_opencv_cpp/data/cassini/issna/pallene/images/co-iss-n1495207303.png,true,position_only
co-iss-n1585394936,cassini,issna,pallene,CLEAR,0.68,2008-03-28T10:51:54.539,Pallene,https://opus.pds-rings.seti.org/holdings/previews/COISS_2xxx/COISS_2043/data/1585391197_1585519454/N1585394936_1_full.png,a372602d6d957af6cb269911ed00debac526fc204beed5a951919f147ba603df,/Users/upadhyay/dev/ICES/object_detection_opencv_cpp/data/cassini/issna/pallene/images/co-iss-n1585394936.png,true,position_only
co-iss-n1689640995,cassini,issna,pallene,CLEAR,0.68,2011-07-17T23:54:09.207,Pallene,https://opus.pds-rings.seti.org/holdings/previews/COISS_2xxx/COISS_2069/data/1689632036_1690197264/N1689640995_1_full.png,069fa274e18dfce4cead05a4a84b1c354ba8e1cd3db2cc98ece143be5cad1455,/Users/upadhyay/dev/ICES/object_detection_opencv_cpp/data/cassini/issna/pallene/images/co-iss-n1689640995.png,true,position_only
co-iss-n1501557447,cassini,issna,pallene,IR1,0.46,2005-08-01T02:49:30.593,Pallene,https://opus.pds-rings.seti.org/holdings/previews/COISS_2xxx/COISS_2014/data/1501553932_1501618391/N1501557447_1_full.png,3413f7fec74456eae9479ff937485dab3329af29beb7e33007f11a5b689174e0,/Users/upadhyay/dev/ICES/object_detection_opencv_cpp/data/cassini/issna/pallene/images/co-iss-n1501557447.png,true,position_only
co-iss-n1501557480,cassini,issna,pallene,GRN,0.56,2005-08-01T02:50:03.493,Pallene,https://opus.pds-rings.seti.org/holdings/previews/COISS_2xxx/COISS_2014/data/1501553932_1501618391/N1501557480_1_full.png,f310c4bb6c7701d13d3936107cdf28616c11ba67ed03f852a9a258178401c282,/Users/upadhyay/dev/ICES/object_detection_opencv_cpp/data/cassini/issna/pallene/images/co-iss-n1501557480.png,true,position_only
co-iss-n1501557536,cassini,issna,pallene,UV3,15,2005-08-01T02:50:45.056,Pallene,https://opus.pds-rings.seti.org/holdings/previews/COISS_2xxx/COISS_2014/data/1501553932_1501618391/N1501557536_1_full.png,2e7349758077b001340d83a66b55f1806f33f79846e7d8457fe27b711f59f7e1,/Users/upadhyay/dev/ICES/object_detection_opencv_cpp/data/cassini/issna/pallene/images/co-iss-n1501557536.png,true,position_only
co-iss-n1488190255,cassini,issna,pan,CLEAR,0.68,2005-02-27T09:44:23.830,Pan,https://opus.pds-rings.seti.org/holdings/previews/COISS_2xxx/COISS_2009/data/1488178711_1488202381/N1488190255_1_full.png,b0b945a5b9864be3a7647201e2e7682a521caf63d7d7ed2e9a994d62815384a0,/Users/upadhyay/dev/ICES/object_detection_opencv_cpp/data/cassini/issna/pan/images/co-iss-n1488190255.png,true,position_only
co-iss-n1558590684,cassini,issna,pan,CLEAR,1.2,2007-05-23T05:17:22.612,Pan,https://opus.pds-rings.seti.org/holdings/previews/COISS_2xxx/COISS_2032/data/1558475723_1558609017/N1558590684_1_full.png,1e257eda134fbc0e33ab3ce5613c9263084b1b024cfe7020da39fda465697076,/Users/upadhyay/dev/ICES/object_detection_opencv_cpp/data/cassini/issna/pan/images/co-iss-n1558590684.png,true,position_only
co-iss-w1588711307,cassini,issna,pan,CLEAR,0.1,2008-05-05T20:04:22.734,Pan,https://opus.pds-rings.seti.org/holdings/previews/COISS_2xxx/COISS_2044/data/1588448268_1588778999/W1588711307_1_full.png,9742153db1eba04013049b398e69552f445f2a217599bd2e59943c3215d39f9f,/Users/upadhyay/dev/ICES/object_detection_opencv_cpp/data/cassini/issna/pan/images/co-iss-w1588711307.png,true,position_only
co-iss-n1495308031,cassini,issna,pan,UV3,18,2005-05-20T18:52:56.947,Pan,https://opus.pds-rings.seti.org/holdings/previews/COISS_2xxx/COISS_2012/data/1495270901_1495308131/N1495308031_1_full.png,e3a256654e067a58f5d706f2ec3b7a036955a96e24fce261aad58fc5564c24d0,/Users/upadhyay/dev/ICES/object_detection_opencv_cpp/data/cassini/issna/pan/images/co-iss-n1495308031.png,true,position_only
co-iss-n1495308064,cassini,issna,pan,GRN,0.38,2005-05-20T18:53:47.574,Pan,https://opus.pds-rings.seti.org/holdings/previews/COISS_2xxx/COISS_2012/data/1495270901_1495308131/N1495308064_1_full.png,9c9796a94518e0a997508d7c2d465f7f4b26d72aa3b1de0ab59940e5a160d365,/Users/upadhyay/dev/ICES/object_detection_opencv_cpp/data/cassini/issna/pan/images/co-iss-n1495308064.png,true,position_only
co-iss-n1495308098,cassini,issna,pan,BL1,2,2005-05-20T18:54:19.958,Pan,https://opus.pds-rings.seti.org/holdings/previews/COISS_2xxx/COISS_2012/data/1495270901_1495308131/N1495308098_1_full.png,05eaab63808142ce94fb0b7c23f0f09790f7931b56cb4a1ec0a0c636dac19550,/Users/upadhyay/dev/ICES/object_detection_opencv_cpp/data/cassini/issna/pan/images/co-iss-n1495308098.png,true,position_only
co-iss-n1456265368,cassini,issna,pandora,CLEAR,0.68,2004-02-23T21:46:24.773,Pandora,https://opus.pds-rings.seti.org/holdings/previews/COISS_2xxx/COISS_2001/data/1456049355_1456316702/N1456265368_1_full.png,e0f159741bc6854fd655994fd7661165bd2ac9c4ca857190ceb4983f966ced3c,/Users/upadhyay/dev/ICES/object_detection_opencv_cpp/data/cassini/issna/pandora/images/co-iss-n1456265368.png,true,position_only
co-iss-n1516760443,cassini,issna,pandora,CLEAR,0.68,2006-01-24T01:51:08.244,Pandora,https://opus.pds-rings.seti.org/holdings/previews/COISS_2xxx/COISS_2019/data/1516741815_1516822275/N1516760443_1_full.png,abb61a9f4e1903c60d1319a16a46acace9955f79fd3de9ad5f740cfe6ddb0936,/Users/upadhyay/dev/ICES/object_detection_opencv_cpp/data/cassini/issna/pandora/images/co-iss-n1516760443.png,true,position_only
co-iss-w1601479217,cassini,issna,pandora,CLEAR,0.1,2008-09-30T14:41:22.774,Pandora,https://opus.pds-rings.seti.org/holdings/previews/COISS_2xxx/COISS_2048/data/1601337206_1601494100/W1601479217_1_full.png,2b2547400a0402f701b0ea43e3c65f787e38226301f5ced732ba28850fcf62f5,/Users/upadhyay/dev/ICES/object_detection_opencv_cpp/data/cassini/issna/pandora/images/co-iss-w1601479217.png,true,position_only
co-iss-n1512297555,cassini,issna,pandora,CLEAR,0.68,2005-12-03T10:10:09.769,Pandora,https://opus.pds-rings.seti.org/holdings/previews/COISS_2xxx/COISS_2017/data/1512291971_1512330753/N1512297555_1_full.png,36a25c88cd641e27ef0e0d55faa49d05b607cb7091da96379ccdb2a9615962a2,/Users/upadhyay/dev/ICES/object_detection_opencv_cpp/data/cassini/issna/pandora/images/co-iss-n1512297555.png,true,position_only
co-iss-n1512297598,cassini,issna,pandora,CLEAR,0.15,2005-12-03T10:10:53.284,Pandora,https://opus.pds-rings.seti.org/holdings/previews/COISS_2xxx/COISS_2017/data/1512291971_1512330753/N1512297598_1_full.png,e9c89a4bab49a282c1a05c88d16c4a045300eebf8ad13f380135aafdad8034af,/Users/upadhyay/dev/ICES/object_detection_opencv_cpp/data/cassini/issna/pandora/images/co-iss-n1512297598.png,true,position_only
co-iss-w1512297598,cassini,issna,pandora,CLEAR,0.02,2005-12-03T10:10:53.414,Pandora,https://opus.pds-rings.seti.org/holdings/previews/COISS_2xxx/COISS_2017/data/1512291971_1512330753/W1512297598_3_full.png,d712a5ec126a5bb2c4d44dd5a0359057b0789ac06396aa3fd0d810e4c470d7e2,/Users/upadhyay/dev/ICES/object_detection_opencv_cpp/data/cassini/issna/pandora/images/co-iss-w1512297598.png,true,position_only
co-iss-n1454731259,cassini,issna,phoebe,CLEAR,1,2004-02-06T03:38:05.462,Phoebe,https://opus.pds-rings.seti.org/holdings/previews/COISS_2xxx/COISS_2001/data/1454725799_1455008789/N1454731259_1_full.png,bd721f40154c6bfde7c6434df9542adc15f4e2d7a2b01eb34a2ebb5ac17be3d2,/Users/upadhyay/dev/ICES/object_detection_opencv_cpp/data/cassini/issna/phoebe/images/co-iss-n1454731259.png,true,position_only
co-iss-n1465678040,cassini,issna,phoebe,GRN+P120,4.6,2004-06-11T20:23:11.619,Phoebe,https://opus.pds-rings.seti.org/holdings/previews/COISS_2xxx/COISS_2004/data/1465674475_1465709620/N1465678040_2_full.png,4d8b160129984e8b8227ee30e3e2ac0b091dc35b3180301edb6c67ee60944309,/Users/upadhyay/dev/ICES/object_detection_opencv_cpp/data/cassini/issna/phoebe/images/co-iss-n1465678040.png,true,position_only
co-iss-n1509953409,cassini,issna,phoebe,GRN,6.8,2005-11-06T07:01:12.618,Phoebe,https://opus.pds-rings.seti.org/holdings/previews/COISS_2xxx/COISS_2016/data/1509948065_1510209922/N1509953409_1_full.png,220f2f8d754a73aa89c6d35568fbf23936e5e19f36166b30e27b8761fa494e72,/Users/upadhyay/dev/ICES/object_detection_opencv_cpp/data/cassini/issna/phoebe/images/co-iss-n1509953409.png,true,position_only
co-iss-n1465676754,cassini,issna,phoebe,CLEAR,1.5,2004-06-11T20:01:48.653,Phoebe,https://opus.pds-rings.seti.org/holdings/previews/COISS_2xxx/COISS_2004/data/1465674475_1465709620/N1465676754_2_full.png,fdfbd720c30f7141dd6a05d54000d50a91a7e3c8282189ddbee68d9c33bcd49a,/Users/upadhyay/dev/ICES/object_detection_opencv_cpp/data/cassini/issna/phoebe/images/co-iss-n1465676754.png,true,position_only
co-iss-n1465676820,cassini,issna,phoebe,CLEAR,1,2004-06-11T20:02:55.153,Phoebe,https://opus.pds-rings.seti.org/holdings/previews/COISS_2xxx/COISS_2004/data/1465674475_1465709620/N1465676820_2_full.png,01bac7109ab62b504cd657d63cee73a6da430c9e637dd79bc0d1eabef1060c44,/Users/upadhyay/dev/ICES/object_detection_opencv_cpp/data/cassini/issna/phoebe/images/co-iss-n1465676820.png,true,position_only
co-iss-n1465676854,cassini,issna,phoebe,CLEAR,1.5,2004-06-11T20:03:28.652,Phoebe,https://opus.pds-rings.seti.org/holdings/previews/COISS_2xxx/COISS_2004/data/1465674475_1465709620/N1465676854_2_full.png,b7ee9f523556e16dcc2653512c9b1991ddd33dfbbb0bf72fea5b220e4fdf19b1,/Users/upadhyay/dev/ICES/object_detection_opencv_cpp/data/cassini/issna/phoebe/images/co-iss-n1465676854.png,true,position_only
co-iss-n1559470657,cassini,issna,siarnaq,IR1,82,2007-06-02T09:42:09.271,Siarnaq,https://opus.pds-rings.seti.org/holdings/previews/COISS_2xxx/COISS_2032/data/1559376320_1559509724/N1559470657_1_full.png,95fb4319b86da906973d15f3039ab0a2cbb620bb947e3760337d9aa6b2e87af5,/Users/upadhyay/dev/ICES/object_detection_opencv_cpp/data/cassini/issna/siarnaq/images/co-iss-n1559470657.png,true,false
co-iss-n1671688183,cassini,issna,siarnaq,CLEAR,18,2010-12-22T05:02:13.420,Siarnaq,https://opus.pds-rings.seti.org/holdings/previews/COISS_2xxx/COISS_2066/data/1671592381_1671691359/N1671688183_1_full.png,eeec0767e2416986881b2092174a1b4f33346c50df41b436b8ccf0ca49187eb6,/Users/upadhyay/dev/ICES/object_detection_opencv_cpp/data/cassini/issna/siarnaq/images/co-iss-n1671688183.png,true,false
co-iss-n1706087758,cassini,issna,siarnaq,CLEAR,82,2012-01-24T08:23:46.745,Siarnaq,https://opus.pds-rings.seti.org/holdings/previews/COISS_2xxx/COISS_2072/data/1706074228_1706268711/N1706087758_1_full.png,79a1d2f844750f5607c4e5d931a9410403e7a9194c8cd595cfb31c0e9117e533,/Users/upadhyay/dev/ICES/object_detection_opencv_cpp/data/cassini/issna/siarnaq/images/co-iss-n1706087758.png,true,false
co-iss-n1559470755,cassini,issna,siarnaq,BL1,82,2007-06-02T09:43:47.270,Siarnaq,https://opus.pds-rings.seti.org/holdings/previews/COISS_2xxx/COISS_2032/data/1559376320_1559509724/N1559470755_1_full.png,a72fa100487f83299d1084f30a595d3146a9e5f1ea4fd1413f278ddc2bb30f9b,/Users/upadhyay/dev/ICES/object_detection_opencv_cpp/data/cassini/issna/siarnaq/images/co-iss-n1559470755.png,true,false
co-iss-n1559470853,cassini,issna,siarnaq,RED,82,2007-06-02T09:45:25.270,Siarnaq,https://opus.pds-rings.seti.org/holdings/previews/COISS_2xxx/COISS_2032/data/1559376320_1559509724/N1559470853_1_full.png,4ca3064e6fa0132440c305cd072d056bc8c8e44479872764ae0bcd6d12615c4d,/Users/upadhyay/dev/ICES/object_detection_opencv_cpp/data/cassini/issna/siarnaq/images/co-iss-n1559470853.png,true,false
co-iss-n1559470951,cassini,issna,siarnaq,CLEAR,82,2007-06-02T09:47:03.273,Siarnaq,https://opus.pds-rings.seti.org/holdings/previews/COISS_2xxx/COISS_2032/data/1559376320_1559509724/N1559470951_1_full.png,013f48a1ab499bbeac8579a21cbb662582d112235cb1222f709376690aedb545,/Users/upadhyay/dev/ICES/object_detection_opencv_cpp/data/cassini/issna/siarnaq/images/co-iss-n1559470951.png,true,false
co-iss-n1557224233,cassini,issna,skathi,BL1,82,2007-05-07T09:41:59.480,Skathi,https://opus.pds-rings.seti.org/holdings/previews/COISS_2xxx/COISS_2031/data/1557164967_1557237088/N1557224233_1_full.png,5287dfa296183dc4f1df612a34489aaf837fc72e1fb3918be307dbf7ca0af135,/Users/upadhyay/dev/ICES/object_detection_opencv_cpp/data/cassini/issna/skathi/images/co-iss-n1557224233.png,true,false
co-iss-n1766388762,cassini,issna,skathi,CLEAR,460,2013-12-22T06:27:48.986,Skathi,https://opus.pds-rings.seti.org/holdings/previews/COISS_2xxx/COISS_2086/data/1766313862_1766516241/N1766388762_1_full.png,58d364145d8026aa497514e856c7779ef8ed668fe32cc43950b20e9f25ecf376,/Users/upadhyay/dev/ICES/object_detection_opencv_cpp/data/cassini/issna/skathi/images/co-iss-n1766388762.png,true,false
co-iss-n1828864650,cassini,issna,skathi,CLEAR,220,2015-12-15T08:49:58.208,Skathi,https://opus.pds-rings.seti.org/holdings/previews/COISS_2xxx/COISS_2100/data/1828856322_1828889994/N1828864650_1_full.png,f9874a7bd4e3953890efe6a2805ed60bbb2fe7e5d4c31b92638727fafd90c10b,/Users/upadhyay/dev/ICES/object_detection_opencv_cpp/data/cassini/issna/skathi/images/co-iss-n1828864650.png,true,false
co-iss-n1557224467,cassini,issna,skathi,IR2,82,2007-05-07T09:45:53.478,Skathi,https://opus.pds-rings.seti.org/holdings/previews/COISS_2xxx/COISS_2031/data/1557164967_1557237088/N1557224467_1_full.png,ab2fd8f8374fa447e161ce651a2e83810b61916bf70b64d80e3f2bfecf0bf4b8,/Users/upadhyay/dev/ICES/object_detection_opencv_cpp/data/cassini/issna/skathi/images/co-iss-n1557224467.png,true,false
co-iss-n1557224584,cassini,issna,skathi,CLEAR,82,2007-05-07T09:47:50.481,Skathi,https://opus.pds-rings.seti.org/holdings/previews/COISS_2xxx/COISS_2031/data/1557164967_1557237088/N1557224584_1_full.png,548dd81fa939aeac19c995339516ca4d2d91b394a9fd4a3338c7647995a353f1,/Users/upadhyay/dev/ICES/object_detection_opencv_cpp/data/cassini/issna/skathi/images/co-iss-n1557224584.png,true,false
co-iss-n1557224682,cassini,issna,skathi,GRN,82,2007-05-07T09:49:28.481,Skathi,https://opus.pds-rings.seti.org/holdings/previews/COISS_2xxx/COISS_2031/data/1557164967_1557237088/N1557224682_1_full.png,bb4ecff51163073563bcf312ab8421142e724a8533dcf56197ce6d0f712724e8,/Users/upadhyay/dev/ICES/object_detection_opencv_cpp/data/cassini/issna/skathi/images/co-iss-n1557224682.png,true,false
co-iss-n1691768227,cassini,issna,tarqeq,CLEAR,460,2011-08-11T14:40:08.423,Tarqeq,https://opus.pds-rings.seti.org/holdings/previews/COISS_2xxx/COISS_2069/data/1691726338_1691810867/N1691768227_1_full.png,236e4ccf1893d24f6fb5bba2648defed2e3a7e6dbfa78e6d4e1c4f8dbfd7f1f1,/Users/upadhyay/dev/ICES/object_detection_opencv_cpp/data/cassini/issna/tarqeq/images/co-iss-n1691768227.png,true,false
co-iss-n1768522334,cassini,issna,tarqeq,CLEAR,220,2014-01-15T23:11:07.352,Tarqeq,https://opus.pds-rings.seti.org/holdings/previews/COISS_2xxx/COISS_2088/data/1768498838_1768532366/N1768522334_1_full.png,5c0104036065e6821604d27ded716794aeb1d7e43c8d45876c84c3f7112639ac,/Users/upadhyay/dev/ICES/object_detection_opencv_cpp/data/cassini/issna/tarqeq/images/co-iss-n1768522334.png,true,false
co-iss-n1844514547,cassini,issna,tarqeq,CLEAR,220,2016-06-13T11:59:54.992,Tarqeq,https://opus.pds-rings.seti.org/holdings/previews/COISS_2xxx/COISS_2105/data/1844455463_1844536315/N1844514547_1_full.png,0f62e2a389e36b7304028f7769c2abbdb5d021e6c2c13b0963327929ea984e3e,/Users/upadhyay/dev/ICES/object_detection_opencv_cpp/data/cassini/issna/tarqeq/images/co-iss-n1844514547.png,true,false
co-iss-n1691769267,cassini,issna,tarqeq,CLEAR,460,2011-08-11T14:57:28.416,Tarqeq,https://opus.pds-rings.seti.org/holdings/previews/COISS_2xxx/COISS_2069/data/1691726338_1691810867/N1691769267_1_full.png,c78b80c986887b70206db3a6b322f60b040c1b123572d4be91eefafeac77d2d3,/Users/upadhyay/dev/ICES/object_detection_opencv_cpp/data/cassini/issna/tarqeq/images/co-iss-n1691769267.png,true,false
co-iss-n1691769787,cassini,issna,tarqeq,CLEAR,460,2011-08-11T15:06:08.413,Tarqeq,https://opus.pds-rings.seti.org/holdings/previews/COISS_2xxx/COISS_2069/data/1691726338_1691810867/N1691769787_1_full.png,f5614f0bf69a5f2577d4dad2880224c8a9b93895ba2a474bd971e7bc486656d5,/Users/upadhyay/dev/ICES/object_detection_opencv_cpp/data/cassini/issna/tarqeq/images/co-iss-n1691769787.png,true,false
co-iss-n1691770307,cassini,issna,tarqeq,CLEAR,460,2011-08-11T15:14:48.409,Tarqeq,https://opus.pds-rings.seti.org/holdings/previews/COISS_2xxx/COISS_2069/data/1691726338_1691810867/N1691770307_1_full.png,cd66b47f34d9db4b6431e4f3a3e305f4cbfbe199e24cef6e6dc68c080100ce16,/Users/upadhyay/dev/ICES/object_detection_opencv_cpp/data/cassini/issna/tarqeq/images/co-iss-n1691770307.png,true,false
co-iss-n1561406189,cassini,issna,tarvos,CLEAR,46,2007-06-24T19:21:24.995,Tarvos,https://opus.pds-rings.seti.org/holdings/previews/COISS_2xxx/COISS_2033/data/1561368924_1561481621/N1561406189_1_full.png,dfbc7a87375a08fedf4956107e4028d2b6be78194a68b1c21b80f44bf292dc7c,/Users/upadhyay/dev/ICES/object_detection_opencv_cpp/data/cassini/issna/tarvos/images/co-iss-n1561406189.png,true,false
co-iss-n1745620500,cassini,issna,tarvos,CLEAR,100,2013-04-25T21:38:18.872,Tarvos,https://opus.pds-rings.seti.org/holdings/previews/COISS_2xxx/COISS_2082/data/1745606710_1745657138/N1745620500_1_full.png,610029e69bf66a277b800900b087d23c5d42da4934a646aa23e3d691e10e2be1,/Users/upadhyay/dev/ICES/object_detection_opencv_cpp/data/cassini/issna/tarvos/images/co-iss-n1745620500.png,true,false
co-iss-n1758034021,cassini,issna,tarvos,CLEAR,220,2013-09-16T13:47:01.067,Tarvos,https://opus.pds-rings.seti.org/holdings/previews/COISS_2xxx/COISS_2085/data/1758024691_1758062041/N1758034021_1_full.png,3269b8af9de8f00031004df06b4368dad8b232a0de57ac578f7d854d33973a7b,/Users/upadhyay/dev/ICES/object_detection_opencv_cpp/data/cassini/issna/tarvos/images/co-iss-n1758034021.png,true,false
co-iss-n1645838744,cassini,issna,tarvos,UV3,180,2010-02-26T00:38:33.875,Tarvos,https://opus.pds-rings.seti.org/holdings/previews/COISS_2xxx/COISS_2060/data/1645609860_1645839466/N1645838744_1_full.png,3a4f45e35a9710a0ab4d29532d416ace997d052cf4b34b04517ebf9db40a0aab,/Users/upadhyay/dev/ICES/object_detection_opencv_cpp/data/cassini/issna/tarvos/images/co-iss-n1645838744.png,true,false
co-iss-n1645838850,cassini,issna,tarvos,CLEAR,82,2010-02-26T00:41:57.882,Tarvos,https://opus.pds-rings.seti.org/holdings/previews/COISS_2xxx/COISS_2060/data/1645609860_1645839466/N1645838850_1_full.png,a34d1c1976a55be6df270505cab42c170b72f6e0a508e25ea63bffe644fabbd8,/Users/upadhyay/dev/ICES/object_detection_opencv_cpp/data/cassini/issna/tarvos/images/co-iss-n1645838850.png,true,false
co-iss-n1645839158,cassini,issna,tarvos,CLEAR,82,2010-02-26T00:47:05.888,Tarvos,https://opus.pds-rings.seti.org/holdings/previews/COISS_2xxx/COISS_2060/data/1645609860_1645839466/N1645839158_1_full.png,dc2865f5e78eb4336a3b17069bdc70d27074c34c9c0abf84baa8be5c39f1e5dc,/Users/upadhyay/dev/ICES/object_detection_opencv_cpp/data/cassini/issna/tarvos/images/co-iss-n1645839158.png,true,false
co-iss-n1463990193,cassini,issna,telesto,CLEAR,0.68,2004-05-23T07:32:39.473,Telesto,https://opus.pds-rings.seti.org/holdings/previews/COISS_2xxx/COISS_2003/data/1463975165_1464043396/N1463990193_1_full.png,75f0d465f4d411536a6aadbd01faaa70a72481c68e32cd0fd6b2b543a0cfe013,/Users/upadhyay/dev/ICES/object_detection_opencv_cpp/data/cassini/issna/telesto/images/co-iss-n1463990193.png,true,position_only
co-iss-n1523864463,cassini,issna,telesto,CLEAR,0.15,2006-04-16T07:10:43.544,Telesto,https://opus.pds-rings.seti.org/holdings/previews/COISS_2xxx/COISS_2022/data/1523794684_1523866226/N1523864463_1_full.png,9333cbc2a0524f98392d06aa5d960837a891074e315f721ab3a79b248367e549,/Users/upadhyay/dev/ICES/object_detection_opencv_cpp/data/cassini/issna/telesto/images/co-iss-n1523864463.png,true,position_only
co-iss-n1630436191,cassini,issna,telesto,CLEAR,0.68,2009-08-31T18:14:09.511,Telesto,https://opus.pds-rings.seti.org/holdings/previews/COISS_2xxx/COISS_2057/data/1630383649_1630492690/N1630436191_1_full.png,45cd3362962aed6c4d8f699a296b639e737475382ddd8196ed2f37009b6ebb7d,/Users/upadhyay/dev/ICES/object_detection_opencv_cpp/data/cassini/issna/telesto/images/co-iss-n1630436191.png,true,position_only
co-iss-n1493971263,cassini,issna,telesto,CLEAR,0.18,2005-05-05T07:33:55.334,Telesto,https://opus.pds-rings.seti.org/holdings/previews/COISS_2xxx/COISS_2012/data/1493966900_1495087448/N1493971263_1_full.png,7f57a921aa726b630d6d6beed5d8e3d69d63707667ac55e51018a102efbe8289,/Users/upadhyay/dev/ICES/object_detection_opencv_cpp/data/cassini/issna/telesto/images/co-iss-n1493971263.png,true,position_only
co-iss-n1493971319,cassini,issna,telesto,CLEAR,0.18,2005-05-05T07:34:51.334,Telesto,https://opus.pds-rings.seti.org/holdings/previews/COISS_2xxx/COISS_2012/data/1493966900_1495087448/N1493971319_1_full.png,ced6b8facde7be308f3939c0c542fd8baebfefa530528bedaf8f9f8022675b0b,/Users/upadhyay/dev/ICES/object_detection_opencv_cpp/data/cassini/issna/telesto/images/co-iss-n1493971319.png,true,position_only
co-iss-n1493971379,cassini,issna,telesto,CLEAR,0.18,2005-05-05T07:35:51.333,Telesto,https://opus.pds-rings.seti.org/holdings/previews/COISS_2xxx/COISS_2012/data/1493966900_1495087448/N1493971379_1_full.png,588c7aceb37d6967b69c22d2592ce6c6d5a2a11e36d8ec1579abaffd29fb7d54,/Users/upadhyay/dev/ICES/object_detection_opencv_cpp/data/cassini/issna/telesto/images/co-iss-n1493971379.png,true,position_only
co-iss-n1614668515,cassini,issna,thrymr,CLEAR,56,2009-03-02T06:20:30.263,Thrymr,https://opus.pds-rings.seti.org/holdings/previews/COISS_2xxx/COISS_2053/data/1614561905_1614688042/N1614668515_1_full.png,52c53b721a5e125bcd6822629d3e67e945ecaae8fb043600eaced98439648aaa,/Users/upadhyay/dev/ICES/object_detection_opencv_cpp/data/cassini/issna/thrymr/images/co-iss-n1614668515.png,true,false
co-iss-n1712169497,cassini,issna,thrymr,CLEAR,460,2012-04-03T17:39:09.227,Thrymr,https://opus.pds-rings.seti.org/holdings/previews/COISS_2xxx/COISS_2074/data/1711950276_1712333086/N1712169497_1_full.png,6e1edf7693b3a3041cf65585c3d26b9c8aefd51ecb3d2fc7211ff91585f12df1,/Users/upadhyay/dev/ICES/object_detection_opencv_cpp/data/cassini/issna/thrymr/images/co-iss-n1712169497.png,true,false
co-iss-n1797993873,cassini,issna,thrymr,CLEAR,460,2014-12-23T01:36:18.854,Thrymr,https://opus.pds-rings.seti.org/holdings/previews/COISS_2xxx/COISS_2093/data/1797898027_1798027673/N1797993873_1_full.png,8b745c5d10b7a67d65b1ec7dedec0d8b1997a9285af180c01be27ab0323c39d2,/Users/upadhyay/dev/ICES/object_detection_opencv_cpp/data/cassini/issna/thrymr/images/co-iss-n1797993873.png,true,false
co-iss-n1617663334,cassini,issna,thrymr,UV3,180,2009-04-05T22:11:43.994,Thrymr,https://opus.pds-rings.seti.org/holdings/previews/COISS_2xxx/COISS_2054/data/1617661596_1617917758/N1617663334_1_full.png,2ee0ab566f1eb76a5db1827a56aa54d956d5b852985c131660bdec56da582d4d,/Users/upadhyay/dev/ICES/object_detection_opencv_cpp/data/cassini/issna/thrymr/images/co-iss-n1617663334.png,true,false
co-iss-n1617663440,cassini,issna,thrymr,GRN,82,2009-04-05T22:15:07.997,Thrymr,https://opus.pds-rings.seti.org/holdings/previews/COISS_2xxx/COISS_2054/data/1617661596_1617917758/N1617663440_1_full.png,1944f25db4a73533a3cc61f2d4020b64062c889c2c7d9d6d8832012e1a0088b8,/Users/upadhyay/dev/ICES/object_detection_opencv_cpp/data/cassini/issna/thrymr/images/co-iss-n1617663440.png,true,false
co-iss-n1617663658,cassini,issna,thrymr,CLEAR,82,2009-04-05T22:18:45.964,Thrymr,https://opus.pds-rings.seti.org/holdings/previews/COISS_2xxx/COISS_2054/data/1617661596_1617917758/N1617663658_1_full.png,053e8cc0a9fd1722544335e41582f71216c04df534057110b319f4d2553a6cb4,/Users/upadhyay/dev/ICES/object_detection_opencv_cpp/data/cassini/issna/thrymr/images/co-iss-n1617663658.png,true,false
co-iss-n1574853398,cassini,issna,ymir,BL1,82,2007-11-27T10:39:29.639,Ymir,https://opus.pds-rings.seti.org/holdings/previews/COISS_2xxx/COISS_2039/data/1574712106_1575013798/N1574853398_1_full.png,878d6e8147aa5df6474c944eb8d2c1fc3bff3d10c2517b63a249362515f96bab,/Users/upadhyay/dev/ICES/object_detection_opencv_cpp/data/cassini/issna/ymir/images/co-iss-n1574853398.png,true,false
co-iss-n1704515008,cassini,issna,ymir,CLEAR,82,2012-01-06T03:31:26.780,Ymir,https://opus.pds-rings.seti.org/holdings/previews/COISS_2xxx/COISS_2072/data/1704509836_1704524860/N1704515008_1_full.png,1e601f0ed453e2d9a9d81852def4e4aff3d84eab16cf5baabb4dc36cdc0110f0,/Users/upadhyay/dev/ICES/object_detection_opencv_cpp/data/cassini/issna/ymir/images/co-iss-n1704515008.png,true,false
co-iss-n1717005049,cassini,issna,ymir,RED,100,2012-05-29T16:57:10.667,Ymir,https://opus.pds-rings.seti.org/holdings/previews/COISS_2xxx/COISS_2074/data/1717001485_1717017471/N1717005049_1_full.png,926d3dc96ed3dae8afd07a4c08544b6d9d373fe30c758c069d83586b3d60ae29,/Users/upadhyay/dev/ICES/object_detection_opencv_cpp/data/cassini/issna/ymir/images/co-iss-n1717005049.png,true,false
co-iss-n1574853496,cassini,issna,ymir,RED,82,2007-11-27T10:41:07.639,Ymir,https://opus.pds-rings.seti.org/holdings/previews/COISS_2xxx/COISS_2039/data/1574712106_1575013798/N1574853496_1_full.png,5bef4e8f992ee8216c86a3eb01ad4d6ae0c91b17c725b337b3543064690a6e66,/Users/upadhyay/dev/ICES/object_detection_opencv_cpp/data/cassini/issna/ymir/images/co-iss-n1574853496.png,true,false
co-iss-n1574853594,cassini,issna,ymir,IR2,82,2007-11-27T10:42:45.638,Ymir,https://opus.pds-rings.seti.org/holdings/previews/COISS_2xxx/COISS_2039/data/1574712106_1575013798/N1574853594_1_full.png,6e260d9d0c410ab6264ce37f54b5606a00d5485cbd794db6bb43a29b249ac360,/Users/upadhyay/dev/ICES/object_detection_opencv_cpp/data/cassini/issna/ymir/images/co-iss-n1574853594.png,true,false
co-iss-n1574853692,cassini,issna,ymir,CLEAR,82,2007-11-27T10:44:23.641,Ymir,https://opus.pds-rings.seti.org/holdings/previews/COISS_2xxx/COISS_2039/data/1574712106_1575013798/N1574853692_1_full.png,a58e54e28e69217d9483e85790b861eb1badf0facb67149f1689bfba76f95ffa,/Users/upadhyay/dev/ICES/object_detection_opencv_cpp/data/cassini/issna/ymir/images/co-iss-n1574853692.png,true,false
co-iss-n1347929217,cassini,issna,unknown,BL1,0.12,2000-09-18T00:36:21.408,Alp PsA (Fomalhaut),https://opus.pds-rings.seti.org/holdings/previews/COISS_1xxx/COISS_1001/data/1339271046_1347931867/N1347929217_3_full.png,d819289758afc39a279070eb249f01b54abe181d8c91bbc0b577d3896927f475,/Users/upadhyay/dev/ICES/object_detection_opencv_cpp/data/cassini/issna/unknown/images/co-iss-n1347929217.png,true,false
co-iss-n1347929960,cassini,issna,unknown,MT3,2.6,2000-09-18T00:48:41.923,Alp PsA (Fomalhaut),https://opus.pds-rings.seti.org/holdings/previews/COISS_1xxx/COISS_1001/data/1339271046_1347931867/N1347929960_3_full.png,c822abebe98478a3106677f08c9c6a2b247b2db7fb9e9971146bdb5ef8c9207b,/Users/upadhyay/dev/ICES/object_detection_opencv_cpp/data/cassini/issna/unknown/images/co-iss-n1347929960.png,true,false
co-iss-n1347929272,cassini,issna,unknown,BL1,0.1,2000-09-18T00:37:16.428,Alp PsA (Fomalhaut),https://opus.pds-rings.seti.org/holdings/previews/COISS_1xxx/COISS_1001/data/1339271046_1347931867/N1347929272_3_full.png,8381111db87a18ef042da51ea3b4670b53e79adf5547e8003a374be4e70a6368,/Users/upadhyay/dev/ICES/object_detection_opencv_cpp/data/cassini/issna/unknown/images/co-iss-n1347929272.png,true,false
co-iss-n1347929327,cassini,issna,unknown,GRN,0.06,2000-09-18T00:38:11.468,Alp PsA (Fomalhaut),https://opus.pds-rings.seti.org/holdings/previews/COISS_1xxx/COISS_1001/data/1339271046_1347931867/N1347929327_3_full.png,73950a1fc9b5e3d7764ab87a9fd02edb75728ab97c12f25655923386fdc5f4d2,/Users/upadhyay/dev/ICES/object_detection_opencv_cpp/data/cassini/issna/unknown/images/co-iss-n1347929327.png,true,false
co-iss-n1347929437,cassini,issna,unknown,GRN,0.04,2000-09-18T00:40:01.487,Alp PsA (Fomalhaut),https://opus.pds-rings.seti.org/holdings/previews/COISS_1xxx/COISS_1001/data/1339271046_1347931867/N1347929437_3_full.png,4f1a879e9ac42b2c29bc76b31f3756aa60a6bc5fe5150f9675948defc0a45a1f,/Users/upadhyay/dev/ICES/object_detection_opencv_cpp/data/cassini/issna/unknown/images/co-iss-n1347929437.png,true,false
co-iss-w1295204634,cassini,issna,unknown,VIO,1,1999-01-16T18:59:08.409,Alp Vir (Spica),https://opus.pds-rings.seti.org/holdings/previews/COISS_1xxx/COISS_1001/data/1294561143_1295221348/W1295204634_1_full.png,5293ac0598f24f71d6aa3e845738cae815901b7b9cbd999009ed7d9a49ab330c,/Users/upadhyay/dev/ICES/object_detection_opencv_cpp/data/cassini/issna/unknown/images/co-iss-w1295204634.png,true,false
co-iss-w1295214456,cassini,issna,unknown,RED,0.07,1999-01-16T21:42:50.344,Alp Vir (Spica),https://opus.pds-rings.seti.org/holdings/previews/COISS_1xxx/COISS_1001/data/1294561143_1295221348/W1295214456_1_full.png,1aee0640778fc5ef4f5385b348d1c81212f19ce33ca186ba663d8fc16cb4c256,/Users/upadhyay/dev/ICES/object_detection_opencv_cpp/data/cassini/issna/unknown/images/co-iss-w1295214456.png,true,false
co-iss-w1295204693,cassini,issna,unknown,VIO,0.56,1999-01-16T19:00:07.408,Alp Vir (Spica),https://opus.pds-rings.seti.org/holdings/previews/COISS_1xxx/COISS_1001/data/1294561143_1295221348/W1295204693_1_full.png,7ec2368930b812535bbb33ca15dc37aefd4552fb52b58790d552548b5ff5057a,/Users/upadhyay/dev/ICES/object_detection_opencv_cpp/data/cassini/issna/unknown/images/co-iss-w1295204693.png,true,false
co-iss-w1295204752,cassini,issna,unknown,VIO,0.22,1999-01-16T19:01:06.408,Alp Vir (Spica),https://opus.pds-rings.seti.org/holdings/previews/COISS_1xxx/COISS_1001/data/1294561143_1295221348/W1295204752_1_full.png,80c4bcb55cd45e883070e5f673a19f8f9d93bf3505aee4044bf118d59a1373be,/Users/upadhyay/dev/ICES/object_detection_opencv_cpp/data/cassini/issna/unknown/images/co-iss-w1295204752.png,true,false
co-iss-w1295204873,cassini,issna,unknown,VIO,2,1999-01-16T19:03:07.876,Alp Vir (Spica),https://opus.pds-rings.seti.org/holdings/previews/COISS_1xxx/COISS_1001/data/1294561143_1295221348/W1295204873_1_full.png,da21ed8770d0a5a13a6cf7fff010f5087b92c2fe6b6d0611e051fec16bef0e9b,/Users/upadhyay/dev/ICES/object_detection_opencv_cpp/data/cassini/issna/unknown/images/co-iss-w1295204873.png,true,false
co-iss-n1647939296,cassini,issna,unknown,RED,100,2010-03-22T08:10:30.907,Dark,https://opus.pds-rings.seti.org/holdings/previews/COISS_2xxx/COISS_2061/data/1647019391_1648041857/N1647939296_1_full.png,585d2b540597af55426ccf426224972e1e625c278164f6337eafe7f9c0232c94,/Users/upadhyay/dev/ICES/object_detection_opencv_cpp/data/cassini/issna/unknown/images/co-iss-n1647939296.png,true,false
co-iss-n1744744157,cassini,issna,unknown,RED,100,2013-04-15T18:14:21.410,Dark,https://opus.pds-rings.seti.org/holdings/previews/COISS_2xxx/COISS_2082/data/1744603525_1744748037/N1744744157_1_full.png,dc856718df88decb85bd8888e4abd488ae8450f3a77c7a0b32559b3f352a09ad,/Users/upadhyay/dev/ICES/object_detection_opencv_cpp/data/cassini/issna/unknown/images/co-iss-n1744744157.png,true,false
co-iss-n1769720755,cassini,issna,unknown,RED,100,2014-01-29T20:08:20.716,Dark,https://opus.pds-rings.seti.org/holdings/previews/COISS_2xxx/COISS_2088/data/1769461037_1769746870/N1769720755_1_full.png,bd857878d0a5ed8400f3e6b268a1ca64751dbd63be7e24d7cf376e49f6bb66b8,/Users/upadhyay/dev/ICES/object_detection_opencv_cpp/data/cassini/issna/unknown/images/co-iss-n1769720755.png,true,false
co-iss-n1769721355,cassini,issna,unknown,RED,100,2014-01-29T20:18:20.712,Dark,https://opus.pds-rings.seti.org/holdings/previews/COISS_2xxx/COISS_2088/data/1769461037_1769746870/N1769721355_1_full.png,52b3f611f39d68fedd4462c522c300481fe914b926770da3dfec9ee9fb5833ea,/Users/upadhyay/dev/ICES/object_detection_opencv_cpp/data/cassini/issna/unknown/images/co-iss-n1769721355.png,true,false
co-iss-n1769721955,cassini,issna,unknown,RED,100,2014-01-29T20:28:20.708,Dark,https://opus.pds-rings.seti.org/holdings/previews/COISS_2xxx/COISS_2088/data/1769461037_1769746870/N1769721955_1_full.png,277682075a57027752cd0e6a02fe968999fafc20e636d2aee9b6f0ee4b5f9eee,/Users/upadhyay/dev/ICES/object_detection_opencv_cpp/data/cassini/issna/unknown/images/co-iss-n1769721955.png,true,false
co-iss-n1357536475,cassini,issna,unknown,UV2,2,2001-01-07T05:16:11.035,Dark Sky,https://opus.pds-rings.seti.org/holdings/previews/COISS_1xxx/COISS_1004/data/1357456832_1357539422/N1357536475_1_full.png,f5610eecee66ad08846540aca077de77cf11077baee81249e01650611a0f75d2,/Users/upadhyay/dev/ICES/object_detection_opencv_cpp/data/cassini/issna/unknown/images/co-iss-n1357536475.png,true,false
co-iss-w1357539463,cassini,issna,unknown,MT2+IRP90,1,2001-01-07T06:06:00.015,Dark Sky,https://opus.pds-rings.seti.org/holdings/previews/COISS_1xxx/COISS_1004/data/1357539422_1357559280/W1357539463_1_full.png,43d199a57b54103e379fceb96c9b9d5aaf0268965a1eb46ef04b56a7456e679e,/Users/upadhyay/dev/ICES/object_detection_opencv_cpp/data/cassini/issna/unknown/images/co-iss-w1357539463.png,true,false
co-iss-n1357536508,cassini,issna,unknown,UV2,2,2001-01-07T05:16:44.043,Dark Sky,https://opus.pds-rings.seti.org/holdings/previews/COISS_1xxx/COISS_1004/data/1357456832_1357539422/N1357536508_1_full.png,67e1abc207531701cd9a6acfbec74eb27fa57ea795b857b979d920d02ecf2ef5,/Users/upadhyay/dev/ICES/object_detection_opencv_cpp/data/cassini/issna/unknown/images/co-iss-n1357536508.png,true,false
co-iss-n1357536541,cassini,issna,unknown,UV2,2,2001-01-07T05:17:17.046,Dark Sky,https://opus.pds-rings.seti.org/holdings/previews/COISS_1xxx/COISS_1004/data/1357456832_1357539422/N1357536541_1_full.png,45369b9772d9d079fee0c00a3118d2ca9457d0e220a0f316cdac94eabc4a89dd,/Users/upadhyay/dev/ICES/object_detection_opencv_cpp/data/cassini/issna/unknown/images/co-iss-n1357536541.png,true,false
co-iss-n1357536607,cassini,issna,unknown,UV2,2,2001-01-07T05:18:23.054,Dark Sky,https://opus.pds-rings.seti.org/holdings/previews/COISS_1xxx/COISS_1004/data/1357456832_1357539422/N1357536607_1_full.png,b625f4af950e47ec3b176c4484db8f0609f40c0db3cd9e41e0b3f344fa603583,/Users/upadhyay/dev/ICES/object_detection_opencv_cpp/data/cassini/issna/unknown/images/co-iss-n1357536607.png,true,false
co-iss-n1327288363,cassini,issna,unknown,GRN+P120,2,2000-01-23T03:04:25.668,Masursky,https://opus.pds-rings.seti.org/holdings/previews/COISS_1xxx/COISS_1001/data/1313633670_1327290527/N1327288363_1_full.png,2251f14083d786c110f95ec639ff037f974491e65de47e3e4877fc8972495c7e,/Users/upadhyay/dev/ICES/object_detection_opencv_cpp/data/cassini/issna/unknown/images/co-iss-n1327288363.png,true,false
co-iss-n1327291364,cassini,issna,unknown,CLEAR,1.2,2000-01-23T03:54:26.984,Masursky,https://opus.pds-rings.seti.org/holdings/previews/COISS_1xxx/COISS_1001/data/1327290583_1338696666/N1327291364_1_full.png,fdfaafea73dd6f043f786dda230e3b221640d90b3839d8886a99182b36fefee6,/Users/upadhyay/dev/ICES/object_detection_opencv_cpp/data/cassini/issna/unknown/images/co-iss-n1327291364.png,true,false
co-iss-n1327288425,cassini,issna,unknown,GRN+P120,3.2,2000-01-23T03:05:27.667,Masursky,https://opus.pds-rings.seti.org/holdings/previews/COISS_1xxx/COISS_1001/data/1313633670_1327290527/N1327288425_1_full.png,3169941575f16333e2abb9e3e0ef6f40dd9cdf2d48397173042c1d5c8237b9e3,/Users/upadhyay/dev/ICES/object_detection_opencv_cpp/data/cassini/issna/unknown/images/co-iss-n1327288425.png,true,false
co-iss-n1327288480,cassini,issna,unknown,GRN+P60,2,2000-01-23T03:06:22.667,Masursky,https://opus.pds-rings.seti.org/holdings/previews/COISS_1xxx/COISS_1001/data/1313633670_1327290527/N1327288480_1_full.png,8e4f2745948c75848470ecb17fadbdf1f7021983e4bb4d14b2d965b254f25d75,/Users/upadhyay/dev/ICES/object_detection_opencv_cpp/data/cassini/issna/unknown/images/co-iss-n1327288480.png,true,false
co-iss-n1327288597,cassini,issna,unknown,GRN+P0,2,2000-01-23T03:08:19.666,Masursky,https://opus.pds-rings.seti.org/holdings/previews/COISS_1xxx/COISS_1001/data/1313633670_1327290527/N1327288597_1_full.png,914065a981888770ab857de29ec347fdb6be42c4c9e109b6cba9feacda186e96,/Users/upadhyay/dev/ICES/object_detection_opencv_cpp/data/cassini/issna/unknown/images/co-iss-n1327288597.png,true,false
co-iss-n1294639512,cassini,issna,unknown,MT3+P120,0.005,1999-01-10T06:00:30.166,Sky,https://opus.pds-rings.seti.org/holdings/previews/COISS_1xxx/COISS_1001/data/1294561143_1295221348/N1294639512_1_full.png,fa68101be1174bb6516ccf194469e5903622175eca450bdf8890e80d0a372806,/Users/upadhyay/dev/ICES/object_detection_opencv_cpp/data/cassini/issna/unknown/images/co-iss-n1294639512.png,true,false
co-iss-n1593167902,cassini,issna,unknown,IR2,0.02,2008-06-26T10:00:26.320,Sky,https://opus.pds-rings.seti.org/holdings/previews/COISS_2xxx/COISS_2046/data/1593160851_1593176899/N1593167902_1_full.png,55e0b51ed4c3274d6ef11636058dbdefe955bcdbf621bfef60639aec3da2dab9,/Users/upadhyay/dev/ICES/object_detection_opencv_cpp/data/cassini/issna/unknown/images/co-iss-n1593167902.png,true,false
co-iss-w1294639512,cassini,issna,unknown,HAL+CB3,0.06,1999-01-10T06:00:30.166,Sky,https://opus.pds-rings.seti.org/holdings/previews/COISS_1xxx/COISS_1001/data/1294561143_1295221348/W1294639512_1_full.png,c6c185c9733f916b290569485bc8a5992b8e43fb9b556c6742d777228cf04c4a,/Users/upadhyay/dev/ICES/object_detection_opencv_cpp/data/cassini/issna/unknown/images/co-iss-w1294639512.png,true,false
co-iss-n1294639598,cassini,issna,unknown,CLEAR,0.32,1999-01-10T06:01:56.166,Sky,https://opus.pds-rings.seti.org/holdings/previews/COISS_1xxx/COISS_1001/data/1294561143_1295221348/N1294639598_1_full.png,1cef7c6cac83a6af8024ed88a5be1660f9321047b790432c97fbb42d1f2097e1,/Users/upadhyay/dev/ICES/object_detection_opencv_cpp/data/cassini/issna/unknown/images/co-iss-n1294639598.png,true,false
co-iss-n1294639684,cassini,issna,unknown,MT3+P120,0.005,1999-01-10T06:03:22.165,Sky,https://opus.pds-rings.seti.org/holdings/previews/COISS_1xxx/COISS_1001/data/1294561143_1295221348/N1294639684_1_full.png,3512266b1d9e92dc3a7daedf6f4f47eb5c14907dd3e93aedecdd9048fc400bde,/Users/upadhyay/dev/ICES/object_detection_opencv_cpp/data/cassini/issna/unknown/images/co-iss-n1294639684.png,true,false
co-iss-n1521880638,cassini,issna,unknown,CLEAR,1,2006-03-24T08:07:10.329,Star,https://opus.pds-rings.seti.org/holdings/previews/COISS_2xxx/COISS_2021/data/1521798868_1521893025/N1521880638_2_full.png,38911552371eb6584092badbb8d608caa98ad9d1afadad3ecc771a0fa5d3d06e,/Users/upadhyay/dev/ICES/object_detection_opencv_cpp/data/cassini/issna/unknown/images/co-iss-n1521880638.png,true,false
co-iss-n1539723040,cassini,issna,unknown,RED,10,2006-10-16T20:18:29.496,Star,https://opus.pds-rings.seti.org/holdings/previews/COISS_2xxx/COISS_2026/data/1539677190_1539755710/N1539723040_1_full.png,4523c1a326c5ab0ed17ef67488f064edc16b45e6880f8b312b7ebf4581f839dd,/Users/upadhyay/dev/ICES/object_detection_opencv_cpp/data/cassini/issna/unknown/images/co-iss-n1539723040.png,true,false
co-iss-w1521880638,cassini,issna,unknown,CLEAR,1,2006-03-24T08:07:10.329,Star,https://opus.pds-rings.seti.org/holdings/previews/COISS_2xxx/COISS_2021/data/1521798868_1521893025/W1521880638_2_full.png,e5b939f3edd5865b3ef7d35a99bafa3789383b6a3093f50b45140900a8e650c6,/Users/upadhyay/dev/ICES/object_detection_opencv_cpp/data/cassini/issna/unknown/images/co-iss-w1521880638.png,true,false
co-iss-n1521880998,cassini,issna,unknown,CLEAR,1,2006-03-24T08:13:10.326,Star,https://opus.pds-rings.seti.org/holdings/previews/COISS_2xxx/COISS_2021/data/1521798868_1521893025/N1521880998_2_full.png,236b50535c16f1159ab38e4fdd8b3ef7dd6bcc4f0d75ad82b3c4f0aee05f16a6,/Users/upadhyay/dev/ICES/object_detection_opencv_cpp/data/cassini/issna/unknown/images/co-iss-n1521880998.png,true,false
co-iss-n1521881358,cassini,issna,unknown,CLEAR,1,2006-03-24T08:19:10.324,Star,https://opus.pds-rings.seti.org/holdings/previews/COISS_2xxx/COISS_2021/data/1521798868_1521893025/N1521881358_2_full.png,c4d3f4b91da77f5994e214bdb10d29b3cf0a997a98a8eaf1c1f895de90cd9b9b,/Users/upadhyay/dev/ICES/object_detection_opencv_cpp/data/cassini/issna/unknown/images/co-iss-n1521881358.png,true,false
co-iss-n1405398554,cassini,issna,unknown,IR1,10,2002-07-15T04:11:45.993,Sun,https://opus.pds-rings.seti.org/holdings/previews/COISS_1xxx/COISS_1008/data/1405160033_1405415729/N1405398554_1_full.png,d7b54a51e31266e593aee082ff9fe760faafc2b10a6324ea121f8a9068fdef2c,/Users/upadhyay/dev/ICES/object_detection_opencv_cpp/data/cassini/issna/unknown/images/co-iss-n1405398554.png,true,false
co-iss-n1461851057,cassini,issna,unknown,CLEAR,4.6,2004-04-28T13:20:33.470,Sun,https://opus.pds-rings.seti.org/holdings/previews/COISS_2xxx/COISS_2002/data/1461849338_1461855057/N1461851057_1_full.png,3a5a71eb516e08ac45a975f2dadf177ded4b8556b097849d5098fcacf2457b3f,/Users/upadhyay/dev/ICES/object_detection_opencv_cpp/data/cassini/issna/unknown/images/co-iss-n1461851057.png,true,false
co-iss-w1405398554,cassini,issna,unknown,IR1,1.2,2002-07-15T04:11:54.793,Sun,https://opus.pds-rings.seti.org/holdings/previews/COISS_1xxx/COISS_1008/data/1405160033_1405415729/W1405398554_1_full.png,a1736279393af54db7d016f53492013cb592ce0b58f36e8561d32b897357fed6,/Users/upadhyay/dev/ICES/object_detection_opencv_cpp/data/cassini/issna/unknown/images/co-iss-w1405398554.png,true,false
co-iss-n1405398611,cassini,issna,unknown,CLEAR,18,2002-07-15T04:12:34.996,Sun,https://opus.pds-rings.seti.org/holdings/previews/COISS_1xxx/COISS_1008/data/1405160033_1405415729/N1405398611_1_full.png,b77c39aa807e4931c838c90847072b830bd81c33429df8d5ae207c0e2d6a9e43,/Users/upadhyay/dev/ICES/object_detection_opencv_cpp/data/cassini/issna/unknown/images/co-iss-n1405398611.png,true,false
co-iss-n1405398700,cassini,issna,unknown,BL1,38,2002-07-15T04:13:44.000,Sun,https://opus.pds-rings.seti.org/holdings/previews/COISS_1xxx/COISS_1008/data/1405160033_1405415729/N1405398700_1_full.png,f0deb42473b0aceb4437e9c6152bd46b76411f59b902f41d70f890f2a361d437,/Users/upadhyay/dev/ICES/object_detection_opencv_cpp/data/cassini/issna/unknown/images/co-iss-n1405398700.png,true,false
co-iss-w1294561438,cassini,issna,unknown,CLEAR,0.04,1999-01-09T08:19:16.646,None,https://opus.pds-rings.seti.org/holdings/previews/COISS_1xxx/COISS_1001/data/1294561143_1295221348/W1294561438_1_full.png,3995fedbdb0df73813c17879cf66e585f0d9f581c5303e811a378a3159cec407,/Users/upadhyay/dev/ICES/object_detection_opencv_cpp/data/cassini/issna/unknown/images/co-iss-w1294561438.png,true,false
co-iss-n1338911623,cassini,issna,unknown,CLEAR,0,2000-06-05T15:44:08.564,None,https://opus.pds-rings.seti.org/holdings/previews/COISS_1xxx/COISS_1001/data/1338756756_1338935702/N1338911623_1_full.png,c48631711f3af19c7a0adb00878d972e5d6e5a83f6ffdd5549844c2927d5f4be,/Users/upadhyay/dev/ICES/object_detection_opencv_cpp/data/cassini/issna/unknown/images/co-iss-n1338911623.png,true,false
co-iss-w1294561497,cassini,issna,unknown,CLEAR,0.12,1999-01-09T08:20:15.568,None,https://opus.pds-rings.seti.org/holdings/previews/COISS_1xxx/COISS_1001/data/1294561143_1295221348/W1294561497_1_full.png,3d3a6caf820ae168028b29a0561154fcc91dd3b136f16a5d70f1f9c4602dd496,/Users/upadhyay/dev/ICES/object_detection_opencv_cpp/data/cassini/issna/unknown/images/co-iss-w1294561497.png,true,false
co-iss-w1294561579,cassini,issna,unknown,CLEAR,220,1999-01-09T08:21:37.692,None,https://opus.pds-rings.seti.org/holdings/previews/COISS_1xxx/COISS_1001/data/1294561143_1295221348/W1294561579_1_full.png,656644b0d19f15bb019b81ae2123196da574f8949f73af7c4e604732ca321539,/Users/upadhyay/dev/ICES/object_detection_opencv_cpp/data/cassini/issna/unknown/images/co-iss-w1294561579.png,true,false
co-iss-w1294562032,cassini,issna,unknown,CLEAR,3.8,1999-01-09T08:29:10.381,None,https://opus.pds-rings.seti.org/holdings/previews/COISS_1xxx/COISS_1001/data/1294561143_1295221348/W1294562032_1_full.png,65f2ad23d13091ca2b32de5119aeadbbc862bc5c5ce5b3128f586cd5ef5fa051,/Users/upadhyay/dev/ICES/object_detection_opencv_cpp/data/cassini/issna/unknown/images/co-iss-w1294562032.png,true,false
co-iss-w1643264379,cassini,issna,aegaeon,CLEAR,2,2010-01-27T05:35:45.214,Aegaeon,https://opus.pds-rings.seti.org/holdings/previews/COISS_2xxx/COISS_2060/data/1643188892_1643282464/W1643264379_1_full.png,b32ad2e8d13e6c07d8c8f1a0b8b34f0092ecd919edfa7b443bf9e72a73937b28,/Users/upadhyay/dev/ICES/object_detection_opencv_cpp/data/cassini/issna/aegaeon/images/co-iss-w1643264379.png,true,position_only
co-iss-n1796083015,cassini,issna,aegaeon,CLEAR,4.6,2014-11-30T22:56:28.449,Aegaeon,https://opus.pds-rings.seti.org/holdings/previews/COISS_2xxx/COISS_2093/data/1795695622_1796433244/N1796083015_1_full.png,81bf906259d24574c1a41f6b3fb4927961a80ec7435dbbc8ca1c6e1065fac05c,/Users/upadhyay/dev/ICES/object_detection_opencv_cpp/data/cassini/issna/aegaeon/images/co-iss-n1796083015.png,true,position_only
co-iss-n1643264379,cassini,issna,aegaeon,CLEAR,0.46,2010-01-27T05:35:46.754,Aegaeon,https://opus.pds-rings.seti.org/holdings/previews/COISS_2xxx/COISS_2060/data/1643188892_1643282464/N1643264379_1_full.png,0e60db6345ac4c41e68d343b77620e22a8a7ac849390380537593422987c2b31,/Users/upadhyay/dev/ICES/object_detection_opencv_cpp/data/cassini/issna/aegaeon/images/co-iss-n1643264379.png,true,position_only
co-iss-n1643264504,cassini,issna,aegaeon,CLEAR,3.8,2010-01-27T05:37:48.421,Aegaeon,https://opus.pds-rings.seti.org/holdings/previews/COISS_2xxx/COISS_2060/data/1643188892_1643282464/N1643264504_1_full.png,1e5653557ae91dbb7b7f427eee0128b2c95268dfb3f19b0aa4244f8296e6aff7,/Users/upadhyay/dev/ICES/object_detection_opencv_cpp/data/cassini/issna/aegaeon/images/co-iss-n1643264504.png,true,position_only
co-iss-n1643264609,cassini,issna,aegaeon,RED,0.38,2010-01-27T05:39:36.844,Aegaeon,https://opus.pds-rings.seti.org/holdings/previews/COISS_2xxx/COISS_2060/data/1643188892_1643282464/N1643264609_1_full.png,6625730175fb0cf08729d9165716bd7dd6a645e14fd34962948c1d4fe22ee01a,/Users/upadhyay/dev/ICES/object_detection_opencv_cpp/data/cassini/issna/aegaeon/images/co-iss-n1643264609.png,true,position_only
co-iss-n1577213336,cassini,issna,anthe,CLEAR,0.12,2007-12-24T18:12:52.853,Anthe,https://opus.pds-rings.seti.org/holdings/previews/COISS_2xxx/COISS_2040/data/1577179689_1577437700/N1577213336_1_full.png,ed2956c1fee8fcb450a946c3efcf9b22e458bc98e78c3ba917b64ebefe8bc2e2,/Users/upadhyay/dev/ICES/object_detection_opencv_cpp/data/cassini/issna/anthe/images/co-iss-n1577213336.png,true,position_only
co-iss-n1741957066,cassini,issna,anthe,CLEAR,10,2013-03-14T12:02:58.144,Anthe,https://opus.pds-rings.seti.org/holdings/previews/COISS_2xxx/COISS_2081/data/1741622806_1742282623/N1741957066_1_full.png,01f1cdee5d9383091c9463949a2eaa5630af1e84a4e11fcab518cb664b6439a6,/Users/upadhyay/dev/ICES/object_detection_opencv_cpp/data/cassini/issna/anthe/images/co-iss-n1741957066.png,true,position_only
co-iss-n1578546652,cassini,issna,anthe,CLEAR,0.68,2008-01-09T04:34:38.889,Anthe,https://opus.pds-rings.seti.org/holdings/previews/COISS_2xxx/COISS_2041/data/1578429094_1578765963/N1578546652_1_full.png,3b10ce5dfc88387979d7523383124f9555c5bd41b9cee866ec144ddddf6e4b6b,/Users/upadhyay/dev/ICES/object_detection_opencv_cpp/data/cassini/issna/anthe/images/co-iss-n1578546652.png,true,position_only
co-iss-n1578546695,cassini,issna,anthe,CLEAR,0.12,2008-01-09T04:35:22.433,Anthe,https://opus.pds-rings.seti.org/holdings/previews/COISS_2xxx/COISS_2041/data/1578429094_1578765963/N1578546695_1_full.png,684a36e8ff2257a57a550078178cc732b7214bc96ac505cf9820bcca1f60d9ca,/Users/upadhyay/dev/ICES/object_detection_opencv_cpp/data/cassini/issna/anthe/images/co-iss-n1578546695.png,true,position_only
co-iss-w1578546695,cassini,issna,anthe,CLEAR,0.1,2008-01-09T04:35:22.453,Anthe,https://opus.pds-rings.seti.org/holdings/previews/COISS_2xxx/COISS_2041/data/1578429094_1578765963/W1578546695_1_full.png,4019858413868edd6ed16074422d24bb39eb824a76943e295a58ab74b153c45a,/Users/upadhyay/dev/ICES/object_detection_opencv_cpp/data/cassini/issna/anthe/images/co-iss-w1578546695.png,true,position_only
co-iss-n1667129824,cassini,issna,bergelmir,CLEAR,220,2010-10-30T10:46:41.437,Bergelmir,https://opus.pds-rings.seti.org/holdings/previews/COISS_2xxx/COISS_2066/data/1667090208_1667151746/N1667129824_1_full.png,c8dd8cb2575beb632aaa415e51fce617cdc24275e930f259eb66956a0d0eecdc,/Users/upadhyay/dev/ICES/object_detection_opencv_cpp/data/cassini/issna/bergelmir/images/co-iss-n1667129824.png,true,false
co-iss-n1820862610,cassini,issna,bergelmir,CLEAR,220,2015-09-13T18:03:29.160,Bergelmir,https://opus.pds-rings.seti.org/holdings/previews/COISS_2xxx/COISS_2099/data/1820848330_1820883890/N1820862610_1_full.png,a71db16d4233327ab4a634152d2e985a1dbbdd2e4e1371d0ad7903966b5fc42d,/Users/upadhyay/dev/ICES/object_detection_opencv_cpp/data/cassini/issna/bergelmir/images/co-iss-n1820862610.png,true,false
co-iss-n1667131640,cassini,issna,bergelmir,CLEAR,220,2010-10-30T11:16:57.439,Bergelmir,https://opus.pds-rings.seti.org/holdings/previews/COISS_2xxx/COISS_2066/data/1667090208_1667151746/N1667131640_1_full.png,05130bc89adea7d2d29d5732997997425407824047feb95a6f83f6716f772471,/Users/upadhyay/dev/ICES/object_detection_opencv_cpp/data/cassini/issna/bergelmir/images/co-iss-n1667131640.png,true,false
co-iss-n1667132160,cassini,issna,bergelmir,CLEAR,460,2010-10-30T11:21:37.435,Bergelmir,https://opus.pds-rings.seti.org/holdings/previews/COISS_2xxx/COISS_2066/data/1667090208_1667151746/N1667132160_1_full.png,c17468393bf3c9c1ce78aebf2ceb1917d8a4ab1dd14dd85a1a22124467b6bdb1,/Users/upadhyay/dev/ICES/object_detection_opencv_cpp/data/cassini/issna/bergelmir/images/co-iss-n1667132160.png,true,false
co-iss-n1667133192,cassini,issna,bergelmir,IR1,1000,2010-10-30T11:29:49.432,Bergelmir,https://opus.pds-rings.seti.org/holdings/previews/COISS_2xxx/COISS_2066/data/1667090208_1667151746/N1667133192_1_full.png,a2326a30a73fe5ce46b76eeb6fcce0e75bc1cd19cf5c0dceed80540274699ac3,/Users/upadhyay/dev/ICES/object_detection_opencv_cpp/data/cassini/issna/bergelmir/images/co-iss-n1667133192.png,true,false
co-iss-n1356766730,cassini,issna,callisto,GRN+P60,0.03,2000-12-29T07:27:13.390,Callisto,https://opus.pds-rings.seti.org/holdings/previews/COISS_1xxx/COISS_1004/data/1356766598_1356776825/N1356766730_1_full.png,c95ae9921a44595aab2a872eb9a3831ae780eb8ea711a3cff2239857ee442d03,/Users/upadhyay/dev/ICES/object_detection_opencv_cpp/data/cassini/issna/callisto/images/co-iss-n1356766730.png,true,true
co-iss-n1356767353,cassini,issna,callisto,IR2+IR3,0.09,2000-12-29T07:37:36.299,Callisto,https://opus.pds-rings.seti.org/holdings/previews/COISS_1xxx/COISS_1004/data/1356766598_1356776825/N1356767353_1_full.png,ab23eff94e353d28f0acfde3cc26848eea4f8b7d0da732346291e36f24d63e79,/Users/upadhyay/dev/ICES/object_detection_opencv_cpp/data/cassini/issna/callisto/images/co-iss-n1356767353.png,true,true
co-iss-n1356766763,cassini,issna,callisto,MT2+P60,0.56,2000-12-29T07:27:45.864,Callisto,https://opus.pds-rings.seti.org/holdings/previews/COISS_1xxx/COISS_1004/data/1356766598_1356776825/N1356766763_1_full.png,6efbd4c28eb9eec47eeb6fb3c461e330c9ca740c676171d474216230ae4e10ac,/Users/upadhyay/dev/ICES/object_detection_opencv_cpp/data/cassini/issna/callisto/images/co-iss-n1356766763.png,true,true
co-iss-n1356766796,cassini,issna,callisto,UV3+P120,1.8,2000-12-29T07:28:17.632,Callisto,https://opus.pds-rings.seti.org/holdings/previews/COISS_1xxx/COISS_1004/data/1356766598_1356776825/N1356766796_1_full.png,f1ac27d54bf8051c7db4cf46da7559395b96fa67109397581fb50cf52a4735ca,/Users/upadhyay/dev/ICES/object_detection_opencv_cpp/data/cassini/issna/callisto/images/co-iss-n1356766796.png,true,true
co-iss-n1356766862,cassini,issna,callisto,MT2+P120,0.56,2000-12-29T07:29:24.875,Callisto,https://opus.pds-rings.seti.org/holdings/previews/COISS_1xxx/COISS_1004/data/1356766598_1356776825/N1356766862_1_full.png,872b24cd1ddc4e34160163433ae16b4b29bf6272a06311cf979d838090a823d6,/Users/upadhyay/dev/ICES/object_detection_opencv_cpp/data/cassini/issna/callisto/images/co-iss-n1356766862.png,true,true
co-iss-n1521540757,cassini,issna,daphnis,CLEAR,0.09,2006-03-20T09:42:32.388,Daphnis,https://opus.pds-rings.seti.org/holdings/previews/COISS_2xxx/COISS_2021/data/1521526123_1521584811/N1521540757_1_full.png,f5637ef196ce1332ddcb7dea95cc38349d1c4e5e020f6fb9206a5fff2dc20f9e,/Users/upadhyay/dev/ICES/object_detection_opencv_cpp/data/cassini/issna/daphnis/images/co-iss-n1521540757.png,true,position_only
co-iss-n1638080758,cassini,issna,daphnis,CLEAR,0.15,2009-11-28T05:42:42.957,Daphnis,https://opus.pds-rings.seti.org/holdings/previews/COISS_2xxx/COISS_2059/data/1637959435_1638085617/N1638080758_1_full.png,428d896915751075f0a82d0dd18e66ef5214bcfec3ea76629983098972e5d9f2,/Users/upadhyay/dev/ICES/object_detection_opencv_cpp/data/cassini/issna/daphnis/images/co-iss-n1638080758.png,true,position_only
co-iss-n1521540797,cassini,issna,daphnis,CLEAR,0.09,2006-03-20T09:43:12.388,Daphnis,https://opus.pds-rings.seti.org/holdings/previews/COISS_2xxx/COISS_2021/data/1521526123_1521584811/N1521540797_1_full.png,eb9a5cb116480cac08ec1bbbc3f3507cc8bf7edf2fcbf8264667fd9bff89c3fd,/Users/upadhyay/dev/ICES/object_detection_opencv_cpp/data/cassini/issna/daphnis/images/co-iss-n1521540797.png,true,position_only
co-iss-n1521540870,cassini,issna,daphnis,CLEAR,0.09,2006-03-20T09:44:25.388,Daphnis,https://opus.pds-rings.seti.org/holdings/previews/COISS_2xxx/COISS_2021/data/1521526123_1521584811/N1521540870_1_full.png,10ab06f5cfb02d76c044caba01bfb3d4724d4b262d00224625e3dbdd089bf8c9,/Users/upadhyay/dev/ICES/object_detection_opencv_cpp/data/cassini/issna/daphnis/images/co-iss-n1521540870.png,true,position_only
co-iss-n1521540903,cassini,issna,daphnis,CLEAR,0.09,2006-03-20T09:44:58.388,Daphnis,https://opus.pds-rings.seti.org/holdings/previews/COISS_2xxx/COISS_2021/data/1521526123_1521584811/N1521540903_1_full.png,744bb92a5065bf5b493cbddb0a4fb2ab0efdad8115f99168b3b7678672e165fd,/Users/upadhyay/dev/ICES/object_detection_opencv_cpp/data/cassini/issna/daphnis/images/co-iss-n1521540903.png,true,position_only
co-iss-n1355378027,cassini,issna,europa,UV2,0.68,2000-12-13T05:42:19.322,Europa,https://opus.pds-rings.seti.org/holdings/previews/COISS_1xxx/COISS_1004/data/1355363121_1355381570/N1355378027_1_full.png,42fd9e5c99c4c0d3d70d02dbe12d6ae6fdaf00ec13a22ff80c962c2808f6dd51,/Users/upadhyay/dev/ICES/object_detection_opencv_cpp/data/cassini/issna/europa/images/co-iss-n1355378027.png,true,true
co-iss-n1357816921,cassini,issna,europa,CLEAR,2,2001-01-10T11:10:15.339,Europa,https://opus.pds-rings.seti.org/holdings/previews/COISS_1xxx/COISS_1005/data/1357815290_1357819109/N1357816921_1_full.png,d2cecfa7f1f234cc681628a3b4ddf50c501dc221cf0342e9d8d62032ad1eea43,/Users/upadhyay/dev/ICES/object_detection_opencv_cpp/data/cassini/issna/europa/images/co-iss-n1357816921.png,true,true
co-iss-n1355379271,cassini,issna,europa,GRN+P60,0.005,2000-12-13T06:03:03.957,Europa,https://opus.pds-rings.seti.org/holdings/previews/COISS_1xxx/COISS_1004/data/1355363121_1355381570/N1355379271_1_full.png,c4ada369ba2a6646914714486f431fefb59e449cd9504b2a61b1f86c363ac1ca,/Users/upadhyay/dev/ICES/object_detection_opencv_cpp/data/cassini/issna/europa/images/co-iss-n1355379271.png,true,true
co-iss-n1355379304,cassini,issna,europa,GRN+P120,0.005,2000-12-13T06:03:36.961,Europa,https://opus.pds-rings.seti.org/holdings/previews/COISS_1xxx/COISS_1004/data/1355363121_1355381570/N1355379304_1_full.png,002e68be9d1cf8ee831491ef8ff5ab7d8ad9ab1283bc18adb8eb74026059736c,/Users/upadhyay/dev/ICES/object_detection_opencv_cpp/data/cassini/issna/europa/images/co-iss-n1355379304.png,true,true
co-iss-n1355379337,cassini,issna,europa,UV2,0.68,2000-12-13T06:04:09.290,Europa,https://opus.pds-rings.seti.org/holdings/previews/COISS_1xxx/COISS_1004/data/1355363121_1355381570/N1355379337_1_full.png,2665b65924571588703400aa17f41aea3dd56e65fffdd184529bc5a522861648,/Users/upadhyay/dev/ICES/object_detection_opencv_cpp/data/cassini/issna/europa/images/co-iss-n1355379337.png,true,true
co-iss-n1559279083,cassini,issna,fornjot,RED,82,2007-05-31T04:29:16.453,Fornjot,https://opus.pds-rings.seti.org/holdings/previews/COISS_2xxx/COISS_2032/data/1559211372_1559302672/N1559279083_1_full.png,24070a2fd04ddf680da3b1dbd826b2029bc6ef0b653f56037a90d9304d4af3a8,/Users/upadhyay/dev/ICES/object_detection_opencv_cpp/data/cassini/issna/fornjot/images/co-iss-n1559279083.png,true,false
co-iss-n1776182809,cassini,issna,fornjot,CLEAR,220,2014-04-14T15:04:53.650,Fornjot,https://opus.pds-rings.seti.org/holdings/previews/COISS_2xxx/COISS_2090/data/1776112656_1776197593/N1776182809_1_full.png,29279aea7062536b68a39d4eb61092042b2a5e71f5605b45525ef22bf22d99e3,/Users/upadhyay/dev/ICES/object_detection_opencv_cpp/data/cassini/issna/fornjot/images/co-iss-n1776182809.png,true,false
co-iss-n1559279181,cassini,issna,fornjot,IR2,82,2007-05-31T04:30:54.452,Fornjot,https://opus.pds-rings.seti.org/holdings/previews/COISS_2xxx/COISS_2032/data/1559211372_1559302672/N1559279181_1_full.png,b3be5ad3dfea68b04e31dc9cf69ed62cb2962ebfa6d8c240844faba9db610f7b,/Users/upadhyay/dev/ICES/object_detection_opencv_cpp/data/cassini/issna/fornjot/images/co-iss-n1559279181.png,true,false
co-iss-n1559279377,cassini,issna,fornjot,GRN,82,2007-05-31T04:34:10.451,Fornjot,https://opus.pds-rings.seti.org/holdings/previews/COISS_2xxx/COISS_2032/data/1559211372_1559302672/N1559279377_1_full.png,facc2a748bba4dc3f6c396c605145b04a1c4e12e6af874f1baec4dc8ca9bc078,/Users/upadhyay/dev/ICES/object_detection_opencv_cpp/data/cassini/issna/fornjot/images/co-iss-n1559279377.png,true,false
co-iss-n1559279475,cassini,issna,fornjot,IR1,82,2007-05-31T04:35:48.450,Fornjot,https://opus.pds-rings.seti.org/holdings/previews/COISS_2xxx/COISS_2032/data/1559211372_1559302672/N1559279475_1_full.png,5a80dce1d1b495ec7185faa8f5d193025bbcb617ab91c4a00aaebbe948615218,/Users/upadhyay/dev/ICES/object_detection_opencv_cpp/data/cassini/issna/fornjot/images/co-iss-n1559279475.png,true,false
co-iss-n1356764630,cassini,issna,ganymede,GRN+P60,0.01,2000-12-29T06:52:13.456,Ganymede,https://opus.pds-rings.seti.org/holdings/previews/COISS_1xxx/COISS_1004/data/1356758702_1356765306/N1356764630_1_full.png,f874b8f955658914930d3cb1d6ee663ff5c188826ffcf3d52e6a254f17e04f61,/Users/upadhyay/dev/ICES/object_detection_opencv_cpp/data/cassini/issna/ganymede/images/co-iss-n1356764630.png,true,true
co-iss-n1357923644,cassini,issna,ganymede,RED,12,2001-01-11T16:48:46.885,Ganymede,https://opus.pds-rings.seti.org/holdings/previews/COISS_1xxx/COISS_1005/data/1357923337_1357928266/N1357923644_1_full.png,45aff10d2c07fde740989ac37cd0651a92cc6de4700202d93ec6615e86c48dd4,/Users/upadhyay/dev/ICES/object_detection_opencv_cpp/data/cassini/issna/ganymede/images/co-iss-n1357923644.png,true,true
co-iss-n1356764663,cassini,issna,ganymede,MT2+P60,0.26,2000-12-29T06:52:46.206,Ganymede,https://opus.pds-rings.seti.org/holdings/previews/COISS_1xxx/COISS_1004/data/1356758702_1356765306/N1356764663_1_full.png,c3b7fa062a2d02f0009c141e8d6f212a4d67004ce6e7c47cdaa07719dd7a973c,/Users/upadhyay/dev/ICES/object_detection_opencv_cpp/data/cassini/issna/ganymede/images/co-iss-n1356764663.png,true,true
co-iss-n1356764696,cassini,issna,ganymede,UV3+P120,0.68,2000-12-29T06:53:18.786,Ganymede,https://opus.pds-rings.seti.org/holdings/previews/COISS_1xxx/COISS_1004/data/1356758702_1356765306/N1356764696_1_full.png,318f391bdcde1ef29c82597fe1278872382adc52ceef6c6869e51e7f1d22a753,/Users/upadhyay/dev/ICES/object_detection_opencv_cpp/data/cassini/issna/ganymede/images/co-iss-n1356764696.png,true,true
co-iss-n1356764762,cassini,issna,ganymede,MT2+P120,0.26,2000-12-29T06:54:25.205,Ganymede,https://opus.pds-rings.seti.org/holdings/previews/COISS_1xxx/COISS_1004/data/1356758702_1356765306/N1356764762_1_full.png,0909afe485e8360df5215b6b6a4dd1b6e37db3d02b2d3d588f93fe7e47915540,/Users/upadhyay/dev/ICES/object_detection_opencv_cpp/data/cassini/issna/ganymede/images/co-iss-n1356764762.png,true,true
co-iss-n1661583231,cassini,issna,greip,CLEAR,220,2010-08-27T06:04:08.274,Greip,https://opus.pds-rings.seti.org/holdings/previews/COISS_2xxx/COISS_2064/data/1661563857_1661594479/N1661583231_1_full.png,d8878c1818f4ec145f47531b832db5e51b1c18cfa05716b34eccdb1095578e65,/Users/upadhyay/dev/ICES/object_detection_opencv_cpp/data/cassini/issna/greip/images/co-iss-n1661583231.png,true,false
co-iss-n1820532942,cassini,issna,greip,CLEAR,220,2015-09-09T22:29:03.246,Greip,https://opus.pds-rings.seti.org/holdings/previews/COISS_2xxx/COISS_2098/data/1820449165_1820538788/N1820532942_1_full.png,de91c9727ee9bb25388c5dc858ed67fde7e034b1c9d9c17bb9dc3e9ba6cab60c,/Users/upadhyay/dev/ICES/object_detection_opencv_cpp/data/cassini/issna/greip/images/co-iss-n1820532942.png,true,false
co-iss-n1661583498,cassini,issna,greip,CLEAR,220,2010-08-27T06:08:35.256,Greip,https://opus.pds-rings.seti.org/holdings/previews/COISS_2xxx/COISS_2064/data/1661563857_1661594479/N1661583498_1_full.png,51b7a0a011d5fcdd60d86b53868649d12c4a88716a6cf1a8a7834a1762fb6dc6,/Users/upadhyay/dev/ICES/object_detection_opencv_cpp/data/cassini/issna/greip/images/co-iss-n1661583498.png,true,false
co-iss-n1661583762,cassini,issna,greip,CLEAR,220,2010-08-27T06:12:59.254,Greip,https://opus.pds-rings.seti.org/holdings/previews/COISS_2xxx/COISS_2064/data/1661563857_1661594479/N1661583762_1_full.png,f284e8a6761ed05fc4d1936403d8b938b9dd59be8c48fcee50503a4b26f10331,/Users/upadhyay/dev/ICES/object_detection_opencv_cpp/data/cassini/issna/greip/images/co-iss-n1661583762.png,true,false
co-iss-n1661584290,cassini,issna,greip,CLEAR,220,2010-08-27T06:21:47.251,Greip,https://opus.pds-rings.seti.org/holdings/previews/COISS_2xxx/COISS_2064/data/1661563857_1661594479/N1661584290_1_full.png,b6e68e2c9eb5dd20b117021ac41eb4378a9aaa46c2a5520a5e5fe53d40b192bd,/Users/upadhyay/dev/ICES/object_detection_opencv_cpp/data/cassini/issna/greip/images/co-iss-n1661584290.png,true,false
co-iss-n1559970608,cassini,issna,hati,UV3,82,2007-06-08T04:34:37.093,Hati,https://opus.pds-rings.seti.org/holdings/previews/COISS_2xxx/COISS_2032/data/1559931859_1560139498/N1559970608_1_full.png,8e499fa77a11dab4f2629e6cf16bbb008274a5f894f7fae62faab324a1b48eaf,/Users/upadhyay/dev/ICES/object_detection_opencv_cpp/data/cassini/issna/hati/images/co-iss-n1559970608.png,true,false
co-iss-n1823464169,cassini,issna,hati,CLEAR,220,2015-10-13T20:42:31.667,Hati,https://opus.pds-rings.seti.org/holdings/previews/COISS_2xxx/COISS_2100/data/1823339333_1823466809/N1823464169_1_full.png,e871d96ef1a5bad6bc5f3796c94c52dff54caec0afae796e5f7816c4fbd5295d,/Users/upadhyay/dev/ICES/object_detection_opencv_cpp/data/cassini/issna/hati/images/co-iss-n1823464169.png,true,false
co-iss-n1559970706,cassini,issna,hati,GRN,82,2007-06-08T04:36:15.093,Hati,https://opus.pds-rings.seti.org/holdings/previews/COISS_2xxx/COISS_2032/data/1559931859_1560139498/N1559970706_1_full.png,787eac6ceacfb1639c1d6003f0dae718a396a51dd0eb26a2ec8f1d5d7166f234,/Users/upadhyay/dev/ICES/object_detection_opencv_cpp/data/cassini/issna/hati/images/co-iss-n1559970706.png,true,false
co-iss-n1559970804,cassini,issna,hati,IR1,82,2007-06-08T04:37:53.092,Hati,https://opus.pds-rings.seti.org/holdings/previews/COISS_2xxx/COISS_2032/data/1559931859_1560139498/N1559970804_1_full.png,e39157fd67a541d8f5a0cc3252db982efc0e03e01c0ffaf3d0c2a0b4cfeff2b9,/Users/upadhyay/dev/ICES/object_detection_opencv_cpp/data/cassini/issna/hati/images/co-iss-n1559970804.png,true,false
co-iss-n1559971000,cassini,issna,hati,RED,82,2007-06-08T04:41:09.091,Hati,https://opus.pds-rings.seti.org/holdings/previews/COISS_2xxx/COISS_2032/data/1559931859_1560139498/N1559971000_1_full.png,d5b50efaae38bde8260540b0cb9e2b7be4f5c276e9a3048f92930faf8216668b,/Users/upadhyay/dev/ICES/object_detection_opencv_cpp/data/cassini/issna/hati/images/co-iss-n1559971000.png,true,false
co-iss-n1355863431,cassini,issna,himalia,IR3,0.56,2000-12-18T20:32:20.081,Himalia,https://opus.pds-rings.seti.org/holdings/previews/COISS_1xxx/COISS_1004/data/1355727016_1355896892/N1355863431_2_full.png,2c92e377b060b2a7b1890794d46090b32c4223b8daee30ba564376f468e28d46,/Users/upadhyay/dev/ICES/object_detection_opencv_cpp/data/cassini/issna/himalia/images/co-iss-n1355863431.png,true,true
co-iss-n1355874425,cassini,issna,himalia,GRN,0.12,2000-12-18T23:35:34.452,Himalia,https://opus.pds-rings.seti.org/holdings/previews/COISS_1xxx/COISS_1004/data/1355727016_1355896892/N1355874425_2_full.png,af640daf42361d89d9942bb9ed854abc5fbac29db687b3e7c7bdff8f184d03c0,/Users/upadhyay/dev/ICES/object_detection_opencv_cpp/data/cassini/issna/himalia/images/co-iss-n1355874425.png,true,true
co-iss-n1355863471,cassini,issna,himalia,MT1,3.2,2000-12-18T20:32:57.448,Himalia,https://opus.pds-rings.seti.org/holdings/previews/COISS_1xxx/COISS_1004/data/1355727016_1355896892/N1355863471_2_full.png,309c7dc8c5e26b5d7932125ccaf580adb61d833d3c3acb8d4cd87e210fcff13f,/Users/upadhyay/dev/ICES/object_detection_opencv_cpp/data/cassini/issna/himalia/images/co-iss-n1355863471.png,true,true
co-iss-n1355863504,cassini,issna,himalia,CB2,1.5,2000-12-18T20:33:32.152,Himalia,https://opus.pds-rings.seti.org/holdings/previews/COISS_1xxx/COISS_1004/data/1355727016_1355896892/N1355863504_2_full.png,52a53bcae83520bdf62d350baf395fc39d247b36b669132ac5cfa9bbb4054f48,/Users/upadhyay/dev/ICES/object_detection_opencv_cpp/data/cassini/issna/himalia/images/co-iss-n1355863504.png,true,true
co-iss-n1355863592,cassini,issna,himalia,UV3,5.6,2000-12-18T20:34:56.059,Himalia,https://opus.pds-rings.seti.org/holdings/previews/COISS_1xxx/COISS_1004/data/1355727016_1355896892/N1355863592_2_full.png,0b779f012c6b6e6585e1b84e6714bf813d9768e5b0038a00a50eb5f6aa263f01,/Users/upadhyay/dev/ICES/object_detection_opencv_cpp/data/cassini/issna/himalia/images/co-iss-n1355863592.png,true,true
co-iss-n1355702275,cassini,issna,io,UV2,4.6,2000-12-16T23:46:21.192,Io,https://opus.pds-rings.seti.org/holdings/previews/COISS_1xxx/COISS_1004/data/1355692742_1355710382/N1355702275_1_full.png,c3af5fcf5aa421fd9b3b5ba4f73bc65364d658d1d8e72daee71c560d64e0a10b,/Users/upadhyay/dev/ICES/object_detection_opencv_cpp/data/cassini/issna/io/images/co-iss-n1355702275.png,true,true
co-iss-n1357079119,cassini,issna,io,IR4,2,2001-01-01T22:13:38.202,Io,https://opus.pds-rings.seti.org/holdings/previews/COISS_1xxx/COISS_1004/data/1357037371_1357082239/N1357079119_1_full.png,2c0ea07de20fe988bcf614273337d0d42f19ac7ece1dd9832f8b6c677d363110,/Users/upadhyay/dev/ICES/object_detection_opencv_cpp/data/cassini/issna/io/images/co-iss-n1357079119.png,true,true
co-iss-n1355702323,cassini,issna,io,UV2,12,2000-12-16T23:47:01.795,Io,https://opus.pds-rings.seti.org/holdings/previews/COISS_1xxx/COISS_1004/data/1355692742_1355710382/N1355702323_1_full.png,51e9151fee11de19d326d5e2940f00b3a49bcb8397429548b3d1b14327d664ce,/Users/upadhyay/dev/ICES/object_detection_opencv_cpp/data/cassini/issna/io/images/co-iss-n1355702323.png,true,true
co-iss-n1355702389,cassini,issna,io,UV3,12,2000-12-16T23:48:07.717,Io,https://opus.pds-rings.seti.org/holdings/previews/COISS_1xxx/COISS_1004/data/1355692742_1355710382/N1355702389_1_full.png,e307369077120316ba4b7170075070b548a30359f1f5bbc4e44b34505ddb6484,/Users/upadhyay/dev/ICES/object_detection_opencv_cpp/data/cassini/issna/io/images/co-iss-n1355702389.png,true,true
co-iss-n1355702438,cassini,issna,io,GRN,12,2000-12-16T23:48:56.728,Io,https://opus.pds-rings.seti.org/holdings/previews/COISS_1xxx/COISS_1004/data/1355692742_1355710382/N1355702438_1_full.png,50bb0ef5a93186d2fe7a51e62ede4f43332fbd3efdf7e85c980e7ae36c582db7,/Users/upadhyay/dev/ICES/object_detection_opencv_cpp/data/cassini/issna/io/images/co-iss-n1355702438.png,true,true
co-iss-n1709937143,cassini,issna,jarnsaxa,CLEAR,460,2012-03-08T21:33:29.371,Jarnsaxa,https://opus.pds-rings.seti.org/holdings/previews/COISS_2xxx/COISS_2072/data/1709858198_1709957102/N1709937143_1_full.png,5a7eb6397e73e8ad3b9241e3fc095efd363763070900c3b6d6d08a7929929bf2,/Users/upadhyay/dev/ICES/object_detection_opencv_cpp/data/cassini/issna/jarnsaxa/images/co-iss-n1709937143.png,true,false
co-iss-n1709952942,cassini,issna,jarnsaxa,CLEAR,460,2012-03-09T01:56:48.255,Jarnsaxa,https://opus.pds-rings.seti.org/holdings/previews/COISS_2xxx/COISS_2072/data/1709858198_1709957102/N1709952942_1_full.png,23af6dc7b7d1206f32512de1088de5f61dd4d238e6f4ce7cf2c920336cdc0813,/Users/upadhyay/dev/ICES/object_detection_opencv_cpp/data/cassini/issna/jarnsaxa/images/co-iss-n1709952942.png,true,false
co-iss-n1709939223,cassini,issna,jarnsaxa,CLEAR,460,2012-03-08T22:08:09.358,Jarnsaxa,https://opus.pds-rings.seti.org/holdings/previews/COISS_2xxx/COISS_2072/data/1709858198_1709957102/N1709939223_1_full.png,9a87f8cc77280f52faa9b93689e245d4448f2f449638dbe78091c2fdca102845,/Users/upadhyay/dev/ICES/object_detection_opencv_cpp/data/cassini/issna/jarnsaxa/images/co-iss-n1709939223.png,true,false
co-iss-n1709939743,cassini,issna,jarnsaxa,CLEAR,460,2012-03-08T22:16:49.354,Jarnsaxa,https://opus.pds-rings.seti.org/holdings/previews/COISS_2xxx/COISS_2072/data/1709858198_1709957102/N1709939743_1_full.png,8c0596e97e658b6454b0d8f7c062651947e7dfd9ef6813a00accfbe47cd3c75a,/Users/upadhyay/dev/ICES/object_detection_opencv_cpp/data/cassini/issna/jarnsaxa/images/co-iss-n1709939743.png,true,false
co-iss-n1709940263,cassini,issna,jarnsaxa,CLEAR,460,2012-03-08T22:25:29.351,Jarnsaxa,https://opus.pds-rings.seti.org/holdings/previews/COISS_2xxx/COISS_2072/data/1709858198_1709957102/N1709940263_1_full.png,45aee22c85af0103b42d05a42cfc98bef58dc82ba7177a49a7f55ac488b8657d,/Users/upadhyay/dev/ICES/object_detection_opencv_cpp/data/cassini/issna/jarnsaxa/images/co-iss-n1709940263.png,true,false
co-iss-n1630722290,cassini,issna,kari,CLEAR,56,2009-09-04T01:41:31.140,Kari,https://opus.pds-rings.seti.org/holdings/previews/COISS_2xxx/COISS_2057/data/1630719879_1630786457/N1630722290_1_full.png,f37ee5271aebfbdd24eaeccb1fe845b960e40438f2a3a58e29bc6cbb701b070c,/Users/upadhyay/dev/ICES/object_detection_opencv_cpp/data/cassini/issna/kari/images/co-iss-n1630722290.png,true,false
co-iss-n1667095340,cassini,issna,kari,CLEAR,220,2010-10-30T01:11:57.758,Kari,https://opus.pds-rings.seti.org/holdings/previews/COISS_2xxx/COISS_2066/data/1667090208_1667151746/N1667095340_1_full.png,69f89cb6b38c18f874e5c0f1b70c449a070eab0dc2badcec41e591055f0e65d9,/Users/upadhyay/dev/ICES/object_detection_opencv_cpp/data/cassini/issna/kari/images/co-iss-n1667095340.png,true,false
co-iss-n1636127842,cassini,issna,kari,CLEAR,5.6,2009-11-05T15:14:15.390,Kari,https://opus.pds-rings.seti.org/holdings/previews/COISS_2xxx/COISS_2058/data/1636079518_1636231171/N1636127842_1_full.png,8b97b80ba4d691859f4c4be19e97aa23653464bf3d4f7829cec4a97cc58c892a,/Users/upadhyay/dev/ICES/object_detection_opencv_cpp/data/cassini/issna/kari/images/co-iss-n1636127842.png,true,false
co-iss-n1636127968,cassini,issna,kari,CLEAR,56,2009-11-05T15:15:30.973,Kari,https://opus.pds-rings.seti.org/holdings/previews/COISS_2xxx/COISS_2058/data/1636079518_1636231171/N1636127968_1_full.png,b1b44989763f74e77fe6f4aea684d53219993a0bf2d18c008ca6854c4a440aa8,/Users/upadhyay/dev/ICES/object_detection_opencv_cpp/data/cassini/issna/kari/images/co-iss-n1636127968.png,true,false
co-iss-w1636127968,cassini,issna,kari,CLEAR,0.56,2009-11-05T15:16:26.413,Kari,https://opus.pds-rings.seti.org/holdings/previews/COISS_2xxx/COISS_2058/data/1636079518_1636231171/W1636127968_1_full.png,20cae246a0f713b916e5b760187355bb2ceb0f1865b41f23f296be6118bedc8c,/Users/upadhyay/dev/ICES/object_detection_opencv_cpp/data/cassini/issna/kari/images/co-iss-w1636127968.png,true,false
co-iss-n1611809927,cassini,issna,loge,CLEAR,38,2009-01-28T04:18:00.610,Loge,https://opus.pds-rings.seti.org/holdings/previews/COISS_2xxx/COISS_2052/data/1611809927_1612015760/N1611809927_1_full.png,1ee706a4e1cf005e23419c5f5c8403ecf15b2a19f74f4ba1f51701a5a34c1530,/Users/upadhyay/dev/ICES/object_detection_opencv_cpp/data/cassini/issna/loge/images/co-iss-n1611809927.png,true,false
co-iss-n1797395763,cassini,issna,loge,CLEAR,220,2014-12-16T03:31:52.733,Loge,https://opus.pds-rings.seti.org/holdings/previews/COISS_2xxx/COISS_2093/data/1797382827_1797416135/N1797395763_1_full.png,f340873dc382a608b4041b93639a33d5d65df6f3506db1d999c3ea3725ba6d2b,/Users/upadhyay/dev/ICES/object_detection_opencv_cpp/data/cassini/issna/loge/images/co-iss-n1797395763.png,true,false
co-iss-n1697870370,cassini,issna,loge,CLEAR,460,2011-10-21T05:41:52.802,Loge,https://opus.pds-rings.seti.org/holdings/previews/COISS_2xxx/COISS_2071/data/1697829504_1697961728/N1697870370_1_full.png,16c5f408101e075bfb51d2dc6d5d3b0c66be19f8dda5291a737ceac2cff1e5b5,/Users/upadhyay/dev/ICES/object_detection_opencv_cpp/data/cassini/issna/loge/images/co-iss-n1697870370.png,true,false
co-iss-n1697870890,cassini,issna,loge,CLEAR,460,2011-10-21T05:50:32.799,Loge,https://opus.pds-rings.seti.org/holdings/previews/COISS_2xxx/COISS_2071/data/1697829504_1697961728/N1697870890_1_full.png,f5fb7c9ef1881bde4d35706445507c60602cbcdf5fccf2494e5cd139cde0cff6,/Users/upadhyay/dev/ICES/object_detection_opencv_cpp/data/cassini/issna/loge/images/co-iss-n1697870890.png,true,false
co-iss-n1697871410,cassini,issna,loge,CLEAR,460,2011-10-21T05:59:12.796,Loge,https://opus.pds-rings.seti.org/holdings/previews/COISS_2xxx/COISS_2071/data/1697829504_1697961728/N1697871410_1_full.png,40af3ebd220f91ccaa5d43ae09e7ea0db386c466053194f0af282f5d6b416b8f,/Users/upadhyay/dev/ICES/object_detection_opencv_cpp/data/cassini/issna/loge/images/co-iss-n1697871410.png,true,false
co-iss-n1313633806,cassini,issna,moon,UV3,0.08,1999-08-18T02:09:58.862,Moon,https://opus.pds-rings.seti.org/holdings/previews/COISS_1xxx/COISS_1001/data/1313633670_1327290527/N1313633806_1_full.png,e5beda4beda8bc98f012ef145fe5ee5d10cb38313c6f7ba45522f75d3493f0cf,/Users/upadhyay/dev/ICES/object_detection_opencv_cpp/data/cassini/issna/moon/images/co-iss-n1313633806.png,true,true
co-iss-w1313634366,cassini,issna,moon,MT2+IR1,0.12,1999-08-18T02:19:18.846,Moon,https://opus.pds-rings.seti.org/holdings/previews/COISS_1xxx/COISS_1001/data/1313633670_1327290527/W1313634366_1_full.png,572f52cae7b649fd666176dbb2bb885b5cb800fe1fcfa651d34fd48fcb3eff02,/Users/upadhyay/dev/ICES/object_detection_opencv_cpp/data/cassini/issna/moon/images/co-iss-w1313634366.png,true,true
co-iss-n1313633839,cassini,issna,moon,BL2,0.06,1999-08-18T02:10:31.862,Moon,https://opus.pds-rings.seti.org/holdings/previews/COISS_1xxx/COISS_1001/data/1313633670_1327290527/N1313633839_1_full.png,1d520d4ca9a0d0bb8b18d2ded011f0641b0a0b820036bb79c148dec51281b339,/Users/upadhyay/dev/ICES/object_detection_opencv_cpp/data/cassini/issna/moon/images/co-iss-n1313633839.png,true,true
co-iss-n1313633873,cassini,issna,moon,GRN+P0,0.08,1999-08-18T02:11:05.869,Moon,https://opus.pds-rings.seti.org/holdings/previews/COISS_1xxx/COISS_1001/data/1313633670_1327290527/N1313633873_1_full.png,8f37be1aa266064fc950b3013a4f3bbf439b870584d9160fb45369bd312c9b5a,/Users/upadhyay/dev/ICES/object_detection_opencv_cpp/data/cassini/issna/moon/images/co-iss-n1313633873.png,true,true
co-iss-n1313633907,cassini,issna,moon,GRN+P120,0.08,1999-08-18T02:11:39.869,Moon,https://opus.pds-rings.seti.org/holdings/previews/COISS_1xxx/COISS_1001/data/1313633670_1327290527/N1313633907_1_full.png,136a5a9e8dbd48d2c41ae2e92be9002274f9c936ab44a2a0de16f801e5af0ecb,/Users/upadhyay/dev/ICES/object_detection_opencv_cpp/data/cassini/issna/moon/images/co-iss-n1313633907.png,true,true
co-iss-n1557226332,cassini,issna,mundilfari,UV3,82,2007-05-07T10:16:58.451,Mundilfari,https://opus.pds-rings.seti.org/holdings/previews/COISS_2xxx/COISS_2031/data/1557164967_1557237088/N1557226332_4_full.png,231a6779c120ccdd3461f204447b6810e4f3a7a5b611b6214abba59a7a29734b,/Users/upadhyay/dev/ICES/object_detection_opencv_cpp/data/cassini/issna/mundilfari/images/co-iss-n1557226332.png,true,false
co-iss-n1709980163,cassini,issna,mundilfari,CLEAR,460,2012-03-09T09:30:29.098,Mundilfari,https://opus.pds-rings.seti.org/holdings/previews/COISS_2xxx/COISS_2072/data/1709957622_1710063433/N1709980163_1_full.png,1cb6c611f19175ab024a3123914c7ab3ee959a3350b15cbea5882ff3bbbf8bd4,/Users/upadhyay/dev/ICES/object_detection_opencv_cpp/data/cassini/issna/mundilfari/images/co-iss-n1709980163.png,true,false
co-iss-n1557226528,cassini,issna,mundilfari,IR1,82,2007-05-07T10:20:14.449,Mundilfari,https://opus.pds-rings.seti.org/holdings/previews/COISS_2xxx/COISS_2031/data/1557164967_1557237088/N1557226528_4_full.png,286f6796de7f24f483e47db64e3a2936d1e1f036b41f411bbe36bff288b77345,/Users/upadhyay/dev/ICES/object_detection_opencv_cpp/data/cassini/issna/mundilfari/images/co-iss-n1557226528.png,true,false
co-iss-n1557226626,cassini,issna,mundilfari,BL1,82,2007-05-07T10:21:52.449,Mundilfari,https://opus.pds-rings.seti.org/holdings/previews/COISS_2xxx/COISS_2031/data/1557164967_1557237088/N1557226626_1_full.png,68420c9d5af7f6cbd0cef383f413e10cfcf13d586625a7cbd5cdd69e683dd6bb,/Users/upadhyay/dev/ICES/object_detection_opencv_cpp/data/cassini/issna/mundilfari/images/co-iss-n1557226626.png,true,false
co-iss-n1557226822,cassini,issna,mundilfari,IR2,82,2007-05-07T10:25:08.448,Mundilfari,https://opus.pds-rings.seti.org/holdings/previews/COISS_2xxx/COISS_2031/data/1557164967_1557237088/N1557226822_1_full.png,e0a7fd86ee65b39c14feacf61acdb9f40f1ad9d5cf94b2a0ef2735f11904be95,/Users/upadhyay/dev/ICES/object_detection_opencv_cpp/data/cassini/issna/mundilfari/images/co-iss-n1557226822.png,true,false
co-iss-n1743018324,cassini,issna,narvi,CLEAR,460,2013-03-26T18:42:59.402,Narvi,https://opus.pds-rings.seti.org/holdings/previews/COISS_2xxx/COISS_2081/data/1742505792_1743037624/N1743018324_1_full.png,f8b3b9f7afa1b3db1fbc3e5f3c46c704815223b4330cd0e49d974252c0d450b6,/Users/upadhyay/dev/ICES/object_detection_opencv_cpp/data/cassini/issna/narvi/images/co-iss-n1743018324.png,true,false
co-iss-n1831037363,cassini,issna,narvi,CLEAR,220,2016-01-09T12:21:37.382,Narvi,https://opus.pds-rings.seti.org/holdings/previews/COISS_2xxx/COISS_2102/data/1831023899_1831097364/N1831037363_1_full.png,cb6df16f9a76816f843e34960c9a9ac15a078de89ec18b4af62f844574b8e44f,/Users/upadhyay/dev/ICES/object_detection_opencv_cpp/data/cassini/issna/narvi/images/co-iss-n1831037363.png,true,false
co-iss-n1743020404,cassini,issna,narvi,CLEAR,460,2013-03-26T19:17:39.389,Narvi,https://opus.pds-rings.seti.org/holdings/previews/COISS_2xxx/COISS_2081/data/1742505792_1743037624/N1743020404_1_full.png,361eba73ecfbb4335a3d69a76f724a740b72a8c381bfdec5aa76ae6df0bd2a10,/Users/upadhyay/dev/ICES/object_detection_opencv_cpp/data/cassini/issna/narvi/images/co-iss-n1743020404.png,true,false
co-iss-n1743020924,cassini,issna,narvi,CLEAR,460,2013-03-26T19:26:19.385,Narvi,https://opus.pds-rings.seti.org/holdings/previews/COISS_2xxx/COISS_2081/data/1742505792_1743037624/N1743020924_1_full.png,71ce46c73a90280613010d9f6fc2bf01debc324cb4d7fb60c4502a895ed3a6a2,/Users/upadhyay/dev/ICES/object_detection_opencv_cpp/data/cassini/issna/narvi/images/co-iss-n1743020924.png,true,false
co-iss-n1743021444,cassini,issna,narvi,CLEAR,460,2013-03-26T19:34:59.382,Narvi,https://opus.pds-rings.seti.org/holdings/previews/COISS_2xxx/COISS_2081/data/1742505792_1743037624/N1743021444_1_full.png,f7138c2987e2f34260d477d3a3b33fab1fb632bc4b526a4dca9b5366f943f372,/Users/upadhyay/dev/ICES/object_detection_opencv_cpp/data/cassini/issna/narvi/images/co-iss-n1743021444.png,true,false
co-iss-n1554023193,cassini,issna,pluto,RED,46,2007-03-31T08:32:15.751,Pluto,https://opus.pds-rings.seti.org/holdings/previews/COISS_2xxx/COISS_2030/data/1553898219_1554036373/N1554023193_2_full.png,efa0a7300f93cc569c59338cdb6c1769655c4d21f7846ee2b8a5e17b13e36d67,/Users/upadhyay/dev/ICES/object_detection_opencv_cpp/data/cassini/issna/pluto/images/co-iss-n1554023193.png,true,position_only
co-iss-n1626858366,cassini,issna,pluto,GRN,100,2009-07-21T08:22:30.639,Pluto,https://opus.pds-rings.seti.org/holdings/previews/COISS_2xxx/COISS_2056/data/1626845205_1627025208/N1626858366_1_full.png,53d446603ac43b19e5343539329c0777fd8c6fe0c77f2f64209bee1e0c25bfd9,/Users/upadhyay/dev/ICES/object_detection_opencv_cpp/data/cassini/issna/pluto/images/co-iss-n1626858366.png,true,position_only
co-iss-n1554025173,cassini,issna,pluto,RED,46,2007-03-31T09:05:15.739,Pluto,https://opus.pds-rings.seti.org/holdings/previews/COISS_2xxx/COISS_2030/data/1553898219_1554036373/N1554025173_2_full.png,fee2dd9c21bc4c2545fddb7d00fa36acf9a3c16d94ad37655dceadd355e1c8d8,/Users/upadhyay/dev/ICES/object_detection_opencv_cpp/data/cassini/issna/pluto/images/co-iss-n1554025173.png,true,position_only
co-iss-n1554025391,cassini,issna,pluto,RED,180,2007-03-31T09:06:39.737,Pluto,https://opus.pds-rings.seti.org/holdings/previews/COISS_2xxx/COISS_2030/data/1553898219_1554036373/N1554025391_2_full.png,d1f1f23141359ab1a453fd4bdace270ac4dbff491f4853289a9cf30f6121cba2,/Users/upadhyay/dev/ICES/object_detection_opencv_cpp/data/cassini/issna/pluto/images/co-iss-n1554025391.png,true,position_only
co-iss-n1554025471,cassini,issna,pluto,GRN,46,2007-03-31T09:10:13.737,Pluto,https://opus.pds-rings.seti.org/holdings/previews/COISS_2xxx/COISS_2030/data/1553898219_1554036373/N1554025471_2_full.png,ade136c4d7a163fed4809a37ef81798f320c505fce797ad6ec91ad6d91f7d86f,/Users/upadhyay/dev/ICES/object_detection_opencv_cpp/data/cassini/issna/pluto/images/co-iss-n1554025471.png,true,position_only
co-iss-n1495210808,cassini,issna,polydeuces,CLEAR,0.22,2005-05-19T15:52:52.350,Polydeuces,https://opus.pds-rings.seti.org/holdings/previews/COISS_2xxx/COISS_2012/data/1495209871_1495270901/N1495210808_1_full.png,81abe6cfe97aca5d8e95c0228d74f6fb3e281375b9f79a4e50fd531b6b02133f,/Users/upadhyay/dev/ICES/object_detection_opencv_cpp/data/cassini/issna/polydeuces/images/co-iss-n1495210808.png,true,position_only
co-iss-w1695408489,cassini,issna,polydeuces,CLEAR,0.09,2011-09-22T17:58:27.286,Polydeuces,https://opus.pds-rings.seti.org/holdings/previews/COISS_2xxx/COISS_2069/data/1695292035_1695409189/W1695408489_1_full.png,79a0841a59de1c4f68f302f3cc642baa9930d515a23defaa83902f9a15d14d8a,/Users/upadhyay/dev/ICES/object_detection_opencv_cpp/data/cassini/issna/polydeuces/images/co-iss-w1695408489.png,true,position_only
co-iss-n1511290583,cassini,issna,polydeuces,CLEAR,0.68,2005-11-21T18:27:24.203,Polydeuces,https://opus.pds-rings.seti.org/holdings/previews/COISS_2xxx/COISS_2017/data/1511234877_1511715187/N1511290583_1_full.png,af407475f17eb8460598bc59fee478f9a7506532aeef2ff8f66806224e4c3500,/Users/upadhyay/dev/ICES/object_detection_opencv_cpp/data/cassini/issna/polydeuces/images/co-iss-n1511290583.png,true,position_only
co-iss-n1511290626,cassini,issna,polydeuces,CLEAR,0.15,2005-11-21T18:28:07.717,Polydeuces,https://opus.pds-rings.seti.org/holdings/previews/COISS_2xxx/COISS_2017/data/1511234877_1511715187/N1511290626_1_full.png,2c4919903a3997cbcf032831573459af35c2f03d19c0d4461306153cf26b2974,/Users/upadhyay/dev/ICES/object_detection_opencv_cpp/data/cassini/issna/polydeuces/images/co-iss-n1511290626.png,true,position_only
co-iss-w1511290626,cassini,issna,polydeuces,CLEAR,0.02,2005-11-21T18:28:07.847,Polydeuces,https://opus.pds-rings.seti.org/holdings/previews/COISS_2xxx/COISS_2017/data/1511234877_1511715187/W1511290626_1_full.png,9dc7f3b2b48ce3506a45b51e2150b51540995b267bfa98162d09ff510199ac45,/Users/upadhyay/dev/ICES/object_detection_opencv_cpp/data/cassini/issna/polydeuces/images/co-iss-w1511290626.png,true,position_only
co-iss-n1684084459,cassini,issna,s_2004_s_12,CLEAR,220,2011-05-14T16:22:09.047,S/2004 S 12,https://opus.pds-rings.seti.org/holdings/previews/COISS_2xxx/COISS_2068/data/1684083403_1684178967/N1684084459_1_full.png,cafd88c1e9e07f843819565eb602fb3b64413674a9a1c05366209f8b9132c76b,/Users/upadhyay/dev/ICES/object_detection_opencv_cpp/data/cassini/issna/s_2004_s_12/images/co-iss-n1684084459.png,true,false
co-iss-w1684160663,cassini,issna,s_2004_s_12,CLEAR,220,2011-05-15T13:32:12.550,S/2004 S 12,https://opus.pds-rings.seti.org/holdings/previews/COISS_2xxx/COISS_2068/data/1684083403_1684178967/W1684160663_1_full.png,ef2a4c8949cdab1ef24e678bdb88cc276b1fd75e62066e47011c2ce53996efe6,/Users/upadhyay/dev/ICES/object_detection_opencv_cpp/data/cassini/issna/s_2004_s_12/images/co-iss-w1684160663.png,true,false
co-iss-n1684084723,cassini,issna,s_2004_s_12,CLEAR,220,2011-05-14T16:26:33.046,S/2004 S 12,https://opus.pds-rings.seti.org/holdings/previews/COISS_2xxx/COISS_2068/data/1684083403_1684178967/N1684084723_1_full.png,dbe1e53bd819f1872a4dfd4ec6042a2b03777fbadc19b5a67af64164791d5839,/Users/upadhyay/dev/ICES/object_detection_opencv_cpp/data/cassini/issna/s_2004_s_12/images/co-iss-n1684084723.png,true,false
co-iss-n1684084987,cassini,issna,s_2004_s_12,CLEAR,220,2011-05-14T16:30:57.044,S/2004 S 12,https://opus.pds-rings.seti.org/holdings/previews/COISS_2xxx/COISS_2068/data/1684083403_1684178967/N1684084987_1_full.png,e4bd9a4c3966cc440561045660010047e713e1515e080dbcbb9c820b53e32df2,/Users/upadhyay/dev/ICES/object_detection_opencv_cpp/data/cassini/issna/s_2004_s_12/images/co-iss-n1684084987.png,true,false
co-iss-n1684085515,cassini,issna,s_2004_s_12,CLEAR,220,2011-05-14T16:39:45.041,S/2004 S 12,https://opus.pds-rings.seti.org/holdings/previews/COISS_2xxx/COISS_2068/data/1684083403_1684178967/N1684085515_1_full.png,17dcbcc17e31afc56ccbc20c23e640ac2f5f0141e7b9bf8193fdd723c293c36f,/Users/upadhyay/dev/ICES/object_detection_opencv_cpp/data/cassini/issna/s_2004_s_12/images/co-iss-n1684085515.png,true,false
co-iss-n1620679778,cassini,issna,skoll,CLEAR,56,2009-05-10T20:07:30.517,Skoll,https://opus.pds-rings.seti.org/holdings/previews/COISS_2xxx/COISS_2054/data/1620671702_1620911619/N1620679778_1_full.png,e08b9208faff6149e32700aa542c9a6b4fe012fb58cef970ee2e0f70d0a86b04,/Users/upadhyay/dev/ICES/object_detection_opencv_cpp/data/cassini/issna/skoll/images/co-iss-n1620679778.png,true,false
co-iss-n1834863295,cassini,issna,skoll,CLEAR,220,2016-02-22T19:06:44.434,Skoll,https://opus.pds-rings.seti.org/holdings/previews/COISS_2xxx/COISS_2102/data/1834721075_1834874911/N1834863295_1_full.png,b5bfad9ef5a6c4d75733b9023b202d493773b9b08bc547453c0612cc94fd312e,/Users/upadhyay/dev/ICES/object_detection_opencv_cpp/data/cassini/issna/skoll/images/co-iss-n1834863295.png,true,false
co-iss-n1644268330,cassini,issna,skoll,CLEAR,180,2010-02-07T20:25:11.050,Skoll,https://opus.pds-rings.seti.org/holdings/previews/COISS_2xxx/COISS_2060/data/1643965551_1644273190/N1644268330_1_full.png,ab906f51f22b53b7c0c588106017a3e1269fd739bf2f496a9d1ec34ced9bc9fd,/Users/upadhyay/dev/ICES/object_detection_opencv_cpp/data/cassini/issna/skoll/images/co-iss-n1644268330.png,true,false
co-iss-n1644268533,cassini,issna,skoll,CLEAR,180,2010-02-07T20:28:34.049,Skoll,https://opus.pds-rings.seti.org/holdings/previews/COISS_2xxx/COISS_2060/data/1643965551_1644273190/N1644268533_1_full.png,b13b6da62618e4ecfd3a13e3023df299e377ed5cbdc68aa4a152dba11216b30d,/Users/upadhyay/dev/ICES/object_detection_opencv_cpp/data/cassini/issna/skoll/images/co-iss-n1644268533.png,true,false
co-iss-n1644268735,cassini,issna,skoll,CLEAR,180,2010-02-07T20:31:56.047,Skoll,https://opus.pds-rings.seti.org/holdings/previews/COISS_2xxx/COISS_2060/data/1643965551_1644273190/N1644268735_1_full.png,29a9469e12bc7e7689cff065de87dbd7dd8cef4a149c2d56f0af7363a6539f62,/Users/upadhyay/dev/ICES/object_detection_opencv_cpp/data/cassini/issna/skoll/images/co-iss-n1644268735.png,true,false
co-iss-n1734877062,cassini,issna,surtur,CLEAR,460,2012-12-22T13:16:09.066,Surtur,https://opus.pds-rings.seti.org/holdings/previews/COISS_2xxx/COISS_2079/data/1734646304_1734911368/N1734877062_1_full.png,64f84404446d2fb9c2a0a38d12bf8062e74584f7776d0b218dcecc76b4150746,/Users/upadhyay/dev/ICES/object_detection_opencv_cpp/data/cassini/issna/surtur/images/co-iss-n1734877062.png,true,false
co-iss-n1413905038,cassini,issna,saturn,MT3,26,2002-10-21T15:05:13.555,Saturn,https://opus.pds-rings.seti.org/holdings/previews/COISS_1xxx/COISS_1008/data/1413823163_1413923799/N1413905038_1_full.png,bd7f7f4213b74ab0d16709e4396c6e73e3d4b24cde3a263d47d17411cc7e9d2d,/Users/upadhyay/dev/ICES/object_detection_opencv_cpp/data/cassini/issna/saturn/images/co-iss-n1413905038.png,true,true
co-iss-n1520434650,cassini,issna,saturn,CB1+P0,0.68,2006-03-07T14:27:31.810,Saturn,https://opus.pds-rings.seti.org/holdings/previews/COISS_2xxx/COISS_2020/data/1520429459_1520434872/N1520434650_1_full.png,b577220932f98299d04715a9508602468b22a1b94c1bd4d3b019fca5f2d49e0e,/Users/upadhyay/dev/ICES/object_detection_opencv_cpp/data/cassini/issna/saturn/images/co-iss-n1520434650.png,true,position_only
co-iss-n1520434872,cassini,issna,saturn,MT2,26,2006-03-07T14:30:48.508,Saturn,https://opus.pds-rings.seti.org/holdings/previews/COISS_2xxx/COISS_2020/data/1520429459_1520434872/N1520434872_1_full.png,9bc3448cd65e87d343c511fa60dbc39640b07ca40f588cdef153886b687ecd28,/Users/upadhyay/dev/ICES/object_detection_opencv_cpp/data/cassini/issna/saturn/images/co-iss-n1520434872.png,true,position_only
co-iss-n1520435454,cassini,issna,saturn,GRN+P120,0.12,2006-03-07T14:40:56.361,Saturn,https://opus.pds-rings.seti.org/holdings/previews/COISS_2xxx/COISS_2020/data/1520434982_1520508604/N1520435454_1_full.png,b9c75de545337b040a018468b7bd6ee51cc1f01f1e296d0491902cefa3eae170,/Users/upadhyay/dev/ICES/object_detection_opencv_cpp/data/cassini/issna/saturn/images/co-iss-n1520435454.png,true,position_only
co-iss-n1520435613,cassini,issna,saturn,CB2+P0,1.2,2006-03-07T14:43:34.287,Saturn,https://opus.pds-rings.seti.org/holdings/previews/COISS_2xxx/COISS_2020/data/1520434982_1520508604/N1520435613_1_full.png,e8a4115b9f80cc6a8d6ad44ad20a995861d46a03304e6f5b81434053dec64a6c,/Users/upadhyay/dev/ICES/object_detection_opencv_cpp/data/cassini/issna/saturn/images/co-iss-n1520435613.png,true,position_only
co-iss-n1520436308,cassini,issna,saturn,BL2+P0,3.8,2006-03-07T14:55:06.675,Saturn,https://opus.pds-rings.seti.org/holdings/previews/COISS_2xxx/COISS_2020/data/1520434982_1520508604/N1520436308_1_full.png,2bef47dcaffd808c3818a2ba6d9971a7a14e8c06c61a6c9ee0b136e72e74eb9c,/Users/upadhyay/dev/ICES/object_detection_opencv_cpp/data/cassini/issna/saturn/images/co-iss-n1520436308.png,true,position_only
co-iss-n1520436458,cassini,issna,saturn,CB1+P120,0.68,2006-03-07T14:57:39.798,Saturn,https://opus.pds-rings.seti.org/holdings/previews/COISS_2xxx/COISS_2020/data/1520434982_1520508604/N1520436458_1_full.png,3218ec8c1206d18d536749497a369922bb0fe2597276301e76b8addee648a258,/Users/upadhyay/dev/ICES/object_detection_opencv_cpp/data/cassini/issna/saturn/images/co-iss-n1520436458.png,true,position_only
co-iss-n1520437067,cassini,issna,saturn,UV1,32,2006-03-07T15:07:17.459,Saturn,https://opus.pds-rings.seti.org/holdings/previews/COISS_2xxx/COISS_2020/data/1520434982_1520508604/N1520437067_1_full.png,da71b8644bae52c7956dbf1a3934cc4936e48c01b67587ce29bcc6295486bde6,/Users/upadhyay/dev/ICES/object_detection_opencv_cpp/data/cassini/issna/saturn/images/co-iss-n1520437067.png,true,position_only
co-iss-n1520437262,cassini,issna,saturn,GRN+P0,0.1,2006-03-07T15:11:04.369,Saturn,https://opus.pds-rings.seti.org/holdings/previews/COISS_2xxx/COISS_2020/data/1520434982_1520508604/N1520437262_1_full.png,00ed1ae258d199d2d8eb5c526119b640c800c30592c8c3fe4b229e18bfdabd64,/Users/upadhyay/dev/ICES/object_detection_opencv_cpp/data/cassini/issna/saturn/images/co-iss-n1520437262.png,true,position_only
co-iss-n1520437421,cassini,issna,saturn,CB2+P120,1.2,2006-03-07T15:13:42.276,Saturn,https://opus.pds-rings.seti.org/holdings/previews/COISS_2xxx/COISS_2020/data/1520434982_1520508604/N1520437421_1_full.png,d57570a4f121e4ecd44962dabbbfe1a3642f515ce7f8c69cda7cbe944f69a5dc,/Users/upadhyay/dev/ICES/object_detection_opencv_cpp/data/cassini/issna/saturn/images/co-iss-n1520437421.png,true,position_only
co-iss-n1520438130,cassini,issna,saturn,BL2+P120,3.8,2006-03-07T15:25:28.664,Saturn,https://opus.pds-rings.seti.org/holdings/previews/COISS_2xxx/COISS_2020/data/1520434982_1520508604/N1520438130_1_full.png,cd674653a5a202286d210b71a69d5950ea7638aad0a5a2774c357fcc2976c2ec,/Users/upadhyay/dev/ICES/object_detection_opencv_cpp/data/cassini/issna/saturn/images/co-iss-n1520438130.png,true,position_only
co-iss-n1520438312,cassini,issna,saturn,CB2+IRP0,1.5,2006-03-07T15:28:32.978,Saturn,https://opus.pds-rings.seti.org/holdings/previews/COISS_2xxx/COISS_2020/data/1520434982_1520508604/N1520438312_1_full.png,b6f6fd64eec4358a528a4737665153f980cbe3255a672dfd19400635a5161cf2,/Users/upadhyay/dev/ICES/object_detection_opencv_cpp/data/cassini/issna/saturn/images/co-iss-n1520438312.png,true,position_only
co-iss-n1520438889,cassini,issna,saturn,UV3+P60,4.6,2006-03-07T15:38:06.855,Saturn,https://opus.pds-rings.seti.org/holdings/previews/COISS_2xxx/COISS_2020/data/1520434982_1520508604/N1520438889_1_full.png,10fabd55f5921ba034136cf619154d24304b955ccf4603470d8c2172749d5b18,/Users/upadhyay/dev/ICES/object_detection_opencv_cpp/data/cassini/issna/saturn/images/co-iss-n1520438889.png,true,position_only
co-iss-n1609823389,cassini,issna,saturn,CLEAR,120,2009-01-05T04:27:54.716,Saturn,https://opus.pds-rings.seti.org/holdings/previews/COISS_2xxx/COISS_2052/data/1609822431_1609840109/N1609823389_1_full.png,1b7f63a3f5f3b03f80a573aac981b23e8551894acae64f841025d1246ffe1d14,/Users/upadhyay/dev/ICES/object_detection_opencv_cpp/data/cassini/issna/saturn/images/co-iss-n1609823389.png,true,position_only
co-iss-n1609826559,cassini,issna,saturn,CLEAR,120,2009-01-05T05:20:44.694,Saturn,https://opus.pds-rings.seti.org/holdings/previews/COISS_2xxx/COISS_2052/data/1609822431_1609840109/N1609826559_1_full.png,7fa62ee0c70f455c9721e76984e2ac2e950c52b103b3f8208b553ffa23928ada,/Users/upadhyay/dev/ICES/object_detection_opencv_cpp/data/cassini/issna/saturn/images/co-iss-n1609826559.png,true,position_only
co-iss-n1609829405,cassini,issna,saturn,CLEAR,120,2009-01-05T06:08:10.674,Saturn,https://opus.pds-rings.seti.org/holdings/previews/COISS_2xxx/COISS_2052/data/1609822431_1609840109/N1609829405_1_full.png,ef2a4c8949cdab1ef24e678bdb88cc276b1fd75e62066e47011c2ce53996efe6,/Users/upadhyay/dev/ICES/object_detection_opencv_cpp/data/cassini/issna/saturn/images/co-iss-n1609829405.png,true,position_only
co-iss-n1609833350,cassini,issna,saturn,CLEAR,120,2009-01-05T07:13:55.645,Saturn,https://opus.pds-rings.seti.org/holdings/previews/COISS_2xxx/COISS_2052/data/1609822431_1609840109/N1609833350_1_full.png,5aa643c0cb2340ac114df3b42afa38b86331d78d5cab6155cf56ba179bf57bf3,/Users/upadhyay/dev/ICES/object_detection_opencv_cpp/data/cassini/issna/saturn/images/co-iss-n1609833350.png,true,position_only
co-iss-n1742430646,cassini,issna,saturn,CLEAR,38,2013-03-19T23:35:27.140,Saturn,https://opus.pds-rings.seti.org/holdings/previews/COISS_2xxx/COISS_2081/data/1742421934_1742431078/N1742430646_1_full.png,e2bf19d1449bf4b69ec98b048cdbf66b26e5fdbd62a34f18103f15b392b63931,/Users/upadhyay/dev/ICES/object_detection_opencv_cpp/data/cassini/issna/saturn/images/co-iss-n1742430646.png,true,position_only
co-iss-n1742431222,cassini,issna,saturn,CLEAR,38,2013-03-19T23:45:03.136,Saturn,https://opus.pds-rings.seti.org/holdings/previews/COISS_2xxx/COISS_2081/data/1742431150_1742498568/N1742431222_1_full.png,c35e2d871d4ea17891354c50e81e3b90dbd12e3300684287dcfc14b2cddd5a15,/Users/upadhyay/dev/ICES/object_detection_opencv_cpp/data/cassini/issna/saturn/images/co-iss-n1742431222.png,true,position_only
co-iss-n1742431798,cassini,issna,saturn,CLEAR,38,2013-03-19T23:54:39.132,Saturn,https://opus.pds-rings.seti.org/holdings/previews/COISS_2xxx/COISS_2081/data/1742431150_1742498568/N1742431798_1_full.png,0aa3576dbaa5a85409f74a29c333dad89b244dee3731968c4ffb5af83430376a,/Users/upadhyay/dev/ICES/object_detection_opencv_cpp/data/cassini/issna/saturn/images/co-iss-n1742431798.png,true,position_only
co-iss-n1742432446,cassini,issna,saturn,CLEAR,38,2013-03-20T00:05:27.128,Saturn,https://opus.pds-rings.seti.org/holdings/previews/COISS_2xxx/COISS_2081/data/1742431150_1742498568/N1742432446_1_full.png,7177a4d28261a3043e4bd0fe08da06942fddb8209b60b9479c8dd6988c84f309,/Users/upadhyay/dev/ICES/object_detection_opencv_cpp/data/cassini/issna/saturn/images/co-iss-n1742432446.png,true,position_only
co-iss-n1742433022,cassini,issna,saturn,CLEAR,38,2013-03-20T00:15:03.124,Saturn,https://opus.pds-rings.seti.org/holdings/previews/COISS_2xxx/COISS_2081/data/1742431150_1742498568/N1742433022_1_full.png,c8d7ad5c8d5bd5571c7c413ef668fad355d57c03fe77f88339f58eb26bca191a,/Users/upadhyay/dev/ICES/object_detection_opencv_cpp/data/cassini/issna/saturn/images/co-iss-n1742433022.png,true,position_only
co-iss-n1742433670,cassini,issna,saturn,CLEAR,38,2013-03-20T00:25:51.120,Saturn,https://opus.pds-rings.seti.org/holdings/previews/COISS_2xxx/COISS_2081/data/1742431150_1742498568/N1742433670_1_full.png,976895668f3a99e7d1c4d6603313fae710cb0a2a0e1835e83a57ca28ee8a6dbd,/Users/upadhyay/dev/ICES/object_detection_opencv_cpp/data/cassini/issna/saturn/images/co-iss-n1742433670.png,true,position_only
co-iss-n1742434246,cassini,issna,saturn,CLEAR,38,2013-03-20T00:35:27.117,Saturn,https://opus.pds-rings.seti.org/holdings/previews/COISS_2xxx/COISS_2081/data/1742431150_1742498568/N1742434246_1_full.png,883deb8a0a1aff57a21ef6e8cddb8ba14aeaa59a12fa0d8bfbfde7ac87b1fb4f,/Users/upadhyay/dev/ICES/object_detection_opencv_cpp/data/cassini/issna/saturn/images/co-iss-n1742434246.png,true,position_only
co-iss-n1742434822,cassini,issna,saturn,CLEAR,38,2013-03-20T00:45:03.113,Saturn,https://opus.pds-rings.seti.org/holdings/previews/COISS_2xxx/COISS_2081/data/1742431150_1742498568/N1742434822_1_full.png,cf10074eadc22ed342cedb86528fe5bb0659351646a85c32178eb02743cb48c4,/Users/upadhyay/dev/ICES/object_detection_opencv_cpp/data/cassini/issna/saturn/images/co-iss-n1742434822.png,true,position_only
co-iss-n1742435470,cassini,issna,saturn,CLEAR,38,2013-03-20T00:55:51.109,Saturn,https://opus.pds-rings.seti.org/holdings/previews/COISS_2xxx/COISS_2081/data/1742431150_1742498568/N1742435470_1_full.png,09cac4540edcdc36804d58827dffa5efc31acfc7fd221208a35d80a83cedb904,/Users/upadhyay/dev/ICES/object_detection_opencv_cpp/data/cassini/issna/saturn/images/co-iss-n1742435470.png,true,position_only
co-iss-n1742436046,cassini,issna,saturn,CLEAR,38,2013-03-20T01:05:27.105,Saturn,https://opus.pds-rings.seti.org/holdings/previews/COISS_2xxx/COISS_2081/data/1742431150_1742498568/N1742436046_1_full.png,3d3ff9d4bd61e04dbded2e26753ae0a775cef1855361c5c246f1c965a300c4c6,/Users/upadhyay/dev/ICES/object_detection_opencv_cpp/data/cassini/issna/saturn/images/co-iss-n1742436046.png,true,position_only
co-iss-n1742436694,cassini,issna,saturn,CLEAR,38,2013-03-20T01:16:15.101,Saturn,https://opus.pds-rings.seti.org/holdings/previews/COISS_2xxx/COISS_2081/data/1742431150_1742498568/N1742436694_1_full.png,658159621f23e2cbbe18c3b785870dc299c834390367c7a75989b61addd4ab1e,/Users/upadhyay/dev/ICES/object_detection_opencv_cpp/data/cassini/issna/saturn/images/co-iss-n1742436694.png,true,position_only
co-iss-n1742437270,cassini,issna,saturn,CLEAR,38,2013-03-20T01:25:51.097,Saturn,https://opus.pds-rings.seti.org/holdings/previews/COISS_2xxx/COISS_2081/data/1742431150_1742498568/N1742437270_1_full.png,939daa7a7ced65f74fe616efa3d744b485ad87140cfa8d94f1ffe8ebc8c03932,/Users/upadhyay/dev/ICES/object_detection_opencv_cpp/data/cassini/issna/saturn/images/co-iss-n1742437270.png,true,position_only
co-iss-n1520434558,cassini,issna,saturn,BL2+P60,3.8,2006-03-07T14:25:56.686,Saturn,https://opus.pds-rings.seti.org/holdings/previews/COISS_2xxx/COISS_2020/data/1520429459_1520434872/N1520434558_1_full.png,072745ec87269b624f4a034098588904bde8bb13acebcf75bdb5737b89d4d13e,/Users/upadhyay/dev/ICES/object_detection_opencv_cpp/data/cassini/issna/saturn/images/co-iss-n1520434558.png,true,position_only
co-iss-n1520434582,cassini,issna,saturn,BL2+P120,3.8,2006-03-07T14:26:20.686,Saturn,https://opus.pds-rings.seti.org/holdings/previews/COISS_2xxx/COISS_2020/data/1520429459_1520434872/N1520434582_1_full.png,9a1e1085878d4792c0bd5419e981f396ec7e3fba366de9bb53ab4f106f4e9cd2,/Users/upadhyay/dev/ICES/object_detection_opencv_cpp/data/cassini/issna/saturn/images/co-iss-n1520434582.png,true,position_only
co-iss-n1520434599,cassini,issna,saturn,GRN+P120,0.15,2006-03-07T14:26:41.340,Saturn,https://opus.pds-rings.seti.org/holdings/previews/COISS_2xxx/COISS_2020/data/1520429459_1520434872/N1520434599_1_full.png,2b46cb7dd45b3c751745ad8484241293804f4af7dd256ce2aed7ef5a5fe906a5,/Users/upadhyay/dev/ICES/object_detection_opencv_cpp/data/cassini/issna/saturn/images/co-iss-n1520434599.png,true,position_only
co-iss-n1520434616,cassini,issna,saturn,GRN+P60,0.15,2006-03-07T14:26:58.340,Saturn,https://opus.pds-rings.seti.org/holdings/previews/COISS_2xxx/COISS_2020/data/1520429459_1520434872/N1520434616_1_full.png,a54899945225f85e5ac5f6f5874923b2d3d047d92b4fbd2eae725f29f47d6eea,/Users/upadhyay/dev/ICES/object_detection_opencv_cpp/data/cassini/issna/saturn/images/co-iss-n1520434616.png,true,position_only
co-iss-n1455285722,cassini,issna,titan,CLEAR,0.26,2004-02-12T13:39:05.585,Titan,https://opus.pds-rings.seti.org/holdings/previews/COISS_2xxx/COISS_2001/data/1455194345_1455427331/N1455285722_2_full.png,2076e5f35529202aa87686ca0358783aef098671464c86b50936156348bbb2d7,/Users/upadhyay/dev/ICES/object_detection_opencv_cpp/data/cassini/issna/titan/images/co-iss-n1455285722.png,true,position_only
co-iss-n1458304582,cassini,issna,titan,CLEAR,0.26,2004-03-18T12:13:05.890,Titan,https://opus.pds-rings.seti.org/holdings/previews/COISS_2xxx/COISS_2001/data/1458209304_1458461116/N1458304582_2_full.png,7d3a6cef738157c7089bc609012dc5a10790e0dc7b55b88b795f0a798bcedae4,/Users/upadhyay/dev/ICES/object_detection_opencv_cpp/data/cassini/issna/titan/images/co-iss-n1458304582.png,true,position_only
co-iss-n1459928352,cassini,issna,titan,CB3,38,2004-04-06T07:15:07.592,Titan,https://opus.pds-rings.seti.org/holdings/previews/COISS_2xxx/COISS_2001/data/1459921583_1460008828/N1459928352_1_full.png,ad1ccc7cab20e764adb4d3a0858af87b8cdb5a83efdc81cc9afdbfd2f8a7c963,/Users/upadhyay/dev/ICES/object_detection_opencv_cpp/data/cassini/issna/titan/images/co-iss-n1459928352.png,true,position_only
co-iss-n1460274962,cassini,issna,titan,IR1+IR2,4.6,2004-04-10T07:32:28.743,Titan,https://opus.pds-rings.seti.org/holdings/previews/COISS_2xxx/COISS_2001/data/1460153901_1460278237/N1460274962_1_full.png,5a90254489d190d892895af63f04059be3245d353890d136d2c5a5e6a7815192,/Users/upadhyay/dev/ICES/object_detection_opencv_cpp/data/cassini/issna/titan/images/co-iss-n1460274962.png,true,position_only
co-iss-n1460844438,cassini,issna,titan,CB3,38,2004-04-16T21:43:07.626,Titan,https://opus.pds-rings.seti.org/holdings/previews/COISS_2xxx/COISS_2001/data/1460773930_1460912521/N1460844438_1_full.png,297e57fd0b3b0b2e68b9d306b172003e8401c76f213f82cf7e779dd2d8880a0a,/Users/upadhyay/dev/ICES/object_detection_opencv_cpp/data/cassini/issna/titan/images/co-iss-n1460844438.png,true,position_only
co-iss-n1547347236,cassini,issna,titan,UV3,26,2007-01-13T02:07:21.004,Titan,https://opus.pds-rings.seti.org/holdings/previews/COISS_2xxx/COISS_2028/data/1547340176_1547396654/N1547347236_2_full.png,e50a5a082b9c120cdb8e1a173b2ebd63166f6a8ac9b87130ad637e35f9658a14,/Users/upadhyay/dev/ICES/object_detection_opencv_cpp/data/cassini/issna/titan/images/co-iss-n1547347236.png,true,position_only
co-iss-n1547348052,cassini,issna,titan,UV3,26,2007-01-13T02:20:56.998,Titan,https://opus.pds-rings.seti.org/holdings/previews/COISS_2xxx/COISS_2028/data/1547340176_1547396654/N1547348052_2_full.png,e458cc458ead55629fded54d9d1ab281544b8b018f6acc95ce0431d117734be9,/Users/upadhyay/dev/ICES/object_detection_opencv_cpp/data/cassini/issna/titan/images/co-iss-n1547348052.png,true,position_only
co-iss-n1547392310,cassini,issna,titan,CB3,120,2007-01-13T14:37:00.733,Titan,https://opus.pds-rings.seti.org/holdings/previews/COISS_2xxx/COISS_2028/data/1547340176_1547396654/N1547392310_1_full.png,383c72a93027c3cc6a90cccc59c5e7b0365279f741949df77e3304fa69b9f194,/Users/upadhyay/dev/ICES/object_detection_opencv_cpp/data/cassini/issna/titan/images/co-iss-n1547392310.png,true,position_only
co-iss-n1642015889,cassini,issna,titan,CLEAR,100,2010-01-12T18:46:06.074,Titan,https://opus.pds-rings.seti.org/holdings/previews/COISS_2xxx/COISS_2060/data/1642001912_1642160082/N1642015889_1_full.png,4415f341eebee80860500b62347c124101b2554f99a639989b38d44aad0f6635,/Users/upadhyay/dev/ICES/object_detection_opencv_cpp/data/cassini/issna/titan/images/co-iss-n1642015889.png,true,position_only
co-iss-n1642065624,cassini,issna,titan,RED,0.82,2010-01-13T08:36:39.929,Titan,https://opus.pds-rings.seti.org/holdings/previews/COISS_2xxx/COISS_2060/data/1642001912_1642160082/N1642065624_1_full.png,d335c4be952d3ce744e3e58ddfdb25ac80b210ce43fb05632a41379dd56c50a5,/Users/upadhyay/dev/ICES/object_detection_opencv_cpp/data/cassini/issna/titan/images/co-iss-n1642065624.png,true,position_only
co-iss-n1760527877,cassini,issna,titan,CB3,38,2013-10-15T10:34:03.205,Titan,https://opus.pds-rings.seti.org/holdings/previews/COISS_2xxx/COISS_2086/data/1760272897_1760532147/N1760527877_1_full.png,9f67b8d9ca9e8e8c8a6874b50ed97844bd7c0a648b5670c30f4675ca90df79c1,/Users/upadhyay/dev/ICES/object_detection_opencv_cpp/data/cassini/issna/titan/images/co-iss-n1760527877.png,true,position_only
co-iss-n1760532351,cassini,issna,titan,MT1,32,2013-10-15T11:48:43.169,Titan,https://opus.pds-rings.seti.org/holdings/previews/COISS_2xxx/COISS_2086/data/1760532257_1760810138/N1760532351_1_full.png,adffac390bf88b63ed01b1d974b899bfbfbb6cc13f22d0c7820266bf036244c2,/Users/upadhyay/dev/ICES/object_detection_opencv_cpp/data/cassini/issna/titan/images/co-iss-n1760532351.png,true,position_only
co-iss-n1760541351,cassini,issna,titan,MT1,26,2013-10-15T14:18:49.112,Titan,https://opus.pds-rings.seti.org/holdings/previews/COISS_2xxx/COISS_2086/data/1760532257_1760810138/N1760541351_1_full.png,d4eed7354295cebda94af95db17091711c8019144bc0f972c9ba45b6945705d3,/Users/upadhyay/dev/ICES/object_detection_opencv_cpp/data/cassini/issna/titan/images/co-iss-n1760541351.png,true,position_only
co-iss-n1760552057,cassini,issna,titan,CB3,38,2013-10-15T17:17:03.051,Titan,https://opus.pds-rings.seti.org/holdings/previews/COISS_2xxx/COISS_2086/data/1760532257_1760810138/N1760552057_1_full.png,011b1a374d14e32103845a86a776a6ac86f5da7b60c19b417d3b775c187d1302,/Users/upadhyay/dev/ICES/object_detection_opencv_cpp/data/cassini/issna/titan/images/co-iss-n1760552057.png,true,position_only
co-iss-n1760564991,cassini,issna,titan,MT1,26,2013-10-15T20:52:48.973,Titan,https://opus.pds-rings.seti.org/holdings/previews/COISS_2xxx/COISS_2086/data/1760532257_1760810138/N1760564991_1_full.png,657bd638e7e27c76d5943a9965c07ed33c37f28bb0de6fbdc101cba3136ef1ed,/Users/upadhyay/dev/ICES/object_detection_opencv_cpp/data/cassini/issna/titan/images/co-iss-n1760564991.png,true,position_only
co-iss-n1547346624,cassini,issna,titan,UV3,26,2007-01-13T01:57:09.008,Titan,https://opus.pds-rings.seti.org/holdings/previews/COISS_2xxx/COISS_2028/data/1547340176_1547396654/N1547346624_2_full.png,6a72b47da535af5a3c403d0034ccd0cd75f094b760bcd0ccbbdb680d11ce51a3,/Users/upadhyay/dev/ICES/object_detection_opencv_cpp/data/cassini/issna/titan/images/co-iss-n1547346624.png,true,position_only
co-iss-n1547346675,cassini,issna,titan,UV3,26,2007-01-13T01:58:00.007,Titan,https://opus.pds-rings.seti.org/holdings/previews/COISS_2xxx/COISS_2028/data/1547340176_1547396654/N1547346675_2_full.png,1cae03b4c0f4400909fe708c28dbb311ddc97a3e66ec73c9ebbce5a52af1bc94,/Users/upadhyay/dev/ICES/object_detection_opencv_cpp/data/cassini/issna/titan/images/co-iss-n1547346675.png,true,position_only
co-iss-n1547346726,cassini,issna,titan,UV3,26,2007-01-13T01:58:51.007,Titan,https://opus.pds-rings.seti.org/holdings/previews/COISS_2xxx/COISS_2028/data/1547340176_1547396654/N1547346726_2_full.png,8777575bd70384694fc5bd8ac5585c281bd162750d8e0fd933c474b553db8afa,/Users/upadhyay/dev/ICES/object_detection_opencv_cpp/data/cassini/issna/titan/images/co-iss-n1547346726.png,true,position_only
co-iss-n1349087790,cassini,issna,jupiter,CB2,0.82,2000-10-01T10:25:45.628,Jupiter,https://opus.pds-rings.seti.org/holdings/previews/COISS_1xxx/COISS_1001/data/1349081639_1349177551/N1349087790_2_full.png,fd28ce554060d2e10586284f950acfbf8904596b9c0b975aa644673b9f4095aa,/Users/upadhyay/dev/ICES/object_detection_opencv_cpp/data/cassini/issna/jupiter/images/co-iss-n1349087790.png,true,true
co-iss-n1349105745,cassini,issna,jupiter,MT2,1.5,2000-10-01T15:24:59.818,Jupiter,https://opus.pds-rings.seti.org/holdings/previews/COISS_1xxx/COISS_1001/data/1349081639_1349177551/N1349105745_2_full.png,533c86f5acbcd6050bdaccafd2f561a50800f3c8a4ae05aaf22be172b7c79f76,/Users/upadhyay/dev/ICES/object_detection_opencv_cpp/data/cassini/issna/jupiter/images/co-iss-n1349105745.png,true,true
co-iss-n1349159654,cassini,issna,jupiter,MT1,1.2,2000-10-02T06:23:28.732,Jupiter,https://opus.pds-rings.seti.org/holdings/previews/COISS_1xxx/COISS_1001/data/1349081639_1349177551/N1349159654_2_full.png,de519c40fc796dab3b6e040beb70c446a69a491e4c1ab332b4676f43a9ee0e80,/Users/upadhyay/dev/ICES/object_detection_opencv_cpp/data/cassini/issna/jupiter/images/co-iss-n1349159654.png,true,true
co-iss-n1353467539,cassini,issna,jupiter,BL1,0.26,2000-11-21T03:01:04.953,Jupiter,https://opus.pds-rings.seti.org/holdings/previews/COISS_1xxx/COISS_1002/data/1353413989_1353467995/N1353467539_2_full.png,982a0403795e6f20d167fdefbcd8cf1aa5b55e7717837e0f7aaf0fe06cf5ad31,/Users/upadhyay/dev/ICES/object_detection_opencv_cpp/data/cassini/issna/jupiter/images/co-iss-n1353467539.png,true,true
co-iss-n1353468986,cassini,issna,jupiter,UV1,3.8,2000-11-21T03:25:08.403,Jupiter,https://opus.pds-rings.seti.org/holdings/previews/COISS_1xxx/COISS_1002/data/1353468049_1353485806/N1353468986_1_full.png,6022bb1a30dbeba6769cebdc559c67070c0f41113fcd3afc39c17ca2205f123e,/Users/upadhyay/dev/ICES/object_detection_opencv_cpp/data/cassini/issna/jupiter/images/co-iss-n1353468986.png,true,true
co-iss-n1354994505,cassini,issna,jupiter,MT3,1.5,2000-12-08T19:10:19.134,Jupiter,https://opus.pds-rings.seti.org/holdings/previews/COISS_1xxx/COISS_1004/data/1354994397_1355048619/N1354994505_1_full.png,14e8bc01fbb238ea7c16e1e1aeeef456a237cd5e6102e2eea0388a84d4fa92a9,/Users/upadhyay/dev/ICES/object_detection_opencv_cpp/data/cassini/issna/jupiter/images/co-iss-n1354994505.png,true,true
co-iss-n1355000279,cassini,issna,jupiter,MT2,1.5,2000-12-08T20:46:33.087,Jupiter,https://opus.pds-rings.seti.org/holdings/previews/COISS_1xxx/COISS_1004/data/1354994397_1355048619/N1355000279_1_full.png,57e5e386795bc398e1c0f8b94940719c26e9dff05f19c10be171e60fec1afa71,/Users/upadhyay/dev/ICES/object_detection_opencv_cpp/data/cassini/issna/jupiter/images/co-iss-n1355000279.png,true,true
co-iss-n1355042581,cassini,issna,jupiter,BL1,0.26,2000-12-09T08:31:36.026,Jupiter,https://opus.pds-rings.seti.org/holdings/previews/COISS_1xxx/COISS_1004/data/1354994397_1355048619/N1355042581_1_full.png,885a777f4d6a6d73c3b09bf3177c3146f72cda4b8647552aff0445e5e74b6452,/Users/upadhyay/dev/ICES/object_detection_opencv_cpp/data/cassini/issna/jupiter/images/co-iss-n1355042581.png,true,true
co-iss-n1358724915,cassini,issna,jupiter,HAL,46,2001-01-20T23:22:38.805,Jupiter,https://opus.pds-rings.seti.org/holdings/previews/COISS_1xxx/COISS_1005/data/1358720582_1358802956/N1358724915_2_full.png,2918c5b7bd31f64526eff3d153f6822ab517b7b2a9f09e13ada6fc1ea64ef474,/Users/upadhyay/dev/ICES/object_detection_opencv_cpp/data/cassini/issna/jupiter/images/co-iss-n1358724915.png,true,true
co-iss-n1358784011,cassini,issna,jupiter,UV2,38,2001-01-21T15:47:42.396,Jupiter,https://opus.pds-rings.seti.org/holdings/previews/COISS_1xxx/COISS_1005/data/1358720582_1358802956/N1358784011_2_full.png,d2ec194929a6f5de4f6b49bb090be7ab6eb9ba97d3d58e9d6fd4f4eb01362864,/Users/upadhyay/dev/ICES/object_detection_opencv_cpp/data/cassini/issna/jupiter/images/co-iss-n1358784011.png,true,true
co-iss-n1358792816,cassini,issna,jupiter,HAL,38,2001-01-21T18:14:27.335,Jupiter,https://opus.pds-rings.seti.org/holdings/previews/COISS_1xxx/COISS_1005/data/1358720582_1358802956/N1358792816_1_full.png,d980ba8db018143be7b285ccee3e505b349697a8f58344140fb3942cf7d65d75,/Users/upadhyay/dev/ICES/object_detection_opencv_cpp/data/cassini/issna/jupiter/images/co-iss-n1358792816.png,true,true
co-iss-n1349087860,cassini,issna,jupiter,GRN,0.06,2000-10-01T10:26:56.368,Jupiter,https://opus.pds-rings.seti.org/holdings/previews/COISS_1xxx/COISS_1001/data/1349081639_1349177551/N1349087860_2_full.png,34ffdf0b860741fb01f4801d0264cfb57030b01b0bcf2c9ea249207f356303ad,/Users/upadhyay/dev/ICES/object_detection_opencv_cpp/data/cassini/issna/jupiter/images/co-iss-n1349087860.png,true,true
co-iss-n1349087893,cassini,issna,jupiter,MT1,1.2,2000-10-01T10:27:28.236,Jupiter,https://opus.pds-rings.seti.org/holdings/previews/COISS_1xxx/COISS_1001/data/1349081639_1349177551/N1349087893_2_full.png,9d780cb6dce180d094ae1114ee1207768080d34c0769dcd66652b20ba108cbea,/Users/upadhyay/dev/ICES/object_detection_opencv_cpp/data/cassini/issna/jupiter/images/co-iss-n1349087893.png,true,true
co-iss-n1349087927,cassini,issna,jupiter,CB1,0.32,2000-10-01T10:28:03.108,Jupiter,https://opus.pds-rings.seti.org/holdings/previews/COISS_1xxx/COISS_1001/data/1349081639_1349177551/N1349087927_2_full.png,ccb735f53c3fc21153b22f5ff9523b73846c7857ebab77325028dc2e680250db,/Users/upadhyay/dev/ICES/object_detection_opencv_cpp/data/cassini/issna/jupiter/images/co-iss-n1349087927.png,true,true
co-iss-n1455288062,cassini,issna,enceladus,CLEAR,0.06,2004-02-12T14:18:05.769,Enceladus,https://opus.pds-rings.seti.org/holdings/previews/COISS_2xxx/COISS_2001/data/1455194345_1455427331/N1455288062_2_full.png,91a4e67d7f964fd4bcad6e7bbd45a7e712bf60b139f7d9f99ded4ce9fe857e2e,/Users/upadhyay/dev/ICES/object_detection_opencv_cpp/data/cassini/issna/enceladus/images/co-iss-n1455288062.png,true,position_only
co-iss-n1467553942,cassini,issna,enceladus,CLEAR,0.06,2004-07-03T13:28:05.883,Enceladus,https://opus.pds-rings.seti.org/holdings/previews/COISS_2xxx/COISS_2004/data/1467495982_1468437249/N1467553942_2_full.png,a946147c93595f47b9018982578a860c477f0583a84d6c0aafade5c886b856ae,/Users/upadhyay/dev/ICES/object_detection_opencv_cpp/data/cassini/issna/enceladus/images/co-iss-n1467553942.png,true,position_only
co-iss-n1593186666,cassini,issna,enceladus,GRN+P0,0.56,2008-06-26T15:13:09.683,Enceladus,https://opus.pds-rings.seti.org/holdings/previews/COISS_2xxx/COISS_2046/data/1593176932_1593403719/N1593186666_1_full.png,463f93cfe65a6a8bcb0545af7d80c373fac85033c88954990d5a46553d65412a,/Users/upadhyay/dev/ICES/object_detection_opencv_cpp/data/cassini/issna/enceladus/images/co-iss-n1593186666.png,true,position_only
co-iss-n1594706132,cassini,issna,enceladus,UV3+P120,6.8,2008-07-14T05:17:18.703,Enceladus,https://opus.pds-rings.seti.org/holdings/previews/COISS_2xxx/COISS_2047/data/1594201799_1594708835/N1594706132_1_full.png,44fd463bfbc21d50074357787d5b0b2ae9a69e0e6f21f452e93ab3ef4f1f3750,/Users/upadhyay/dev/ICES/object_detection_opencv_cpp/data/cassini/issna/enceladus/images/co-iss-n1594706132.png,true,position_only
co-iss-n1596726441,cassini,issna,enceladus,CLEAR,1,2008-08-06T14:28:59.271,Enceladus,https://opus.pds-rings.seti.org/holdings/previews/COISS_2xxx/COISS_2047/data/1596701542_1596772236/N1596726441_1_full.png,712fb8dc65834c33ca55450f254c26bf339205a7437a22a5cbcd8c6aaf3c543f,/Users/upadhyay/dev/ICES/object_detection_opencv_cpp/data/cassini/issna/enceladus/images/co-iss-n1596726441.png,true,position_only
co-iss-n1671593523,cassini,issna,enceladus,IR1,0.18,2010-12-21T02:44:51.744,Enceladus,https://opus.pds-rings.seti.org/holdings/previews/COISS_2xxx/COISS_2066/data/1671592381_1671691359/N1671593523_1_full.png,f61bb1f72f7d71dd89d631d6c9df1e1fa1f42dd655a5507f547cca07f32e996e,/Users/upadhyay/dev/ICES/object_detection_opencv_cpp/data/cassini/issna/enceladus/images/co-iss-n1671593523.png,true,position_only
co-iss-n1675104836,cassini,issna,enceladus,CLEAR,1.5,2011-01-30T18:06:21.263,Enceladus,https://opus.pds-rings.seti.org/holdings/previews/COISS_2xxx/COISS_2067/data/1675101626_1675163412/N1675104836_1_full.png,0b8b6bb628d04d9f1e82dba53991282cfd6a5f0f58ee8e7040be605ffcc827c3,/Users/upadhyay/dev/ICES/object_detection_opencv_cpp/data/cassini/issna/enceladus/images/co-iss-n1675104836.png,true,position_only
co-iss-n1824725968,cassini,issna,enceladus,IR3,1.5,2015-10-28T11:16:01.153,Enceladus,https://opus.pds-rings.seti.org/holdings/previews/COISS_2xxx/COISS_2100/data/1824725635_1824802948/N1824725968_1_full.png,53a43f63068271c99155be9a0bd446cecf4910ed899ef2771dcbe5f9f1dbc16c,/Users/upadhyay/dev/ICES/object_detection_opencv_cpp/data/cassini/issna/enceladus/images/co-iss-n1824725968.png,true,position_only
co-iss-n1824758363,cassini,issna,enceladus,CLEAR,6.8,2015-10-28T20:15:50.612,Enceladus,https://opus.pds-rings.seti.org/holdings/previews/COISS_2xxx/COISS_2100/data/1824725635_1824802948/N1824758363_1_full.png,7ec3cb074928c311e826df1851e3ea2445e507b9a44dbc10b5dde85b6cd8141c,/Users/upadhyay/dev/ICES/object_detection_opencv_cpp/data/cassini/issna/enceladus/images/co-iss-n1824758363.png,true,position_only
co-iss-n1466514575,cassini,issna,enceladus,UV3+P0,15,2004-06-21T12:45:10.747,Enceladus,https://opus.pds-rings.seti.org/holdings/previews/COISS_2xxx/COISS_2004/data/1466513382_1466584970/N1466514575_1_full.png,a60fc89d47676ff9152767136453cb17735e2bca1ae97757a7717cdda3ee8137,/Users/upadhyay/dev/ICES/object_detection_opencv_cpp/data/cassini/issna/enceladus/images/co-iss-n1466514575.png,true,position_only
co-iss-n1466514617,cassini,issna,enceladus,UV3+P60,15,2004-06-21T12:45:52.747,Enceladus,https://opus.pds-rings.seti.org/holdings/previews/COISS_2xxx/COISS_2004/data/1466513382_1466584970/N1466514617_1_full.png,3a2f014d653242f11caf7d2bda4e7f93201a582b6269a10819e8bd44bcc60a50,/Users/upadhyay/dev/ICES/object_detection_opencv_cpp/data/cassini/issna/enceladus/images/co-iss-n1466514617.png,true,position_only
co-iss-n1466514659,cassini,issna,enceladus,UV3+P120,15,2004-06-21T12:46:34.747,Enceladus,https://opus.pds-rings.seti.org/holdings/previews/COISS_2xxx/COISS_2004/data/1466513382_1466584970/N1466514659_1_full.png,17a2d11ef15ac0d1ab1348a06eb7d187c889acffd1d9886b37671c5743c2af90,/Users/upadhyay/dev/ICES/object_detection_opencv_cpp/data/cassini/issna/enceladus/images/co-iss-n1466514659.png,true,position_only
co-iss-n1455291182,cassini,issna,iapetus,CLEAR,0.12,2004-02-12T15:10:05.689,Iapetus,https://opus.pds-rings.seti.org/holdings/previews/COISS_2xxx/COISS_2001/data/1455194345_1455427331/N1455291182_2_full.png,ab6fa06edc79deb864f7b6bb543da0b643608a44872df3893e33b57d512c15c2,/Users/upadhyay/dev/ICES/object_detection_opencv_cpp/data/cassini/issna/iapetus/images/co-iss-n1455291182.png,true,position_only
co-iss-n1466586956,cassini,issna,iapetus,IR1,1,2004-06-22T08:51:45.284,Iapetus,https://opus.pds-rings.seti.org/holdings/previews/COISS_2xxx/COISS_2004/data/1466584989_1467427246/N1466586956_1_full.png,4a7a5a557fb78a5f9bde62f83be721729c5aa1ce99a4caba9c268fdaf04f3d50,/Users/upadhyay/dev/ICES/object_detection_opencv_cpp/data/cassini/issna/iapetus/images/co-iss-n1466586956.png,true,position_only
co-iss-n1510685699,cassini,issna,iapetus,IR3,12,2005-11-14T18:25:52.767,Iapetus,https://opus.pds-rings.seti.org/holdings/previews/COISS_2xxx/COISS_2017/data/1510426040_1510686830/N1510685699_1_full.png,5fc18b23cfd47340f107b7d7f1d45d4783a90d0baf1ee3b3b31b05bfd92764b3,/Users/upadhyay/dev/ICES/object_detection_opencv_cpp/data/cassini/issna/iapetus/images/co-iss-n1510685699.png,true,position_only
co-iss-n1510771584,cassini,issna,iapetus,GRN+P0,8.2,2005-11-15T18:17:21.038,Iapetus,https://opus.pds-rings.seti.org/holdings/previews/COISS_2xxx/COISS_2017/data/1510686862_1511234858/N1510771584_1_full.png,54999b6198c0ea0915dda51a59a8b5c6d523f4313808dda1b00b87645dc64735,/Users/upadhyay/dev/ICES/object_detection_opencv_cpp/data/cassini/issna/iapetus/images/co-iss-n1510771584.png,true,position_only
co-iss-n1510942256,cassini,issna,iapetus,MT2+P60,26,2005-11-17T17:41:34.128,Iapetus,https://opus.pds-rings.seti.org/holdings/previews/COISS_2xxx/COISS_2017/data/1510686862_1511234858/N1510942256_1_full.png,2fb390ccce0135ef9c17194b15f7b07f11be4f5c78b8bc3cf1cfcd35e7cea620,/Users/upadhyay/dev/ICES/object_detection_opencv_cpp/data/cassini/issna/iapetus/images/co-iss-n1510942256.png,true,position_only
co-iss-n1568126060,cassini,issna,iapetus,CLEAR,0.56,2007-09-10T13:59:18.874,Iapetus,https://opus.pds-rings.seti.org/holdings/previews/COISS_2xxx/COISS_2036/data/1568121386_1568131430/N1568126060_1_full.png,cb6ac0c72353317e56901ea8ecc371172309b03cd0bb4403b74e89ed76477d5b,/Users/upadhyay/dev/ICES/object_detection_opencv_cpp/data/cassini/issna/iapetus/images/co-iss-n1568126060.png,true,position_only
co-iss-n1686251800,cassini,issna,iapetus,CLEAR,46,2011-06-08T18:27:10.297,Iapetus,https://opus.pds-rings.seti.org/holdings/previews/COISS_2xxx/COISS_2068/data/1686245438_1686257316/N1686251800_1_full.png,39b48996bd8760b581784697a17e78afe126da796be6813e5564a4a196bf7e0f,/Users/upadhyay/dev/ICES/object_detection_opencv_cpp/data/cassini/issna/iapetus/images/co-iss-n1686251800.png,true,position_only
co-iss-n1686257460,cassini,issna,iapetus,CLEAR,46,2011-06-08T20:01:30.277,Iapetus,https://opus.pds-rings.seti.org/holdings/previews/COISS_2xxx/COISS_2068/data/1686257388_1686267073/N1686257460_1_full.png,57a3c5bbccabf21949f0e43e93bc8ccf4651f07332d09a7b0bf3c88a890514dc,/Users/upadhyay/dev/ICES/object_detection_opencv_cpp/data/cassini/issna/iapetus/images/co-iss-n1686257460.png,true,position_only
co-iss-n1466586423,cassini,issna,iapetus,UV3,68,2004-06-22T08:41:45.260,Iapetus,https://opus.pds-rings.seti.org/holdings/previews/COISS_2xxx/COISS_2004/data/1466584989_1467427246/N1466586423_1_full.png,3ccf44ce48dd2620c89878761d705570f8b6a7be7a2e889a65789b8418f5e83c,/Users/upadhyay/dev/ICES/object_detection_opencv_cpp/data/cassini/issna/iapetus/images/co-iss-n1466586423.png,true,position_only
co-iss-n1466586508,cassini,issna,iapetus,IR3,38,2004-06-22T08:43:40.263,Iapetus,https://opus.pds-rings.seti.org/holdings/previews/COISS_2xxx/COISS_2004/data/1466584989_1467427246/N1466586508_1_full.png,4fea23839014f5a9e11c73df69da477ef807bd41b659b6646f7ec5a0c0fd0949,/Users/upadhyay/dev/ICES/object_detection_opencv_cpp/data/cassini/issna/iapetus/images/co-iss-n1466586508.png,true,position_only
co-iss-n1466586614,cassini,issna,iapetus,BL1,68,2004-06-22T08:44:56.266,Iapetus,https://opus.pds-rings.seti.org/holdings/previews/COISS_2xxx/COISS_2004/data/1466584989_1467427246/N1466586614_1_full.png,8cdd3e80a2f01be5ddae96e62be4ca3b4dd78c2adbb66624ea0f9e948cac3f0d,/Users/upadhyay/dev/ICES/object_detection_opencv_cpp/data/cassini/issna/iapetus/images/co-iss-n1466586614.png,true,position_only
co-iss-n1455888846,cassini,issna,rhea,CLEAR,0.08,2004-02-19T13:11:05.830,Rhea,https://opus.pds-rings.seti.org/holdings/previews/COISS_2xxx/COISS_2001/data/1455855935_1456049320/N1455888846_3_full.png,b18de0dc1597d3e72923316d4f13a768dc4f965b49f5fd40283989df775fe36f,/Users/upadhyay/dev/ICES/object_detection_opencv_cpp/data/cassini/issna/rhea/images/co-iss-n1455888846.png,true,position_only
co-iss-n1466301053,cassini,issna,rhea,IR3+IR4,22,2004-06-19T01:26:23.173,Rhea,https://opus.pds-rings.seti.org/holdings/previews/COISS_2xxx/COISS_2004/data/1466219526_1466449420/N1466301053_1_full.png,b5d8bff2a4da14636e91db56ff4d7f80d7eaa2bfe2647e10ddf53ae5076289bf,/Users/upadhyay/dev/ICES/object_detection_opencv_cpp/data/cassini/issna/rhea/images/co-iss-n1466301053.png,true,position_only
co-iss-n1516238062,cassini,issna,rhea,CLEAR,0.12,2006-01-18T00:44:51.010,Rhea,https://opus.pds-rings.seti.org/holdings/previews/COISS_2xxx/COISS_2019/data/1516221901_1516298481/N1516238062_1_full.png,4b5bb9a094ebf322ae63f2ea26753b5205380f4488bcde2ca3d0804a403aa233,/Users/upadhyay/dev/ICES/object_detection_opencv_cpp/data/cassini/issna/rhea/images/co-iss-n1516238062.png,true,position_only
co-iss-n1516803608,cassini,issna,rhea,IR2,2,2006-01-24T13:50:31.645,Rhea,https://opus.pds-rings.seti.org/holdings/previews/COISS_2xxx/COISS_2019/data/1516741815_1516822275/N1516803608_1_full.png,31c693dc340577f98c383a292a64ecc28fbd7e2e138003260bb167c9e925238f,/Users/upadhyay/dev/ICES/object_detection_opencv_cpp/data/cassini/issna/rhea/images/co-iss-n1516803608.png,true,position_only
co-iss-n1572408322,cassini,issna,rhea,GRN+P0,0.68,2007-10-30T03:29:52.262,Rhea,https://opus.pds-rings.seti.org/holdings/previews/COISS_2xxx/COISS_2038/data/1572371593_1572556520/N1572408322_1_full.png,2c4fe5c1135e347145d0ec21e2af43adfde34de422aa47d8098f148042f106d4,/Users/upadhyay/dev/ICES/object_detection_opencv_cpp/data/cassini/issna/rhea/images/co-iss-n1572408322.png,true,position_only
co-iss-n1573895596,cassini,issna,rhea,CLEAR,0.18,2007-11-16T08:37:36.199,Rhea,https://opus.pds-rings.seti.org/holdings/previews/COISS_2xxx/COISS_2039/data/1573708615_1573971689/N1573895596_1_full.png,e853848252e913489357987fe937b133751bb7dd373c230ec7203998e794e8fb,/Users/upadhyay/dev/ICES/object_detection_opencv_cpp/data/cassini/issna/rhea/images/co-iss-n1573895596.png,true,position_only
co-iss-n1665993762,cassini,issna,rhea,IR3,1.2,2010-10-17T07:16:06.385,Rhea,https://opus.pds-rings.seti.org/holdings/previews/COISS_2xxx/COISS_2066/data/1665976460_1665995826/N1665993762_1_full.png,f9b6d6e7f07eba31bd1edba8c48015d87520b526cb33bfb30b84cbbe8e5d7c9f,/Users/upadhyay/dev/ICES/object_detection_opencv_cpp/data/cassini/issna/rhea/images/co-iss-n1665993762.png,true,position_only
co-iss-n1665996075,cassini,issna,rhea,UV3,2,2010-10-17T07:54:38.561,Rhea,https://opus.pds-rings.seti.org/holdings/previews/COISS_2xxx/COISS_2066/data/1665995843_1666109701/N1665996075_1_full.png,32930a9d67aab17654fa2e6079b0d52d25862cbce67a0912c4696a37b7800bd6,/Users/upadhyay/dev/ICES/object_detection_opencv_cpp/data/cassini/issna/rhea/images/co-iss-n1665996075.png,true,position_only
co-iss-n1466300198,cassini,issna,rhea,UV3,12,2004-06-19T01:12:18.112,Rhea,https://opus.pds-rings.seti.org/holdings/previews/COISS_2xxx/COISS_2004/data/1466219526_1466449420/N1466300198_1_full.png,616dc87dd4950b3e254fa69995af5a53709feeace5e181f47bcd006d25397053,/Users/upadhyay/dev/ICES/object_detection_opencv_cpp/data/cassini/issna/rhea/images/co-iss-n1466300198.png,true,position_only
co-iss-n1466300217,cassini,issna,rhea,IR1,0.38,2004-06-19T01:12:48.740,Rhea,https://opus.pds-rings.seti.org/holdings/previews/COISS_2xxx/COISS_2004/data/1466219526_1466449420/N1466300217_1_full.png,e2d7e548342fb92f2f760c087b0569667cf636c7c18260c4bb2333b3378e5c4a,/Users/upadhyay/dev/ICES/object_detection_opencv_cpp/data/cassini/issna/rhea/images/co-iss-n1466300217.png,true,position_only
co-iss-n1466300243,cassini,issna,rhea,IR3,2.6,2004-06-19T01:13:12.524,Rhea,https://opus.pds-rings.seti.org/holdings/previews/COISS_2xxx/COISS_2004/data/1466219526_1466449420/N1466300243_1_full.png,86d56ac56b7e4be7987ef5c9b921532fca0294c4009fae87667adbc3729dfebe,/Users/upadhyay/dev/ICES/object_detection_opencv_cpp/data/cassini/issna/rhea/images/co-iss-n1466300243.png,true,position_only
co-iss-n1455937507,cassini,issna,dione,CLEAR,0.08,2004-02-20T02:42:06.512,Dione,https://opus.pds-rings.seti.org/holdings/previews/COISS_2xxx/COISS_2001/data/1455855935_1456049320/N1455937507_1_full.png,d6d90fbf6d58a7f68dec2eebc6a9dfb5f93995e5da25289c478da467871b31fc,/Users/upadhyay/dev/ICES/object_detection_opencv_cpp/data/cassini/issna/dione/images/co-iss-n1455937507.png,true,position_only
co-iss-n1466380296,cassini,issna,dione,IR1+IR2,3.8,2004-06-19T23:27:23.830,Dione,https://opus.pds-rings.seti.org/holdings/previews/COISS_2xxx/COISS_2004/data/1466219526_1466449420/N1466380296_1_full.png,d3919dbc257ced8d51f9cf2c73b4c4f7e79c21881bcb8aaa37a1b1eee41ac424,/Users/upadhyay/dev/ICES/object_detection_opencv_cpp/data/cassini/issna/dione/images/co-iss-n1466380296.png,true,position_only
co-iss-n1514077875,cassini,issna,dione,MT2,4.6,2005-12-24T00:41:54.436,Dione,https://opus.pds-rings.seti.org/holdings/previews/COISS_2xxx/COISS_2017/data/1514010252_1514080438/N1514077875_1_full.png,4876ac07a5279a964ae8336d25d622939713921c26fc6ff4b4c4094262e259a7,/Users/upadhyay/dev/ICES/object_detection_opencv_cpp/data/cassini/issna/dione/images/co-iss-n1514077875.png,true,position_only
co-iss-n1516382792,cassini,issna,dione,GRN+P120,2.6,2006-01-19T16:56:57.736,Dione,https://opus.pds-rings.seti.org/holdings/previews/COISS_2xxx/COISS_2019/data/1516367716_1516410939/N1516382792_1_full.png,620fd3241ce7829fc1263934e885255636c9e8c328d26b6471f02362655bf351,/Users/upadhyay/dev/ICES/object_detection_opencv_cpp/data/cassini/issna/dione/images/co-iss-n1516382792.png,true,position_only
co-iss-n1600692175,cassini,issna,dione,CLEAR,0.08,2008-09-21T12:04:06.406,Dione,https://opus.pds-rings.seti.org/holdings/previews/COISS_2xxx/COISS_2048/data/1600643420_1600904934/N1600692175_2_full.png,78b27f6dd635ff1932a25dbc875102d18c137d71d725ebddf666e781c49b738e,/Users/upadhyay/dev/ICES/object_detection_opencv_cpp/data/cassini/issna/dione/images/co-iss-n1600692175.png,true,position_only
co-iss-n1609396052,cassini,issna,dione,GRN+P60,0.68,2008-12-31T05:47:41.091,Dione,https://opus.pds-rings.seti.org/holdings/previews/COISS_2xxx/COISS_2051/data/1609332682_1609436118/N1609396052_1_full.png,a7c2fd5de6a8f8136a178fe49ae19cd88a91b8eb43cd1e7c87ccb7897aa1cc7c,/Users/upadhyay/dev/ICES/object_detection_opencv_cpp/data/cassini/issna/dione/images/co-iss-n1609396052.png,true,position_only
co-iss-n1711605555,cassini,issna,dione,CLEAR,0.08,2012-03-28T05:07:50.712,Dione,https://opus.pds-rings.seti.org/holdings/previews/COISS_2xxx/COISS_2073/data/1711549692_1711606746/N1711605555_1_full.png,834da3ddf7160d4078cdffa975c52bde5c4886462ed879e5d8743f4521800325,/Users/upadhyay/dev/ICES/object_detection_opencv_cpp/data/cassini/issna/dione/images/co-iss-n1711605555.png,true,position_only
co-iss-n1711607593,cassini,issna,dione,GRN,0.18,2012-03-28T05:41:48.591,Dione,https://opus.pds-rings.seti.org/holdings/previews/COISS_2xxx/COISS_2073/data/1711606779_1711673901/N1711607593_1_full.png,2f81291333d17b06eac28528c7c094bf3ea91ff1305829d166d8219be35d9abb,/Users/upadhyay/dev/ICES/object_detection_opencv_cpp/data/cassini/issna/dione/images/co-iss-n1711607593.png,true,position_only
co-iss-n1466379647,cassini,issna,dione,GRN+P0,1.5,2004-06-19T23:16:37.087,Dione,https://opus.pds-rings.seti.org/holdings/previews/COISS_2xxx/COISS_2004/data/1466219526_1466449420/N1466379647_1_full.png,0a06a29450ffe1a876e37a2f7028a1ee182eaa9c1b50bd49570ac3b49a8f01bf,/Users/upadhyay/dev/ICES/object_detection_opencv_cpp/data/cassini/issna/dione/images/co-iss-n1466379647.png,true,position_only
co-iss-n1466379666,cassini,issna,dione,GRN+P60,1.2,2004-06-19T23:16:56.391,Dione,https://opus.pds-rings.seti.org/holdings/previews/COISS_2xxx/COISS_2004/data/1466219526_1466449420/N1466379666_1_full.png,f177fa83103791007f88e7cc704dacc76d793b3faaa0bd4bac252001140fa894,/Users/upadhyay/dev/ICES/object_detection_opencv_cpp/data/cassini/issna/dione/images/co-iss-n1466379666.png,true,position_only
co-iss-n1466379685,cassini,issna,dione,GRN+P120,1.2,2004-06-19T23:17:15.391,Dione,https://opus.pds-rings.seti.org/holdings/previews/COISS_2xxx/COISS_2004/data/1466219526_1466449420/N1466379685_1_full.png,de24807ca9317600936d9f05c66029f2f382a1207e1d22feda0c63d07ccec30f,/Users/upadhyay/dev/ICES/object_detection_opencv_cpp/data/cassini/issna/dione/images/co-iss-n1466379685.png,true,position_only
co-iss-n1457464336,cassini,issna,tethys,CLEAR,0.07,2004-03-08T18:49:05.561,Tethys,https://opus.pds-rings.seti.org/holdings/previews/COISS_2xxx/COISS_2001/data/1457454952_1457696147/N1457464336_2_full.png,67af3942e882648bd2061da46bc4008ae38d6832a639a40dae3f51554ae2079e,/Users/upadhyay/dev/ICES/object_detection_opencv_cpp/data/cassini/issna/tethys/images/co-iss-n1457464336.png,true,position_only
co-iss-n1466515719,cassini,issna,tethys,UV3+P60,22,2004-06-21T13:04:07.740,Tethys,https://opus.pds-rings.seti.org/holdings/previews/COISS_2xxx/COISS_2004/data/1466513382_1466584970/N1466515719_1_full.png,50cb18bffb6cb0c000052b1b8a7c8ef5387cd3a65af26e01fab8259d3b1161eb,/Users/upadhyay/dev/ICES/object_detection_opencv_cpp/data/cassini/issna/tethys/images/co-iss-n1466515719.png,true,position_only
co-iss-n1508108555,cassini,issna,tethys,GRN,0.26,2005-10-15T22:33:56.937,Tethys,https://opus.pds-rings.seti.org/holdings/previews/COISS_2xxx/COISS_2016/data/1508054834_1508117267/N1508108555_1_full.png,5bd75bdba71ec6753a3f1ad9b4a0d00a6bc33b52182b2c3c0a41c6fba672262e,/Users/upadhyay/dev/ICES/object_detection_opencv_cpp/data/cassini/issna/tethys/images/co-iss-n1508108555.png,true,position_only
co-iss-n1509601146,cassini,issna,tethys,UV3,2,2005-11-02T05:10:16.681,Tethys,https://opus.pds-rings.seti.org/holdings/previews/COISS_2xxx/COISS_2016/data/1509561460_1509607232/N1509601146_1_full.png,3aff6611f0a1ac9cd6742260e8226b66e9a5800170f13f64dde803d7d567c200,/Users/upadhyay/dev/ICES/object_detection_opencv_cpp/data/cassini/issna/tethys/images/co-iss-n1509601146.png,true,position_only
co-iss-n1572371781,cassini,issna,tethys,MT2+P0,5.6,2007-10-29T17:20:46.595,Tethys,https://opus.pds-rings.seti.org/holdings/previews/COISS_2xxx/COISS_2038/data/1572371593_1572556520/N1572371781_1_full.png,da3b6ac819c0d3b81aef003d00357e3cb30bb3aafd399b918dad0cb73a013083,/Users/upadhyay/dev/ICES/object_detection_opencv_cpp/data/cassini/issna/tethys/images/co-iss-n1572371781.png,true,position_only
co-iss-n1578207534,cassini,issna,tethys,GRN+P0,0.22,2008-01-05T06:22:43.761,Tethys,https://opus.pds-rings.seti.org/holdings/previews/COISS_2xxx/COISS_2041/data/1577984770_1578209021/N1578207534_1_full.png,92530cda695c94c13f7cdabe91dacd5f104d36d0c169e97afbca65c6db8da3db,/Users/upadhyay/dev/ICES/object_detection_opencv_cpp/data/cassini/issna/tethys/images/co-iss-n1578207534.png,true,position_only
co-iss-n1713152729,cassini,issna,tethys,IR1,0.26,2012-04-15T02:53:54.780,Tethys,https://opus.pds-rings.seti.org/holdings/previews/COISS_2xxx/COISS_2074/data/1713139654_1713235584/N1713152729_2_full.png,bd88f2d9e6baffc72582f0fd3ea16c96f6421eab181edac13f016ca409c9597c,/Users/upadhyay/dev/ICES/object_detection_opencv_cpp/data/cassini/issna/tethys/images/co-iss-n1713152729.png,true,position_only
co-iss-n1716178574,cassini,issna,tethys,CLEAR,0.07,2012-05-20T03:24:20.739,Tethys,https://opus.pds-rings.seti.org/holdings/previews/COISS_2xxx/COISS_2074/data/1715959973_1716194018/N1716178574_1_full.png,90e7d7d1b95241a1bb637beeac7970fcaa77501d64bd2a5fbaf9bf43ef580c11,/Users/upadhyay/dev/ICES/object_detection_opencv_cpp/data/cassini/issna/tethys/images/co-iss-n1716178574.png,true,position_only
co-iss-n1466446097,cassini,issna,tethys,IR3,1.5,2004-06-20T17:44:06.681,Tethys,https://opus.pds-rings.seti.org/holdings/previews/COISS_2xxx/COISS_2004/data/1466219526_1466449420/N1466446097_1_full.png,f879edc168723d298f47b70cfc444bf292e875b67606a5ea6dbfc6315448a9ab,/Users/upadhyay/dev/ICES/object_detection_opencv_cpp/data/cassini/issna/tethys/images/co-iss-n1466446097.png,true,position_only
co-iss-n1466446203,cassini,issna,tethys,UV1,82,2004-06-20T17:44:32.189,Tethys,https://opus.pds-rings.seti.org/holdings/previews/COISS_2xxx/COISS_2004/data/1466219526_1466449420/N1466446203_1_full.png,e005b891dfcab882edc486f5737e724a81e36a64a7e301de3fba6122cc692af4,/Users/upadhyay/dev/ICES/object_detection_opencv_cpp/data/cassini/issna/tethys/images/co-iss-n1466446203.png,true,position_only
co-iss-n1466446261,cassini,issna,tethys,UV3+P0,22,2004-06-20T17:46:30.192,Tethys,https://opus.pds-rings.seti.org/holdings/previews/COISS_2xxx/COISS_2004/data/1466219526_1466449420/N1466446261_1_full.png,6ace2e024b2f0faad78eb0319fbd81d2e0963bd97df867777c13d08ece79c42f,/Users/upadhyay/dev/ICES/object_detection_opencv_cpp/data/cassini/issna/tethys/images/co-iss-n1466446261.png,true,position_only
co-iss-n1455286502,cassini,issna,mimas,CLEAR,0.12,2004-02-12T13:52:05.720,Mimas,https://opus.pds-rings.seti.org/holdings/previews/COISS_2xxx/COISS_2001/data/1455194345_1455427331/N1455286502_2_full.png,b77c354d012356121b39b2c3355a981c40bda76e0410572ff899027c17404002,/Users/upadhyay/dev/ICES/object_detection_opencv_cpp/data/cassini/issna/mimas/images/co-iss-n1455286502.png,true,position_only
co-iss-n1466585163,cassini,issna,mimas,BL1+GRN,68,2004-06-22T08:20:45.303,Mimas,https://opus.pds-rings.seti.org/holdings/previews/COISS_2xxx/COISS_2004/data/1466584989_1467427246/N1466585163_1_full.png,44c7e98496037f93179704ab8a1b5f02c45c75ab57f7bee40836468f614682cb,/Users/upadhyay/dev/ICES/object_detection_opencv_cpp/data/cassini/issna/mimas/images/co-iss-n1466585163.png,true,position_only
co-iss-n1501645889,cassini,issna,mimas,CLEAR,0.08,2005-08-02T03:23:32.399,Mimas,https://opus.pds-rings.seti.org/holdings/previews/COISS_2xxx/COISS_2014/data/1501618408_1501647096/N1501645889_1_full.png,59d308e6fb14bc08a37996a34d599bcaf2ab351183285d189c5f7f5e1aef875e,/Users/upadhyay/dev/ICES/object_detection_opencv_cpp/data/cassini/issna/mimas/images/co-iss-n1501645889.png,true,position_only
co-iss-n1501649294,cassini,issna,mimas,GRN+P120,0.82,2005-08-02T04:20:16.668,Mimas,https://opus.pds-rings.seti.org/holdings/previews/COISS_2xxx/COISS_2014/data/1501647166_1501724619/N1501649294_1_full.png,973021e06e56e9444d7b2b0c7037ceeaf2cf292d2fa95dbea6c796b28a0982bc,/Users/upadhyay/dev/ICES/object_detection_opencv_cpp/data/cassini/issna/mimas/images/co-iss-n1501649294.png,true,position_only
co-iss-n1521594623,cassini,issna,mimas,IR1,0.32,2006-03-21T00:40:17.843,Mimas,https://opus.pds-rings.seti.org/holdings/previews/COISS_2xxx/COISS_2021/data/1521584844_1521609901/N1521594623_1_full.png,0af5d01191bcda6c4f9ceba46d863b6a0d0fc0b78980b9f1697b9f36d86310df,/Users/upadhyay/dev/ICES/object_detection_opencv_cpp/data/cassini/issna/mimas/images/co-iss-n1521594623.png,true,position_only
co-iss-n1525363524,cassini,issna,mimas,IR3,26,2006-05-03T15:34:29.139,Mimas,https://opus.pds-rings.seti.org/holdings/previews/COISS_2xxx/COISS_2022/data/1525327124_1525363592/N1525363524_1_full.png,5c3a28b18bc17a4e0a4ab3c7a2383999d91b0c5ded5ae312d233f8e0bfdf5bba,/Users/upadhyay/dev/ICES/object_detection_opencv_cpp/data/cassini/issna/mimas/images/co-iss-n1525363524.png,true,position_only
co-iss-n1603528932,cassini,issna,mimas,MT2+P0,46,2008-10-24T08:02:17.451,Mimas,https://opus.pds-rings.seti.org/holdings/previews/COISS_2xxx/COISS_2049/data/1603527465_1603553855/N1603528932_1_full.png,26991838a7ba93d687766377a05f35ecd9d00239563380d13fce2fc1fc4fae57,/Users/upadhyay/dev/ICES/object_detection_opencv_cpp/data/cassini/issna/mimas/images/co-iss-n1603528932.png,true,position_only
co-iss-n1611427527,cassini,issna,mimas,MT2+P60,150,2009-01-23T18:02:51.341,Mimas,https://opus.pds-rings.seti.org/holdings/previews/COISS_2xxx/COISS_2052/data/1611411462_1611505405/N1611427527_1_full.png,c7609ef88c588a3a9b52be8a831be705af942812497abf0c7f517b5d2bad1e2c,/Users/upadhyay/dev/ICES/object_detection_opencv_cpp/data/cassini/issna/mimas/images/co-iss-n1611427527.png,true,position_only
co-iss-n1466584402,cassini,issna,mimas,GRN+P0,2.6,2004-06-22T08:09:09.653,Mimas,https://opus.pds-rings.seti.org/holdings/previews/COISS_2xxx/COISS_2004/data/1466513382_1466584970/N1466584402_1_full.png,82531d5958c3a8e654e038a1c27aaa9c03addee939a85f409653ad68d07e43bf,/Users/upadhyay/dev/ICES/object_detection_opencv_cpp/data/cassini/issna/mimas/images/co-iss-n1466584402.png,true,position_only
co-iss-n1466584428,cassini,issna,mimas,GRN+P60,2.6,2004-06-22T08:09:35.653,Mimas,https://opus.pds-rings.seti.org/holdings/previews/COISS_2xxx/COISS_2004/data/1466513382_1466584970/N1466584428_1_full.png,e6eca4b5bba1a13b6022a55b641297877f47e5f2588d8f29e3a859ca14045b6e,/Users/upadhyay/dev/ICES/object_detection_opencv_cpp/data/cassini/issna/mimas/images/co-iss-n1466584428.png,true,position_only
co-iss-n1466584454,cassini,issna,mimas,GRN+P120,2.6,2004-06-22T08:10:01.653,Mimas,https://opus.pds-rings.seti.org/holdings/previews/COISS_2xxx/COISS_2004/data/1466513382_1466584970/N1466584454_1_full.png,2dcc778822df330145d0f43e6cfdd5140d0af992cbe56d8abc79c07200cf0937,/Users/upadhyay/dev/ICES/object_detection_opencv_cpp/data/cassini/issna/mimas/images/co-iss-n1466584454.png,true,position_only
co-iss-n1455057961,cassini,issna,hyperion,CLEAR,0.18,2004-02-09T22:23:06.151,Hyperion,https://opus.pds-rings.seti.org/holdings/previews/COISS_2xxx/COISS_2001/data/1455008823_1455194311/N1455057961_2_full.png,55fd8ddc0ad5a4ad2721107155051f84a4073e72bc0119892d00de59ef878b27,/Users/upadhyay/dev/ICES/object_detection_opencv_cpp/data/cassini/issna/hyperion/images/co-iss-n1455057961.png,true,position_only
co-iss-n1466516967,cassini,issna,hyperion,IR2,12,2004-06-21T13:25:05.735,Hyperion,https://opus.pds-rings.seti.org/holdings/previews/COISS_2xxx/COISS_2004/data/1466513382_1466584970/N1466516967_1_full.png,5428b42c58442627579f8a29684b994b4700bbc8062b6fcdbd47389de569d67f,/Users/upadhyay/dev/ICES/object_detection_opencv_cpp/data/cassini/issna/hyperion/images/co-iss-n1466516967.png,true,position_only
co-iss-n1502952291,cassini,issna,hyperion,GRN,0.26,2005-08-17T06:16:45.880,Hyperion,https://opus.pds-rings.seti.org/holdings/previews/COISS_2xxx/COISS_2014/data/1502952225_1503031890/N1502952291_1_full.png,d7f50bd596c6242eaae50acc003d1e298f56a2eef30454c57cc49ea96770b224,/Users/upadhyay/dev/ICES/object_detection_opencv_cpp/data/cassini/issna/hyperion/images/co-iss-n1502952291.png,true,position_only
co-iss-n1505041644,cassini,issna,hyperion,CLEAR,0.18,2005-09-10T10:39:05.568,Hyperion,https://opus.pds-rings.seti.org/holdings/previews/COISS_2xxx/COISS_2015/data/1504742718_1505114328/N1505041644_1_full.png,929f4ea0123ad8233907be0770c5cbbe6b459d1040e66d7a5f34cf65de7d8552,/Users/upadhyay/dev/ICES/object_detection_opencv_cpp/data/cassini/issna/hyperion/images/co-iss-n1505041644.png,true,position_only
co-iss-n1526187281,cassini,issna,hyperion,CLEAR,0.18,2006-05-13T04:24:06.711,Hyperion,https://opus.pds-rings.seti.org/holdings/previews/COISS_2xxx/COISS_2023/data/1526111564_1526197965/N1526187281_2_full.png,fbce3f14e76d779baa9f880e39892d80ecb503accb820a1cd10203eb636f59f1,/Users/upadhyay/dev/ICES/object_detection_opencv_cpp/data/cassini/issna/hyperion/images/co-iss-n1526187281.png,true,position_only
co-iss-n1530162270,cassini,issna,hyperion,UV3+P60,18,2006-06-28T04:33:08.186,Hyperion,https://opus.pds-rings.seti.org/holdings/previews/COISS_2xxx/COISS_2023/data/1530158136_1530199809/N1530162270_1_full.png,7fb1cea4c40f06da1e6cbb3e4eed1c0b910be88c2be8263f46bc7306f648c1d1,/Users/upadhyay/dev/ICES/object_detection_opencv_cpp/data/cassini/issna/hyperion/images/co-iss-n1530162270.png,true,position_only
co-iss-n1669627479,cassini,issna,hyperion,UV1,120,2010-11-28T08:35:40.354,Hyperion,https://opus.pds-rings.seti.org/holdings/previews/COISS_2xxx/COISS_2066/data/1669626817_1669801210/N1669627479_8_full.png,12aae656ca4962200a76edab1f1cdd308b4ae0fe9abda12c26ec58abc6b8ce3c,/Users/upadhyay/dev/ICES/object_detection_opencv_cpp/data/cassini/issna/hyperion/images/co-iss-n1669627479.png,true,position_only
co-iss-n1669674669,cassini,issna,hyperion,UV3,2,2010-11-28T21:44:08.040,Hyperion,https://opus.pds-rings.seti.org/holdings/previews/COISS_2xxx/COISS_2066/data/1669626817_1669801210/N1669674669_1_full.png,979d01670ef1768805a776deef629251b403c521c0f13a3f8c43652d749f5fbc,/Users/upadhyay/dev/ICES/object_detection_opencv_cpp/data/cassini/issna/hyperion/images/co-iss-n1669674669.png,true,position_only
co-iss-n1466516678,cassini,issna,hyperion,GRN,2.6,2004-06-21T13:20:26.114,Hyperion,https://opus.pds-rings.seti.org/holdings/previews/COISS_2xxx/COISS_2004/data/1466513382_1466584970/N1466516678_4_full.png,2263c58750b17473e40eb8681b26b5f0506e360ae589edfc7be818d67e84e98a,/Users/upadhyay/dev/ICES/object_detection_opencv_cpp/data/cassini/issna/hyperion/images/co-iss-n1466516678.png,true,position_only
co-iss-n1466516712,cassini,issna,hyperion,GRN+P0,10,2004-06-21T13:20:52.718,Hyperion,https://opus.pds-rings.seti.org/holdings/previews/COISS_2xxx/COISS_2004/data/1466513382_1466584970/N1466516712_1_full.png,db5bc6dff4aa2d0c2167dc1759f0531dc152faa91dd9f578908f7fa54ff78050,/Users/upadhyay/dev/ICES/object_detection_opencv_cpp/data/cassini/issna/hyperion/images/co-iss-n1466516712.png,true,position_only
co-iss-n1466516746,cassini,issna,hyperion,GRN+P60,8.2,2004-06-21T13:21:28.517,Hyperion,https://opus.pds-rings.seti.org/holdings/previews/COISS_2xxx/COISS_2004/data/1466513382_1466584970/N1466516746_1_full.png,08742a6dc36f63ebdc3673a702d91cf70dd2f9b9a3417f772c5b38bb6089442b,/Users/upadhyay/dev/ICES/object_detection_opencv_cpp/data/cassini/issna/hyperion/images/co-iss-n1466516746.png,true,position_only
co-iss-n1643264664,cassini,issna,aegaeon,GRN,0.38,2010-01-27T05:40:31.844,Aegaeon,https://opus.pds-rings.seti.org/holdings/previews/COISS_2xxx/COISS_2060/data/1643188892_1643282464/N1643264664_1_full.png,549ea68badb6f0cf7da60197bfe62350f08265ba3c84bdefb7c31e6d801c392b,/Users/upadhyay/dev/ICES/object_detection_opencv_cpp/data/cassini/issna/aegaeon/images/co-iss-n1643264664.png,true,position_only
co-iss-n1577552416,cassini,issna,albiorix,IR2,82,2007-12-28T16:22:48.593,Albiorix,https://opus.pds-rings.seti.org/holdings/previews/COISS_2xxx/COISS_2040/data/1577451795_1577641583/N1577552416_1_full.png,a9df9b16cb1bff3fb154c8cf74e74044b5d4d0b9d7bec4e70575d1814a8c83b4,/Users/upadhyay/dev/ICES/object_detection_opencv_cpp/data/cassini/issna/albiorix/images/co-iss-n1577552416.png,true,false
co-iss-n1595481922,cassini,issna,anthe,CLEAR,0.68,2008-07-23T04:47:09.432,Anthe,https://opus.pds-rings.seti.org/holdings/previews/COISS_2xxx/COISS_2047/data/1595478550_1595518992/N1595481922_1_full.png,d3594df3fe605df23c173590172cf578397c78a2c6c6a46f129721d0b6a0b9a8,/Users/upadhyay/dev/ICES/object_detection_opencv_cpp/data/cassini/issna/anthe/images/co-iss-n1595481922.png,true,position_only
co-iss-n1496465440,cassini,issna,atlas,CLEAR,0.38,2005-06-03T04:23:16.215,Atlas,https://opus.pds-rings.seti.org/holdings/previews/COISS_2xxx/COISS_2012/data/1496372074_1496501763/N1496465440_1_full.png,cfb071d2858f6488906f421cd491f1e6933c20a825e66686a3cfeeb234c890d5,/Users/upadhyay/dev/ICES/object_detection_opencv_cpp/data/cassini/issna/atlas/images/co-iss-n1496465440.png,true,position_only
co-iss-n1648534641,cassini,issna,bebhionn,BL1,180,2010-03-29T05:29:51.727,Bebhionn,https://opus.pds-rings.seti.org/holdings/previews/COISS_2xxx/COISS_2061/data/1648397760_1648581524/N1648534641_1_full.png,8c1f14e7770412be7cbbb068616c2b418d315f932966c4c2639da2926c9d0928,/Users/upadhyay/dev/ICES/object_detection_opencv_cpp/data/cassini/issna/bebhionn/images/co-iss-n1648534641.png,true,false
co-iss-n1667135272,cassini,issna,bergelmir,CLEAR,220,2010-10-30T12:17:29.436,Bergelmir,https://opus.pds-rings.seti.org/holdings/previews/COISS_2xxx/COISS_2066/data/1667090208_1667151746/N1667135272_1_full.png,84a4029be3f4f2dc3fba37a9d63d3cba56bd6112337378c68fd9140e6fbc92ba,/Users/upadhyay/dev/ICES/object_detection_opencv_cpp/data/cassini/issna/bergelmir/images/co-iss-n1667135272.png,true,false
co-iss-n1558093019,cassini,issna,bestla,CLEAR,82,2007-05-17T11:01:39.990,Bestla,https://opus.pds-rings.seti.org/holdings/previews/COISS_2xxx/COISS_2032/data/1557923015_1558291986/N1558093019_1_full.png,fc3c54ecd0b6fb51372e5bc4257ce189dea4805394ac10c7e463767fd49e0197,/Users/upadhyay/dev/ICES/object_detection_opencv_cpp/data/cassini/issna/bestla/images/co-iss-n1558093019.png,true,false
co-iss-n1356766934,cassini,issna,callisto,UV1,22,2000-12-29T07:30:15.435,Callisto,https://opus.pds-rings.seti.org/holdings/previews/COISS_1xxx/COISS_1004/data/1356766598_1356776825/N1356766934_1_full.png,25e81257aa260590dfaeece93dc4fc86d0ebb5361c16666e9fcccd82fb2f533f,/Users/upadhyay/dev/ICES/object_detection_opencv_cpp/data/cassini/issna/callisto/images/co-iss-n1356766934.png,true,true
co-iss-n1506184270,cassini,issna,calypso,GRN+P60,0.46,2005-09-23T16:02:44.039,Calypso,https://opus.pds-rings.seti.org/holdings/previews/COISS_2xxx/COISS_2015/data/1506110127_1506288646/N1506184270_1_full.png,444992958e3dee780f2ded8da97624cee92ee27784b661b625ebc29f9d07ea5d,/Users/upadhyay/dev/ICES/object_detection_opencv_cpp/data/cassini/issna/calypso/images/co-iss-n1506184270.png,true,position_only
co-iss-n1521540943,cassini,issna,daphnis,CLEAR,0.09,2006-03-20T09:45:38.387,Daphnis,https://opus.pds-rings.seti.org/holdings/previews/COISS_2xxx/COISS_2021/data/1521526123_1521584811/N1521540943_1_full.png,300812b95c4ede7399d4a1cfc48e0540c1a62cbfcdfb9720049651a4c7aa7fde,/Users/upadhyay/dev/ICES/object_detection_opencv_cpp/data/cassini/issna/daphnis/images/co-iss-n1521540943.png,true,position_only
co-iss-n1490836799,cassini,issna,epimetheus,IR3,1.8,2005-03-30T00:53:09.770,Epimetheus,https://opus.pds-rings.seti.org/holdings/previews/COISS_2xxx/COISS_2010/data/1490681029_1490886704/N1490836799_1_full.png,dde1eaed45fb3ace1ac4d85a8f6329d45df2a492969a8100ae9567118d9f2a75,/Users/upadhyay/dev/ICES/object_detection_opencv_cpp/data/cassini/issna/epimetheus/images/co-iss-n1490836799.png,true,position_only
co-iss-n1574793340,cassini,issna,erriapus,IR1,82,2007-11-26T17:58:32.064,Erriapus,https://opus.pds-rings.seti.org/holdings/previews/COISS_2xxx/COISS_2039/data/1574712106_1575013798/N1574793340_1_full.png,274a5fc371e5d4ca75063e707e86f39b4c3595f6b21510b4a32a6e2ec73615ba,/Users/upadhyay/dev/ICES/object_detection_opencv_cpp/data/cassini/issna/erriapus/images/co-iss-n1574793340.png,true,false
co-iss-n1355381570,cassini,issna,europa,GRN+P0,0.005,2000-12-13T06:41:22.933,Europa,https://opus.pds-rings.seti.org/holdings/previews/COISS_1xxx/COISS_1004/data/1355363121_1355381570/N1355381570_1_full.png,c7c6f1aa893b080049291bacfe206fda518ca9c82510b99d3ce87a6cd32d73ea,/Users/upadhyay/dev/ICES/object_detection_opencv_cpp/data/cassini/issna/europa/images/co-iss-n1355381570.png,true,true
co-iss-n1559279573,cassini,issna,fornjot,BL1,82,2007-05-31T04:37:26.450,Fornjot,https://opus.pds-rings.seti.org/holdings/previews/COISS_2xxx/COISS_2032/data/1559211372_1559302672/N1559279573_1_full.png,f093d1d5721d98e3bf34e800941b111f1fca6a2acb877b4dd296b10c87266d35,/Users/upadhyay/dev/ICES/object_detection_opencv_cpp/data/cassini/issna/fornjot/images/co-iss-n1559279573.png,true,false
co-iss-n1356764810,cassini,issna,ganymede,UV1,6.8,2000-12-29T06:55:06.665,Ganymede,https://opus.pds-rings.seti.org/holdings/previews/COISS_1xxx/COISS_1004/data/1356758702_1356765306/N1356764810_1_full.png,c0da05f613422f411f810c96804daefacbaa078f5eb9fbcbc312f6a8930a9fdc,/Users/upadhyay/dev/ICES/object_detection_opencv_cpp/data/cassini/issna/ganymede/images/co-iss-n1356764810.png,true,true
co-iss-n1661584554,cassini,issna,greip,CLEAR,220,2010-08-27T06:26:11.249,Greip,https://opus.pds-rings.seti.org/holdings/previews/COISS_2xxx/COISS_2064/data/1661563857_1661594479/N1661584554_1_full.png,679754caadc3511e3807de06e52fa09ea2f35ada8d0e176f19abd5be99214180,/Users/upadhyay/dev/ICES/object_detection_opencv_cpp/data/cassini/issna/greip/images/co-iss-n1661584554.png,true,false
co-iss-n1559971098,cassini,issna,hati,IR2,82,2007-06-08T04:42:47.090,Hati,https://opus.pds-rings.seti.org/holdings/previews/COISS_2xxx/COISS_2032/data/1559931859_1560139498/N1559971098_1_full.png,980823a05fe82a781c9b16c3702cf2f658e76d39d56ef68bc22a8a866a0cdd28,/Users/upadhyay/dev/ICES/object_detection_opencv_cpp/data/cassini/issna/hati/images/co-iss-n1559971098.png,true,false
co-iss-n1563643679,cassini,issna,helene,CLEAR,0.06,2007-07-20T16:53:26.772,Helene,https://opus.pds-rings.seti.org/holdings/previews/COISS_2xxx/COISS_2034/data/1563633955_1563701709/N1563643679_1_full.png,90ac74e9f3cc5f0d052be1d05f75e8e41f4ec7a94447ae4c54395dc8cd1a2fe6,/Users/upadhyay/dev/ICES/object_detection_opencv_cpp/data/cassini/issna/helene/images/co-iss-n1563643679.png,true,position_only
co-iss-n1355863625,cassini,issna,himalia,GRN,0.12,2000-12-18T20:35:34.547,Himalia,https://opus.pds-rings.seti.org/holdings/previews/COISS_1xxx/COISS_1004/data/1355727016_1355896892/N1355863625_2_full.png,f6c0f6ba0381cd8a22c6608049d1e0edfff223d011340fdd7369a415426a0d01,/Users/upadhyay/dev/ICES/object_detection_opencv_cpp/data/cassini/issna/himalia/images/co-iss-n1355863625.png,true,true
co-iss-n1661529541,cassini,issna,hyrrokkin,CLEAR,100,2010-08-26T15:11:18.659,Hyrrokkin,https://opus.pds-rings.seti.org/holdings/previews/COISS_2xxx/COISS_2064/data/1660446226_1661536793/N1661529541_1_full.png,e420ba5beff12e8421bddcab65f83fd93c8412296b2ef57458383b166fd2cdae,/Users/upadhyay/dev/ICES/object_detection_opencv_cpp/data/cassini/issna/hyrrokkin/images/co-iss-n1661529541.png,true,false
co-iss-n1579032328,cassini,issna,ijiraq,CLEAR,82,2008-01-14T19:27:50.122,Ijiraq,https://opus.pds-rings.seti.org/holdings/previews/COISS_2xxx/COISS_2041/data/1579027946_1579170338/N1579032328_1_full.png,ad7fb995a2ddbd1bb17884e4432ad8c262ac422a93bee0c8b69c0375b750240f,/Users/upadhyay/dev/ICES/object_detection_opencv_cpp/data/cassini/issna/ijiraq/images/co-iss-n1579032328.png,true,false
co-iss-n1355702455,cassini,issna,io,GRN+RED,2,2000-12-16T23:49:23.732,Io,https://opus.pds-rings.seti.org/holdings/previews/COISS_1xxx/COISS_1004/data/1355692742_1355710382/N1355702455_1_full.png,3498cb3b425e6378d3c0012a8049902ac51908a3ace7f7c9d553e42ac5d4faf4,/Users/upadhyay/dev/ICES/object_detection_opencv_cpp/data/cassini/issna/io/images/co-iss-n1355702455.png,true,true
co-iss-n1488705012,cassini,issna,janus,CLEAR,0.68,2005-03-05T08:43:37.585,Janus,https://opus.pds-rings.seti.org/holdings/previews/COISS_2xxx/COISS_2010/data/1488638456_1488792254/N1488705012_1_full.png,d9efaeaa3148d2ef737079e090172306bf38ccb0a87b1d7f6a072b15318cbe79,/Users/upadhyay/dev/ICES/object_detection_opencv_cpp/data/cassini/issna/janus/images/co-iss-n1488705012.png,true,position_only
co-iss-n1709940783,cassini,issna,jarnsaxa,CLEAR,460,2012-03-08T22:34:09.348,Jarnsaxa,https://opus.pds-rings.seti.org/holdings/previews/COISS_2xxx/COISS_2072/data/1709858198_1709957102/N1709940783_1_full.png,231339ff4fcf0e35e00133fbf622aa6b430d5f5b594e0d84595652d5a94c8566,/Users/upadhyay/dev/ICES/object_detection_opencv_cpp/data/cassini/issna/jarnsaxa/images/co-iss-n1709940783.png,true,false
co-iss-n1667069466,cassini,issna,kari,CLEAR,220,2010-10-29T18:00:43.851,Kari,https://opus.pds-rings.seti.org/holdings/previews/COISS_2xxx/COISS_2066/data/1666492816_1667089944/N1667069466_1_full.png,3e13006d14b9d1d1bb9a54288d8a8fd76244d57697ca1474e36c55d3420f4e2b,/Users/upadhyay/dev/ICES/object_detection_opencv_cpp/data/cassini/issna/kari/images/co-iss-n1667069466.png,true,false
co-iss-n1561407794,cassini,issna,kiviuq,CLEAR,82,2007-06-24T19:47:33.981,Kiviuq,https://opus.pds-rings.seti.org/holdings/previews/COISS_2xxx/COISS_2033/data/1561368924_1561481621/N1561407794_1_full.png,5fc5414428e9886eba663ac6577dad270f2cd653360af5b898d2f570c2e265bb,/Users/upadhyay/dev/ICES/object_detection_opencv_cpp/data/cassini/issna/kiviuq/images/co-iss-n1561407794.png,true,false
co-iss-n1697873490,cassini,issna,loge,CLEAR,460,2011-10-21T06:33:52.782,Loge,https://opus.pds-rings.seti.org/holdings/previews/COISS_2xxx/COISS_2071/data/1697829504_1697961728/N1697873490_1_full.png,8a917c601b7388e9c991048ae9ffcce771b7d538801d52f0b04fbaa80ab7e979,/Users/upadhyay/dev/ICES/object_detection_opencv_cpp/data/cassini/issna/loge/images/co-iss-n1697873490.png,true,false
co-iss-n1591762166,cassini,issna,methone,CLEAR,0.68,2008-06-10T03:31:39.605,Methone,https://opus.pds-rings.seti.org/holdings/previews/COISS_2xxx/COISS_2045/data/1591692527_1591765706/N1591762166_1_full.png,debebb92adf2aff07b7b447da924b5b69f318da6f804429cedb277a5750aa442,/Users/upadhyay/dev/ICES/object_detection_opencv_cpp/data/cassini/issna/methone/images/co-iss-n1591762166.png,true,position_only
co-iss-n1313633936,cassini,issna,moon,CLEAR,0.005,1999-08-18T02:12:08.873,Moon,https://opus.pds-rings.seti.org/holdings/previews/COISS_1xxx/COISS_1001/data/1313633670_1327290527/N1313633936_1_full.png,75163dac49a580619a784333ef0ada0e84afdfbe4c063e0fd3bf9f37a079808b,/Users/upadhyay/dev/ICES/object_detection_opencv_cpp/data/cassini/issna/moon/images/co-iss-n1313633936.png,true,true
co-iss-n1557226920,cassini,issna,mundilfari,CLEAR,82,2007-05-07T10:26:46.455,Mundilfari,https://opus.pds-rings.seti.org/holdings/previews/COISS_2xxx/COISS_2031/data/1557164967_1557237088/N1557226920_1_full.png,dc96db2ee804e6e36351311c96475effc105a93f73b791df76c7425d7059be18,/Users/upadhyay/dev/ICES/object_detection_opencv_cpp/data/cassini/issna/mundilfari/images/co-iss-n1557226920.png,true,false
co-iss-n1743021964,cassini,issna,narvi,CLEAR,460,2013-03-26T19:43:39.379,Narvi,https://opus.pds-rings.seti.org/holdings/previews/COISS_2xxx/COISS_2081/data/1742505792_1743037624/N1743021964_1_full.png,e8b0b499daaca6cc44202d2732d046f64c0f6e2a29c9e4bbaeebf6e4bfaf8544,/Users/upadhyay/dev/ICES/object_detection_opencv_cpp/data/cassini/issna/narvi/images/co-iss-n1743021964.png,true,false
co-iss-n1559770176,cassini,issna,paaliaq,GRN,82,2007-06-05T20:54:06.343,Paaliaq,https://opus.pds-rings.seti.org/holdings/previews/COISS_2xxx/COISS_2032/data/1559710457_1559931672/N1559770176_1_full.png,d2c9ee21ea75a00b2b49bb93c3a279dcb947668498fd68678d973760a11c4bf3,/Users/upadhyay/dev/ICES/object_detection_opencv_cpp/data/cassini/issna/paaliaq/images/co-iss-n1559770176.png,true,false
co-iss-n1514137969,cassini,issna,pallene,CLEAR,0.18,2005-12-24T17:23:32.432,Pallene,https://opus.pds-rings.seti.org/holdings/previews/COISS_2xxx/COISS_2017/data/1514080471_1514218017/N1514137969_1_full.png,510707c347da5365d3fbf1e642167de079e26aba73f21fe441950daf9ac3fca7,/Users/upadhyay/dev/ICES/object_detection_opencv_cpp/data/cassini/issna/pallene/images/co-iss-n1514137969.png,true,position_only
co-iss-n1496871927,cassini,issna,pan,RED,0.46,2005-06-07T21:18:00.545,Pan,https://opus.pds-rings.seti.org/holdings/previews/COISS_2xxx/COISS_2012/data/1496756061_1496877117/N1496871927_1_full.png,4d87339b919c8cc127fba12e48aa49bd9aaf18d17745d4015d83b26e988e9225,/Users/upadhyay/dev/ICES/object_detection_opencv_cpp/data/cassini/issna/pan/images/co-iss-n1496871927.png,true,position_only
co-iss-n1465676924,cassini,issna,phoebe,CLEAR,1,2004-06-11T20:04:39.152,Phoebe,https://opus.pds-rings.seti.org/holdings/previews/COISS_2xxx/COISS_2004/data/1465674475_1465709620/N1465676924_2_full.png,57448c6fa11861f8119d45a0498749d125bbb60415d2eec59a5c6edcbab729aa,/Users/upadhyay/dev/ICES/object_detection_opencv_cpp/data/cassini/issna/phoebe/images/co-iss-n1465676924.png,true,position_only
co-iss-n1583063333,cassini,issna,pluto,RED,120,2008-03-01T11:10:08.676,Pluto,https://opus.pds-rings.seti.org/holdings/previews/COISS_2xxx/COISS_2042/data/1582983649_1583154899/N1583063333_2_full.png,d4f9781f79ce2e8071416640d459542aa2291ee51181d946ac710dc07fd76852,/Users/upadhyay/dev/ICES/object_detection_opencv_cpp/data/cassini/issna/pluto/images/co-iss-n1583063333.png,true,position_only
co-iss-n1514138659,cassini,issna,polydeuces,CLEAR,0.18,2005-12-24T17:35:02.427,Polydeuces,https://opus.pds-rings.seti.org/holdings/previews/COISS_2xxx/COISS_2017/data/1514080471_1514218017/N1514138659_1_full.png,8c203bd5bc2160f0fa7430d1e6bf509de028cf3d7fb9a7bca482294c841b5950,/Users/upadhyay/dev/ICES/object_detection_opencv_cpp/data/cassini/issna/polydeuces/images/co-iss-n1514138659.png,true,position_only
co-iss-n1493358991,cassini,issna,prometheus,CLEAR,0.68,2005-04-28T05:29:26.758,Prometheus,https://opus.pds-rings.seti.org/holdings/previews/COISS_2xxx/COISS_2011/data/1493200888_1493367864/N1493358991_1_full.png,587bfc97d07fa5f5eea47434d67d4ad6995db2ed769cfb4359869d36dd0e4b5e,/Users/upadhyay/dev/ICES/object_detection_opencv_cpp/data/cassini/issna/prometheus/images/co-iss-n1493358991.png,true,position_only
co-iss-n1684085779,cassini,issna,s_2004_s_12,CLEAR,220,2011-05-14T16:44:09.039,S/2004 S 12,https://opus.pds-rings.seti.org/holdings/previews/COISS_2xxx/COISS_2068/data/1684083403_1684178967/N1684085779_1_full.png,984fc7643fbd1c8a22266b5474bc9641ad1e2b19ceb9175fa2b90369fa94042c,/Users/upadhyay/dev/ICES/object_detection_opencv_cpp/data/cassini/issna/s_2004_s_12/images/co-iss-n1684085779.png,true,false
co-iss-n1556423562,cassini,issna,saturn_rings,CLEAR,0.46,2007-04-28T03:18:55.074,Saturn Rings,https://opus.pds-rings.seti.org/holdings/previews/COISS_2xxx/COISS_2031/data/1556359540_1556455062/N1556423562_1_full.png,7460130006a1e2e77433dfa866c8a250a5c3d4d0a968fb2853f3683cd6e35671,/Users/upadhyay/dev/ICES/object_detection_opencv_cpp/data/cassini/issna/saturn_rings/images/co-iss-n1556423562.png,true,position_only
co-iss-n1559471166,cassini,issna,siarnaq,UV3,82,2007-06-02T09:50:38.271,Siarnaq,https://opus.pds-rings.seti.org/holdings/previews/COISS_2xxx/COISS_2032/data/1559376320_1559509724/N1559471166_1_full.png,60cc4b0487c7f22c4bab0d7ead9120257adaf87513b5ceeaf113d9565557e4a3,/Users/upadhyay/dev/ICES/object_detection_opencv_cpp/data/cassini/issna/siarnaq/images/co-iss-n1559471166.png,true,false
co-iss-n1557224780,cassini,issna,skathi,UV3,82,2007-05-07T09:51:06.480,Skathi,https://opus.pds-rings.seti.org/holdings/previews/COISS_2xxx/COISS_2031/data/1557164967_1557237088/N1557224780_1_full.png,3c8bef41294a5900db9d3352c2dde6a874f2ef8f10c72e424c853a51b5acae70,/Users/upadhyay/dev/ICES/object_detection_opencv_cpp/data/cassini/issna/skathi/images/co-iss-n1557224780.png,true,false
co-iss-n1644268938,cassini,issna,skoll,CLEAR,180,2010-02-07T20:35:19.046,Skoll,https://opus.pds-rings.seti.org/holdings/previews/COISS_2xxx/COISS_2060/data/1643965551_1644273190/N1644268938_1_full.png,6e5881cffe842280af2daf8a8ba4d4adb21b88153682d53fad3ee5be2e163547,/Users/upadhyay/dev/ICES/object_detection_opencv_cpp/data/cassini/issna/skoll/images/co-iss-n1644268938.png,true,false
co-iss-n1734879142,cassini,issna,surtur,CLEAR,460,2012-12-22T13:50:49.053,Surtur,https://opus.pds-rings.seti.org/holdings/previews/COISS_2xxx/COISS_2079/data/1734646304_1734911368/N1734879142_1_full.png,5a42b5dd7b8a94be9f287b3f4e0e38f08ede30400601230bc26dfac7c9125695,/Users/upadhyay/dev/ICES/object_detection_opencv_cpp/data/cassini/issna/surtur/images/co-iss-n1734879142.png,true,false
co-iss-n1683976254,cassini,issna,suttungr,CLEAR,220,2011-05-13T10:18:44.715,Suttungr,https://opus.pds-rings.seti.org/holdings/previews/COISS_2xxx/COISS_2068/data/1683934406_1684008198/N1683976254_1_full.png,0845d6520cdd2e5e1ecd652e6feda24c7513de37de57395b5d60a35ffde37ff3,/Users/upadhyay/dev/ICES/object_detection_opencv_cpp/data/cassini/issna/suttungr/images/co-iss-n1683976254.png,true,false
co-iss-n1691771867,cassini,issna,tarqeq,CLEAR,460,2011-08-11T15:40:48.400,Tarqeq,https://opus.pds-rings.seti.org/holdings/previews/COISS_2xxx/COISS_2069/data/1691726338_1691810867/N1691771867_1_full.png,b05b30b12b8cb2c27df528cf6287be8d98fe648afd5a911332cb3464e2ee1fa4,/Users/upadhyay/dev/ICES/object_detection_opencv_cpp/data/cassini/issna/tarqeq/images/co-iss-n1691771867.png,true,false
co-iss-n1645839360,cassini,issna,tarvos,IR1,180,2010-02-26T00:48:49.890,Tarvos,https://opus.pds-rings.seti.org/holdings/previews/COISS_2xxx/COISS_2060/data/1645609860_1645839466/N1645839360_1_full.png,7471f723158345a059eeffaa232a36f7883f33f521c439ac44e453b3625a625d,/Users/upadhyay/dev/ICES/object_detection_opencv_cpp/data/cassini/issna/tarvos/images/co-iss-n1645839360.png,true,false
co-iss-n1493971439,cassini,issna,telesto,CLEAR,0.18,2005-05-05T07:36:51.333,Telesto,https://opus.pds-rings.seti.org/holdings/previews/COISS_2xxx/COISS_2012/data/1493966900_1495087448/N1493971439_1_full.png,671fa3d1c5c6a9f647a61b3fc37a27452a323cb694bbe9e4443e21f018a92369,/Users/upadhyay/dev/ICES/object_detection_opencv_cpp/data/cassini/issna/telesto/images/co-iss-n1493971439.png,true,position_only
co-iss-n1617663866,cassini,issna,thrymr,BL1,180,2009-04-05T22:20:35.971,Thrymr,https://opus.pds-rings.seti.org/holdings/previews/COISS_2xxx/COISS_2054/data/1617661596_1617917758/N1617663866_1_full.png,1852615c1058f28fa818611e4e3e70e262c703d925ee35cc631c584da48c20f8,/Users/upadhyay/dev/ICES/object_detection_opencv_cpp/data/cassini/issna/thrymr/images/co-iss-n1617663866.png,true,false
co-iss-n1364541486,cassini,issna,unknown,CB3,0.005,2001-03-29T07:05:35.597,Unknown,https://opus.pds-rings.seti.org/holdings/previews/COISS_1xxx/COISS_1007/data/1364406506_1364543976/N1364541486_2_full.png,90112136ee1e4843ba001f8254a7aba4d8f0c73f0fd325862fd5690a05ba85b4,/Users/upadhyay/dev/ICES/object_detection_opencv_cpp/data/cassini/issna/unknown/images/co-iss-n1364541486.png,true,false
co-iss-n1308947376,cassini,issna,venus,BL1,0.01,1999-06-24T20:23:19.602,Venus,https://opus.pds-rings.seti.org/holdings/previews/COISS_1xxx/COISS_1001/data/1295221411_1313633653/N1308947376_1_full.png,6debc914d42982241c19dca88bf4149e9c31656817364cfe074678740d03f40d,/Users/upadhyay/dev/ICES/object_detection_opencv_cpp/data/cassini/issna/venus/images/co-iss-n1308947376.png,true,true
co-iss-n1574853907,cassini,issna,ymir,GRN,82,2007-11-27T10:47:58.644,Ymir,https://opus.pds-rings.seti.org/holdings/previews/COISS_2xxx/COISS_2039/data/1574712106_1575013798/N1574853907_1_full.png,d642e67a35c557e73216fec26decfbf39f48ff4ef59cc05ec1024efe1acba1f7,/Users/upadhyay/dev/ICES/object_detection_opencv_cpp/data/cassini/issna/ymir/images/co-iss-n1574853907.png,true,false
co-iss-n1347929499,cassini,issna,unknown,MT2,2.6,2000-09-18T00:41:00.926,Alp PsA (Fomalhaut),https://opus.pds-rings.seti.org/holdings/previews/COISS_1xxx/COISS_1001/data/1339271046_1347931867/N1347929499_3_full.png,7d895dc7a77ef555791492a602fb09a9a613be5b4b98c461ea5452f4b9d09c06,/Users/upadhyay/dev/ICES/object_detection_opencv_cpp/data/cassini/issna/unknown/images/co-iss-n1347929499.png,true,false
co-iss-n1295224948,cassini,issna,unknown,IR4,0.82,1999-01-17T00:37:42.282,Alp Vir (Spica),https://opus.pds-rings.seti.org/holdings/previews/COISS_1xxx/COISS_1001/data/1295221411_1313633653/N1295224948_1_full.png,02d2246827f2000be8243e71f0b32aa8f8650b6bf5efdc9001d372191ca92917,/Users/upadhyay/dev/ICES/object_detection_opencv_cpp/data/cassini/issna/unknown/images/co-iss-n1295224948.png,true,false
co-iss-n1787579689,cassini,issna,unknown,RED,100,2014-08-24T12:55:21.138,Dark,https://opus.pds-rings.seti.org/holdings/previews/COISS_2xxx/COISS_2091/data/1787427644_1787677916/N1787579689_1_full.png,150eb0867d73b8690986b190ca8230c7bf05b6f8e12c5e5870c79bce07cd8dba,/Users/upadhyay/dev/ICES/object_detection_opencv_cpp/data/cassini/issna/unknown/images/co-iss-n1787579689.png,true,false
co-iss-n1357536640,cassini,issna,unknown,UV2,2,2001-01-07T05:18:56.061,Dark Sky,https://opus.pds-rings.seti.org/holdings/previews/COISS_1xxx/COISS_1004/data/1357456832_1357539422/N1357536640_1_full.png,354735874fdf2b6e8b8f3a547bc076c31c56892aa85f72846e8a853b9a25a067,/Users/upadhyay/dev/ICES/object_detection_opencv_cpp/data/cassini/issna/unknown/images/co-iss-n1357536640.png,true,false
co-iss-n1327288659,cassini,issna,unknown,GRN+P0,3.2,2000-01-23T03:09:21.666,Masursky,https://opus.pds-rings.seti.org/holdings/previews/COISS_1xxx/COISS_1001/data/1313633670_1327290527/N1327288659_1_full.png,235bdbbd17b48454d0f3435178decc37b0ace984c869065dfa856011ff0a9508,/Users/upadhyay/dev/ICES/object_detection_opencv_cpp/data/cassini/issna/unknown/images/co-iss-n1327288659.png,true,false
co-iss-n1294639770,cassini,issna,unknown,CLEAR,0.32,1999-01-10T06:04:48.165,Sky,https://opus.pds-rings.seti.org/holdings/previews/COISS_1xxx/COISS_1001/data/1294561143_1295221348/N1294639770_1_full.png,e38436894b37789c78c9091bac107224ef7c915b09df33cd45c257236c4843ad,/Users/upadhyay/dev/ICES/object_detection_opencv_cpp/data/cassini/issna/unknown/images/co-iss-n1294639770.png,true,false
co-iss-n1521881718,cassini,issna,unknown,CLEAR,1,2006-03-24T08:25:10.322,Star,https://opus.pds-rings.seti.org/holdings/previews/COISS_2xxx/COISS_2021/data/1521798868_1521893025/N1521881718_2_full.png,0a2399688ced5c60449562d194007a4eaaefc390010c9d70998f597db743c3a2,/Users/upadhyay/dev/ICES/object_detection_opencv_cpp/data/cassini/issna/unknown/images/co-iss-n1521881718.png,true,false
co-iss-n1405398789,cassini,issna,unknown,IR1,38,2002-07-15T04:15:13.003,Sun,https://opus.pds-rings.seti.org/holdings/previews/COISS_1xxx/COISS_1008/data/1405160033_1405415729/N1405398789_1_full.png,cf42771ca186948a0ed2a8981b90d5dc90d1934c7e5586545140dfae4c789752,/Users/upadhyay/dev/ICES/object_detection_opencv_cpp/data/cassini/issna/unknown/images/co-iss-n1405398789.png,true,false
co-iss-n1294562651,cassini,issna,unknown,CLEAR,0.03,1999-01-09T08:39:29.638,None,https://opus.pds-rings.seti.org/holdings/previews/COISS_1xxx/COISS_1001/data/1294561143_1295221348/N1294562651_1_full.png,a7daec6bc51cee694c221909728486e738029af5be8d4aaf7f1c6d7f42a15b8f,/Users/upadhyay/dev/ICES/object_detection_opencv_cpp/data/cassini/issna/unknown/images/co-iss-n1294562651.png,true,false
